shop_id,customer_id,transaction_id,amount,date
SHOP_001,C0255,T00001,434.0,2025-07-07
SHOP_001,C0768,T00002,801.0,2025-07-07
SHOP_001,C0809,T00003,717.0,2025-07-07
SHOP_001,C0034,T00004,850.0,2025-07-07
SHOP_001,C0135,T00005,327.0,2025-07-07
SHOP_001,C0150,T00006,422.0,2025-07-07
SHOP_001,C0087,T00007,454.0,2025-07-07
SHOP_001,C0427,T00008,1434.0,2025-07-07
SHOP_001,C0764,T00009,433.0,2025-07-07
SHOP_001,C0236,T00010,1309.0,2025-07-07
SHOP_001,C0891,T00011,289.0,2025-07-07
SHOP_001,C0793,T00012,238.0,2025-07-07
SHOP_001,C0164,T00013,833.0,2025-07-07
SHOP_001,C0716,T00014,421.0,2025-07-07
SHOP_001,C0228,T00015,689.0,2025-07-07
SHOP_001,C0319,T00016,342.0,2025-07-07
SHOP_001,C0506,T00017,311.0,2025-07-07
SHOP_001,C0924,T00018,515.0,2025-07-07
SHOP_001,C0967,T00019,326.0,2025-07-07
SHOP_001,C0671,T00020,982.0,2025-07-07
SHOP_001,C0446,T00021,419.0,2025-07-07
SHOP_001,C0819,T00022,527.0,2025-07-07
SHOP_001,C0469,T00023,379.0,2025-07-08
SHOP_001,C0588,T00024,422.0,2025-07-08
SHOP_001,C0344,T00025,523.0,2025-07-08
SHOP_001,C0478,T00026,770.0,2025-07-08
SHOP_001,C0247,T00027,958.0,2025-07-08
SHOP_001,C0506,T00028,233.0,2025-07-08
SHOP_001,C0160,T00029,597.0,2025-07-08
SHOP_001,C0066,T00030,440.0,2025-07-08
SHOP_001,C0534,T00031,256.0,2025-07-08
SHOP_001,C0850,T00032,689.0,2025-07-08
SHOP_001,C0011,T00033,335.0,2025-07-08
SHOP_001,C0900,T00034,468.0,2025-07-08
SHOP_001,C0976,T00035,528.0,2025-07-08
SHOP_001,C0493,T00036,447.0,2025-07-08
SHOP_001,C0862,T00037,428.0,2025-07-08
SHOP_001,C0088,T00038,817.0,2025-07-08
SHOP_001,C0333,T00039,851.0,2025-07-08
SHOP_001,C0088,T00040,632.0,2025-07-08
SHOP_001,C0622,T00041,1000.0,2025-07-08
SHOP_001,C0139,T00042,408.0,2025-07-08
SHOP_001,C0448,T00043,439.0,2025-07-08
SHOP_001,C0864,T00044,378.0,2025-07-08
SHOP_001,C0346,T00045,826.0,2025-07-08
SHOP_001,C0217,T00046,620.0,2025-07-08
SHOP_001,C0372,T00047,338.0,2025-07-08
SHOP_001,C0332,T00048,200.0,2025-07-08
SHOP_001,C0908,T00049,374.0,2025-07-09
SHOP_001,C0387,T00050,1114.0,2025-07-09
SHOP_001,C0625,T00051,981.0,2025-07-09
SHOP_001,C0570,T00052,901.0,2025-07-09
SHOP_001,C0212,T00053,572.0,2025-07-09
SHOP_001,C0456,T00054,264.0,2025-07-09
SHOP_001,C0457,T00055,675.0,2025-07-09
SHOP_001,C0063,T00056,376.0,2025-07-09
SHOP_001,C0897,T00057,619.0,2025-07-09
SHOP_001,C0862,T00058,516.0,2025-07-09
SHOP_001,C0019,T00059,512.0,2025-07-09
SHOP_001,C0396,T00060,242.0,2025-07-09
SHOP_001,C0367,T00061,624.0,2025-07-09
SHOP_001,C0080,T00062,765.0,2025-07-09
SHOP_001,C0201,T00063,539.0,2025-07-09
SHOP_001,C0943,T00064,402.0,2025-07-09
SHOP_001,C0525,T00065,341.0,2025-07-09
SHOP_001,C0557,T00066,461.0,2025-07-09
SHOP_001,C0197,T00067,418.0,2025-07-09
SHOP_001,C0180,T00068,507.0,2025-07-09
SHOP_001,C0808,T00069,485.0,2025-07-09
SHOP_001,C0288,T00070,843.0,2025-07-09
SHOP_001,C0198,T00071,408.0,2025-07-09
SHOP_001,C0467,T00072,411.0,2025-07-09
SHOP_001,C0451,T00073,307.0,2025-07-09
SHOP_001,C0530,T00074,486.0,2025-07-09
SHOP_001,C0943,T00075,474.0,2025-07-10
SHOP_001,C0593,T00076,673.0,2025-07-10
SHOP_001,C0968,T00077,677.0,2025-07-10
SHOP_001,C0197,T00078,597.0,2025-07-10
SHOP_001,C0162,T00079,374.0,2025-07-10
SHOP_001,C0966,T00080,461.0,2025-07-10
SHOP_001,C0927,T00081,660.0,2025-07-10
SHOP_001,C0647,T00082,365.0,2025-07-10
SHOP_001,C0652,T00083,948.0,2025-07-10
SHOP_001,C0548,T00084,916.0,2025-07-10
SHOP_001,C0809,T00085,813.0,2025-07-10
SHOP_001,C0022,T00086,396.0,2025-07-10
SHOP_001,C0273,T00087,586.0,2025-07-10
SHOP_001,C0779,T00088,370.0,2025-07-10
SHOP_001,C0621,T00089,341.0,2025-07-10
SHOP_001,C0396,T00090,358.0,2025-07-10
SHOP_001,C0777,T00091,549.0,2025-07-11
SHOP_001,C0064,T00092,406.0,2025-07-11
SHOP_001,C0815,T00093,850.0,2025-07-11
SHOP_001,C0685,T00094,269.0,2025-07-11
SHOP_001,C0848,T00095,517.0,2025-07-11
SHOP_001,C0900,T00096,881.0,2025-07-11
SHOP_001,C0891,T00097,653.0,2025-07-11
SHOP_001,C0459,T00098,579.0,2025-07-11
SHOP_001,C0129,T00099,364.0,2025-07-11
SHOP_001,C0838,T00100,604.0,2025-07-11
SHOP_001,C0736,T00101,635.0,2025-07-11
SHOP_001,C0571,T00102,400.0,2025-07-11
SHOP_001,C0755,T00103,736.0,2025-07-11
SHOP_001,C0234,T00104,383.0,2025-07-11
SHOP_001,C0242,T00105,712.0,2025-07-11
SHOP_001,C0686,T00106,535.0,2025-07-11
SHOP_001,C0027,T00107,454.0,2025-07-11
SHOP_001,C0140,T00108,489.0,2025-07-11
SHOP_001,C0386,T00109,568.0,2025-07-11
SHOP_001,C0609,T00110,706.0,2025-07-11
SHOP_001,C0258,T00111,601.0,2025-07-11
SHOP_001,C0724,T00112,419.0,2025-07-11
SHOP_001,C0960,T00113,782.0,2025-07-11
SHOP_001,C0180,T00114,800.0,2025-07-11
SHOP_001,C0216,T00115,472.0,2025-07-11
SHOP_001,C0202,T00116,639.0,2025-07-11
SHOP_001,C0263,T00117,479.0,2025-07-12
SHOP_001,C0961,T00118,679.0,2025-07-12
SHOP_001,C0177,T00119,336.0,2025-07-12
SHOP_001,C0226,T00120,675.0,2025-07-12
SHOP_001,C0974,T00121,1302.0,2025-07-12
SHOP_001,C0490,T00122,529.0,2025-07-12
SHOP_001,C0891,T00123,491.0,2025-07-12
SHOP_001,C0352,T00124,810.0,2025-07-12
SHOP_001,C0177,T00125,485.0,2025-07-12
SHOP_001,C0152,T00126,746.0,2025-07-12
SHOP_001,C0421,T00127,453.0,2025-07-12
SHOP_001,C0625,T00128,308.0,2025-07-12
SHOP_001,C0985,T00129,479.0,2025-07-12
SHOP_001,C0208,T00130,557.0,2025-07-12
SHOP_001,C0848,T00131,473.0,2025-07-12
SHOP_001,C0805,T00132,396.0,2025-07-12
SHOP_001,C0188,T00133,876.0,2025-07-12
SHOP_001,C0781,T00134,514.0,2025-07-12
SHOP_001,C0768,T00135,1041.0,2025-07-12
SHOP_001,C0456,T00136,216.0,2025-07-12
SHOP_001,C0771,T00137,649.0,2025-07-12
SHOP_001,C0469,T00138,457.0,2025-07-12
SHOP_001,C0584,T00139,545.0,2025-07-12
SHOP_001,C0703,T00140,463.0,2025-07-12
SHOP_001,C0524,T00141,481.0,2025-07-12
SHOP_001,C0805,T00142,443.0,2025-07-12
SHOP_001,C0711,T00143,413.0,2025-07-12
SHOP_001,C0236,T00144,521.0,2025-07-12
SHOP_001,C0539,T00145,398.0,2025-07-12
SHOP_001,C0524,T00146,426.0,2025-07-12
SHOP_001,C0805,T00147,700.0,2025-07-12
SHOP_001,C0539,T00148,367.0,2025-07-12
SHOP_001,C0242,T00149,740.0,2025-07-12
SHOP_001,C0247,T00150,631.0,2025-07-12
SHOP_001,C0875,T00151,420.0,2025-07-13
SHOP_001,C0862,T00152,523.0,2025-07-13
SHOP_001,C0843,T00153,553.0,2025-07-13
SHOP_001,C0420,T00154,551.0,2025-07-13
SHOP_001,C0406,T00155,584.0,2025-07-13
SHOP_001,C0295,T00156,349.0,2025-07-13
SHOP_001,C0273,T00157,624.0,2025-07-13
SHOP_001,C0352,T00158,535.0,2025-07-13
SHOP_001,C0896,T00159,255.0,2025-07-13
SHOP_001,C0325,T00160,388.0,2025-07-13
SHOP_001,C0427,T00161,446.0,2025-07-13
SHOP_001,C0181,T00162,910.0,2025-07-13
SHOP_001,C0144,T00163,680.0,2025-07-13
SHOP_001,C0583,T00164,261.0,2025-07-13
SHOP_001,C0777,T00165,794.0,2025-07-13
SHOP_001,C0647,T00166,781.0,2025-07-13
SHOP_001,C0814,T00167,617.0,2025-07-13
SHOP_001,C0854,T00168,503.0,2025-07-13
SHOP_001,C0609,T00169,620.0,2025-07-13
SHOP_001,C0091,T00170,474.0,2025-07-13
SHOP_001,C0153,T00171,622.0,2025-07-13
SHOP_001,C0456,T00172,506.0,2025-07-13
SHOP_001,C0682,T00173,909.0,2025-07-13
SHOP_001,C0807,T00174,322.0,2025-07-13
SHOP_001,C0503,T00175,258.0,2025-07-13
SHOP_001,C0062,T00176,531.0,2025-07-13
SHOP_001,C0618,T00177,678.0,2025-07-14
SHOP_001,C0014,T00178,1300.0,2025-07-14
SHOP_001,C0224,T00179,528.0,2025-07-14
SHOP_001,C0373,T00180,462.0,2025-07-14
SHOP_001,C0944,T00181,422.0,2025-07-14
SHOP_001,C0263,T00182,526.0,2025-07-14
SHOP_001,C0671,T00183,802.0,2025-07-14
SHOP_001,C0642,T00184,351.0,2025-07-14
SHOP_001,C0967,T00185,641.0,2025-07-14
SHOP_001,C0183,T00186,536.0,2025-07-14
SHOP_001,C0419,T00187,354.0,2025-07-14
SHOP_001,C0693,T00188,829.0,2025-07-14
SHOP_001,C0539,T00189,668.0,2025-07-14
SHOP_001,C0495,T00190,528.0,2025-07-14
SHOP_001,C0123,T00191,327.0,2025-07-14
SHOP_001,C0826,T00192,302.0,2025-07-14
SHOP_001,C0854,T00193,432.0,2025-07-14
SHOP_001,C0031,T00194,280.0,2025-07-14
SHOP_001,C0658,T00195,992.0,2025-07-14
SHOP_001,C0714,T00196,381.0,2025-07-14
SHOP_001,C0174,T00197,770.0,2025-07-14
SHOP_001,C0015,T00198,394.0,2025-07-14
SHOP_001,C0734,T00199,360.0,2025-07-15
SHOP_001,C0042,T00200,298.0,2025-07-15
SHOP_001,C0745,T00201,366.0,2025-07-15
SHOP_001,C0768,T00202,1029.0,2025-07-15
SHOP_001,C0139,T00203,262.0,2025-07-15
SHOP_001,C0498,T00204,626.0,2025-07-15
SHOP_001,C0460,T00205,341.0,2025-07-15
SHOP_001,C0019,T00206,613.0,2025-07-15
SHOP_001,C0738,T00207,527.0,2025-07-15
SHOP_001,C0744,T00208,944.0,2025-07-15
SHOP_001,C0446,T00209,479.0,2025-07-15
SHOP_001,C0426,T00210,324.0,2025-07-15
SHOP_001,C0865,T00211,552.0,2025-07-15
SHOP_001,C0805,T00212,430.0,2025-07-15
SHOP_001,C0903,T00213,540.0,2025-07-15
SHOP_001,C0214,T00214,553.0,2025-07-15
SHOP_001,C0135,T00215,493.0,2025-07-15
SHOP_001,C0849,T00216,331.0,2025-07-15
SHOP_001,C0879,T00217,478.0,2025-07-15
SHOP_001,C0389,T00218,934.0,2025-07-15
SHOP_001,C0639,T00219,525.0,2025-07-15
SHOP_001,C0077,T00220,435.0,2025-07-15
SHOP_001,C0084,T00221,486.0,2025-07-15
SHOP_001,C0211,T00222,680.0,2025-07-15
SHOP_001,C0227,T00223,496.0,2025-07-15
SHOP_001,C0744,T00224,434.0,2025-07-15
SHOP_001,C0593,T00225,793.0,2025-07-15
SHOP_001,C0027,T00226,455.0,2025-07-15
SHOP_001,C0863,T00227,784.0,2025-07-15
SHOP_001,C0990,T00228,524.0,2025-07-15
SHOP_001,C0169,T00229,442.0,2025-07-15
SHOP_001,C0718,T00230,511.0,2025-07-15
SHOP_001,C0745,T00231,323.0,2025-07-15
SHOP_001,C0019,T00232,609.0,2025-07-15
SHOP_001,C0809,T00233,600.0,2025-07-15
SHOP_001,C0242,T00234,354.0,2025-07-15
SHOP_001,C0505,T00235,435.0,2025-07-16
SHOP_001,C0129,T00236,481.0,2025-07-16
SHOP_001,C0510,T00237,670.0,2025-07-16
SHOP_001,C0838,T00238,618.0,2025-07-16
SHOP_001,C0978,T00239,559.0,2025-07-16
SHOP_001,C0667,T00240,373.0,2025-07-16
SHOP_001,C0108,T00241,501.0,2025-07-16
SHOP_001,C0869,T00242,522.0,2025-07-16
SHOP_001,C0073,T00243,632.0,2025-07-16
SHOP_001,C0731,T00244,533.0,2025-07-16
SHOP_001,C0066,T00245,584.0,2025-07-16
SHOP_001,C0159,T00246,429.0,2025-07-16
SHOP_001,C0943,T00247,340.0,2025-07-16
SHOP_001,C0846,T00248,392.0,2025-07-16
SHOP_001,C0212,T00249,383.0,2025-07-16
SHOP_001,C0753,T00250,379.0,2025-07-16
SHOP_001,C0249,T00251,312.0,2025-07-16
SHOP_001,C0459,T00252,622.0,2025-07-16
SHOP_001,C0610,T00253,613.0,2025-07-16
SHOP_001,C0831,T00254,450.0,2025-07-16
SHOP_001,C0288,T00255,498.0,2025-07-17
SHOP_001,C0139,T00256,365.0,2025-07-17
SHOP_001,C0230,T00257,364.0,2025-07-17
SHOP_001,C0978,T00258,416.0,2025-07-17
SHOP_001,C0837,T00259,539.0,2025-07-17
SHOP_001,C0426,T00260,251.0,2025-07-17
SHOP_001,C0289,T00261,405.0,2025-07-17
SHOP_001,C0744,T00262,534.0,2025-07-17
SHOP_001,C0943,T00263,600.0,2025-07-17
SHOP_001,C0031,T00264,385.0,2025-07-17
SHOP_001,C0780,T00265,1104.0,2025-07-17
SHOP_001,C0377,T00266,357.0,2025-07-17
SHOP_001,C0105,T00267,639.0,2025-07-17
SHOP_001,C0967,T00268,269.0,2025-07-17
SHOP_001,C0448,T00269,805.0,2025-07-17
SHOP_001,C0805,T00270,431.0,2025-07-17
SHOP_001,C0097,T00271,638.0,2025-07-17
SHOP_001,C0801,T00272,719.0,2025-07-17
SHOP_001,C0451,T00273,496.0,2025-07-17
SHOP_001,C0882,T00274,261.0,2025-07-17
SHOP_001,C0102,T00275,752.0,2025-07-17
SHOP_001,C0692,T00276,385.0,2025-07-17
SHOP_001,C0359,T00277,629.0,2025-07-17
SHOP_001,C0142,T00278,374.0,2025-07-17
SHOP_001,C0679,T00279,582.0,2025-07-18
SHOP_001,C0852,T00280,449.0,2025-07-18
SHOP_001,C0900,T00281,374.0,2025-07-18
SHOP_001,C0310,T00282,433.0,2025-07-18
SHOP_001,C0852,T00283,831.0,2025-07-18
SHOP_001,C0671,T00284,1027.0,2025-07-18
SHOP_001,C0705,T00285,993.0,2025-07-18
SHOP_001,C0951,T00286,622.0,2025-07-18
SHOP_001,C0518,T00287,764.0,2025-07-18
SHOP_001,C0912,T00288,561.0,2025-07-18
SHOP_001,C0898,T00289,466.0,2025-07-18
SHOP_001,C0224,T00290,1052.0,2025-07-18
SHOP_001,C0485,T00291,562.0,2025-07-18
SHOP_001,C0227,T00292,567.0,2025-07-18
SHOP_001,C0992,T00293,597.0,2025-07-18
SHOP_001,C0466,T00294,594.0,2025-07-18
SHOP_001,C0778,T00295,589.0,2025-07-18
SHOP_001,C0370,T00296,320.0,2025-07-18
SHOP_001,C0690,T00297,486.0,2025-07-18
SHOP_001,C0460,T00298,411.0,2025-07-18
SHOP_001,C0144,T00299,997.0,2025-07-18
SHOP_001,C0452,T00300,488.0,2025-07-18
SHOP_001,C0214,T00301,635.0,2025-07-18
SHOP_001,C0861,T00302,493.0,2025-07-18
SHOP_001,C0035,T00303,609.0,2025-07-18
SHOP_001,C0940,T00304,458.0,2025-07-18
SHOP_001,C0769,T00305,472.0,2025-07-18
SHOP_001,C0728,T00306,640.0,2025-07-18
SHOP_001,C0031,T00307,535.0,2025-07-18
SHOP_001,C0105,T00308,705.0,2025-07-18
SHOP_001,C0271,T00309,807.0,2025-07-18
SHOP_001,C0144,T00310,439.0,2025-07-18
SHOP_001,C0841,T00311,561.0,2025-07-18
SHOP_001,C0552,T00312,1160.0,2025-07-19
SHOP_001,C0106,T00313,322.0,2025-07-19
SHOP_001,C0341,T00314,426.0,2025-07-19
SHOP_001,C0097,T00315,903.0,2025-07-19
SHOP_001,C0583,T00316,390.0,2025-07-19
SHOP_001,C0841,T00317,282.0,2025-07-19
SHOP_001,C0626,T00318,822.0,2025-07-19
SHOP_001,C0097,T00319,611.0,2025-07-19
SHOP_001,C0767,T00320,304.0,2025-07-19
SHOP_001,C0642,T00321,388.0,2025-07-19
SHOP_001,C0205,T00322,510.0,2025-07-19
SHOP_001,C0153,T00323,658.0,2025-07-19
SHOP_001,C0490,T00324,353.0,2025-07-19
SHOP_001,C0377,T00325,749.0,2025-07-19
SHOP_001,C0377,T00326,530.0,2025-07-19
SHOP_001,C0649,T00327,582.0,2025-07-19
SHOP_001,C0097,T00328,776.0,2025-07-19
SHOP_001,C0216,T00329,489.0,2025-07-19
SHOP_001,C0019,T00330,635.0,2025-07-19
SHOP_001,C0377,T00331,665.0,2025-07-19
SHOP_001,C0838,T00332,868.0,2025-07-19
SHOP_001,C0671,T00333,1331.0,2025-07-19
SHOP_001,C0015,T00334,466.0,2025-07-19
SHOP_001,C0495,T00335,721.0,2025-07-19
SHOP_001,C0777,T00336,657.0,2025-07-19
SHOP_001,C0438,T00337,560.0,2025-07-19
SHOP_001,C0509,T00338,758.0,2025-07-19
SHOP_001,C0719,T00339,260.0,2025-07-19
SHOP_001,C0205,T00340,646.0,2025-07-19
SHOP_001,C0188,T00341,780.0,2025-07-19
SHOP_001,C0312,T00342,506.0,2025-07-19
SHOP_001,C0940,T00343,396.0,2025-07-19
SHOP_001,C0904,T00344,658.0,2025-07-19
SHOP_001,C0718,T00345,585.0,2025-07-20
SHOP_001,C0276,T00346,353.0,2025-07-20
SHOP_001,C0569,T00347,681.0,2025-07-20
SHOP_001,C0197,T00348,755.0,2025-07-20
SHOP_001,C0943,T00349,487.0,2025-07-20
SHOP_001,C0745,T00350,448.0,2025-07-20
SHOP_001,C0694,T00351,890.0,2025-07-20
SHOP_001,C0718,T00352,917.0,2025-07-20
SHOP_001,C0433,T00353,351.0,2025-07-20
SHOP_001,C0307,T00354,842.0,2025-07-20
SHOP_001,C0477,T00355,410.0,2025-07-20
SHOP_001,C0704,T00356,294.0,2025-07-20
SHOP_001,C0738,T00357,258.0,2025-07-20
SHOP_001,C0793,T00358,541.0,2025-07-20
SHOP_001,C0591,T00359,652.0,2025-07-20
SHOP_001,C0800,T00360,596.0,2025-07-20
SHOP_001,C0848,T00361,773.0,2025-07-20
SHOP_001,C0945,T00362,321.0,2025-07-20
SHOP_001,C0927,T00363,564.0,2025-07-20
SHOP_001,C0512,T00364,376.0,2025-07-20
SHOP_001,C0432,T00365,290.0,2025-07-20
SHOP_001,C0466,T00366,1248.0,2025-07-20
SHOP_001,C0731,T00367,401.0,2025-07-20
SHOP_001,C0115,T00368,546.0,2025-07-20
SHOP_001,C0119,T00369,561.0,2025-07-20
SHOP_001,C0708,T00370,523.0,2025-07-21
SHOP_001,C0694,T00371,903.0,2025-07-21
SHOP_001,C0880,T00372,793.0,2025-07-21
SHOP_001,C0045,T00373,409.0,2025-07-21
SHOP_001,C0648,T00374,386.0,2025-07-21
SHOP_001,C0051,T00375,326.0,2025-07-21
SHOP_001,C0158,T00376,709.0,2025-07-21
SHOP_001,C0874,T00377,625.0,2025-07-21
SHOP_001,C0623,T00378,890.0,2025-07-21
SHOP_001,C0248,T00379,534.0,2025-07-21
SHOP_001,C0647,T00380,408.0,2025-07-21
SHOP_001,C0080,T00381,588.0,2025-07-21
SHOP_001,C0030,T00382,313.0,2025-07-21
SHOP_001,C0214,T00383,578.0,2025-07-21
SHOP_001,C0683,T00384,166.0,2025-07-21
SHOP_001,C0224,T00385,478.0,2025-07-22
SHOP_001,C0753,T00386,554.0,2025-07-22
SHOP_001,C0060,T00387,509.0,2025-07-22
SHOP_001,C0274,T00388,669.0,2025-07-22
SHOP_001,C0478,T00389,612.0,2025-07-22
SHOP_001,C0139,T00390,465.0,2025-07-22
SHOP_001,C0174,T00391,830.0,2025-07-22
SHOP_001,C0530,T00392,629.0,2025-07-22
SHOP_001,C0713,T00393,494.0,2025-07-22
SHOP_001,C0014,T00394,894.0,2025-07-22
SHOP_001,C0201,T00395,839.0,2025-07-22
SHOP_001,C0392,T00396,559.0,2025-07-22
SHOP_001,C0352,T00397,497.0,2025-07-22
SHOP_001,C0721,T00398,346.0,2025-07-22
SHOP_001,C0692,T00399,618.0,2025-07-22
SHOP_001,C0392,T00400,414.0,2025-07-22
SHOP_001,C0512,T00401,292.0,2025-07-22
SHOP_001,C0798,T00402,878.0,2025-07-22
SHOP_001,C0285,T00403,398.0,2025-07-22
SHOP_001,C0525,T00404,472.0,2025-07-22
SHOP_001,C0943,T00405,697.0,2025-07-22
SHOP_001,C0924,T00406,654.0,2025-07-22
SHOP_001,C0123,T00407,298.0,2025-07-22
SHOP_001,C0061,T00408,447.0,2025-07-23
SHOP_001,C0775,T00409,311.0,2025-07-23
SHOP_001,C0386,T00410,418.0,2025-07-23
SHOP_001,C0518,T00411,857.0,2025-07-23
SHOP_001,C0162,T00412,378.0,2025-07-23
SHOP_001,C0879,T00413,698.0,2025-07-23
SHOP_001,C0557,T00414,457.0,2025-07-23
SHOP_001,C0483,T00415,353.0,2025-07-23
SHOP_001,C0338,T00416,656.0,2025-07-23
SHOP_001,C0305,T00417,468.0,2025-07-23
SHOP_001,C0908,T00418,362.0,2025-07-23
SHOP_001,C0027,T00419,643.0,2025-07-23
SHOP_001,C0345,T00420,420.0,2025-07-23
SHOP_001,C0213,T00421,503.0,2025-07-23
SHOP_001,C0202,T00422,607.0,2025-07-23
SHOP_001,C0311,T00423,452.0,2025-07-23
SHOP_001,C0427,T00424,603.0,2025-07-23
SHOP_001,C0087,T00425,333.0,2025-07-24
SHOP_001,C0073,T00426,530.0,2025-07-24
SHOP_001,C0227,T00427,443.0,2025-07-24
SHOP_001,C0469,T00428,579.0,2025-07-24
SHOP_001,C0950,T00429,825.0,2025-07-24
SHOP_001,C0377,T00430,640.0,2025-07-24
SHOP_001,C0679,T00431,595.0,2025-07-24
SHOP_001,C0263,T00432,438.0,2025-07-24
SHOP_001,C0285,T00433,459.0,2025-07-24
SHOP_001,C0042,T00434,928.0,2025-07-24
SHOP_001,C0080,T00435,739.0,2025-07-24
SHOP_001,C0638,T00436,368.0,2025-07-24
SHOP_001,C0648,T00437,294.0,2025-07-24
SHOP_001,C0049,T00438,513.0,2025-07-24
SHOP_001,C0139,T00439,330.0,2025-07-24
SHOP_001,C0621,T00440,346.0,2025-07-24
SHOP_001,C0199,T00441,520.0,2025-07-24
SHOP_001,C0066,T00442,518.0,2025-07-24
SHOP_001,C0761,T00443,458.0,2025-07-25
SHOP_001,C0329,T00444,470.0,2025-07-25
SHOP_001,C0142,T00445,491.0,2025-07-25
SHOP_001,C0024,T00446,456.0,2025-07-25
SHOP_001,C0312,T00447,474.0,2025-07-25
SHOP_001,C0704,T00448,534.0,2025-07-25
SHOP_001,C0648,T00449,404.0,2025-07-25
SHOP_001,C0097,T00450,1109.0,2025-07-25
SHOP_001,C0490,T00451,507.0,2025-07-25
SHOP_001,C0741,T00452,464.0,2025-07-25
SHOP_001,C0414,T00453,565.0,2025-07-25
SHOP_001,C0137,T00454,399.0,2025-07-25
SHOP_001,C0468,T00455,970.0,2025-07-25
SHOP_001,C0789,T00456,558.0,2025-07-25
SHOP_001,C0362,T00457,795.0,2025-07-25
SHOP_001,C0656,T00458,982.0,2025-07-25
SHOP_001,C0263,T00459,1120.0,2025-07-25
SHOP_001,C0970,T00460,690.0,2025-07-25
SHOP_001,C0854,T00461,468.0,2025-07-25
SHOP_001,C0378,T00462,1121.0,2025-07-25
SHOP_001,C0677,T00463,674.0,2025-07-25
SHOP_001,C0408,T00464,829.0,2025-07-25
SHOP_001,C0847,T00465,372.0,2025-07-25
SHOP_001,C0524,T00466,600.0,2025-07-25
SHOP_001,C0931,T00467,438.0,2025-07-25
SHOP_001,C0745,T00468,608.0,2025-07-25
SHOP_001,C0967,T00469,293.0,2025-07-25
SHOP_001,C0143,T00470,366.0,2025-07-25
SHOP_001,C0570,T00471,584.0,2025-07-26
SHOP_001,C0014,T00472,562.0,2025-07-26
SHOP_001,C0777,T00473,902.0,2025-07-26
SHOP_001,C0183,T00474,1147.0,2025-07-26
SHOP_001,C0247,T00475,990.0,2025-07-26
SHOP_001,C0754,T00476,760.0,2025-07-26
SHOP_001,C0924,T00477,535.0,2025-07-26
SHOP_001,C0475,T00478,601.0,2025-07-26
SHOP_001,C0723,T00479,529.0,2025-07-26
SHOP_001,C0580,T00480,956.0,2025-07-26
SHOP_001,C0762,T00481,402.0,2025-07-26
SHOP_001,C0548,T00482,518.0,2025-07-26
SHOP_001,C0020,T00483,604.0,2025-07-26
SHOP_001,C0030,T00484,263.0,2025-07-26
SHOP_001,C0818,T00485,290.0,2025-07-26
SHOP_001,C0066,T00486,436.0,2025-07-26
SHOP_001,C0090,T00487,448.0,2025-07-26
SHOP_001,C0235,T00488,915.0,2025-07-26
SHOP_001,C0987,T00489,806.0,2025-07-26
SHOP_001,C0960,T00490,300.0,2025-07-26
SHOP_001,C0360,T00491,361.0,2025-07-26
SHOP_001,C0574,T00492,913.0,2025-07-26
SHOP_001,C0261,T00493,839.0,2025-07-26
SHOP_001,C0254,T00494,643.0,2025-07-26
SHOP_001,C0030,T00495,564.0,2025-07-26
SHOP_001,C0723,T00496,482.0,2025-07-26
SHOP_001,C0723,T00497,343.0,2025-07-26
SHOP_001,C0208,T00498,419.0,2025-07-26
SHOP_001,C0325,T00499,315.0,2025-07-26
SHOP_001,C0940,T00500,573.0,2025-07-26
SHOP_001,C0569,T00501,671.0,2025-07-26
SHOP_001,C0669,T00502,676.0,2025-07-26
SHOP_001,C0776,T00503,765.0,2025-07-26
SHOP_001,C0129,T00504,450.0,2025-07-26
SHOP_001,C0661,T00505,540.0,2025-07-26
SHOP_001,C0368,T00506,541.0,2025-07-26
SHOP_001,C0137,T00507,560.0,2025-07-26
SHOP_001,C0987,T00508,308.0,2025-07-26
SHOP_001,C0059,T00509,947.0,2025-07-26
SHOP_001,C0247,T00510,543.0,2025-07-26
SHOP_001,C0926,T00511,378.0,2025-07-26
SHOP_001,C0294,T00512,532.0,2025-07-27
SHOP_001,C0943,T00513,397.0,2025-07-27
SHOP_001,C0795,T00514,486.0,2025-07-27
SHOP_001,C0646,T00515,301.0,2025-07-27
SHOP_001,C0671,T00516,966.0,2025-07-27
SHOP_001,C0285,T00517,411.0,2025-07-27
SHOP_001,C0481,T00518,346.0,2025-07-27
SHOP_001,C0506,T00519,404.0,2025-07-27
SHOP_001,C0299,T00520,731.0,2025-07-27
SHOP_001,C0174,T00521,1078.0,2025-07-27
SHOP_001,C0557,T00522,313.0,2025-07-27
SHOP_001,C0076,T00523,628.0,2025-07-27
SHOP_001,C0102,T00524,867.0,2025-07-27
SHOP_001,C0808,T00525,537.0,2025-07-27
SHOP_001,C0407,T00526,334.0,2025-07-27
SHOP_001,C0548,T00527,547.0,2025-07-27
SHOP_001,C0967,T00528,560.0,2025-07-27
SHOP_001,C0587,T00529,472.0,2025-07-27
SHOP_001,C0606,T00530,599.0,2025-07-27
SHOP_001,C0242,T00531,513.0,2025-07-28
SHOP_001,C0242,T00532,514.0,2025-07-28
SHOP_001,C0879,T00533,681.0,2025-07-28
SHOP_001,C0832,T00534,431.0,2025-07-28
SHOP_001,C0666,T00535,373.0,2025-07-28
SHOP_001,C0224,T00536,1042.0,2025-07-28
SHOP_001,C0745,T00537,343.0,2025-07-28
SHOP_001,C0752,T00538,616.0,2025-07-28
SHOP_001,C0943,T00539,539.0,2025-07-28
SHOP_001,C0099,T00540,349.0,2025-07-28
SHOP_001,C0019,T00541,634.0,2025-07-28
SHOP_001,C0090,T00542,640.0,2025-07-28
SHOP_001,C0609,T00543,607.0,2025-07-28
SHOP_001,C0189,T00544,805.0,2025-07-28
SHOP_001,C0802,T00545,624.0,2025-07-28
SHOP_001,C0224,T00546,705.0,2025-07-28
SHOP_001,C0836,T00547,433.0,2025-07-28
SHOP_001,C0030,T00548,427.0,2025-07-28
SHOP_001,C0031,T00549,559.0,2025-07-29
SHOP_001,C0934,T00550,266.0,2025-07-29
SHOP_001,C0918,T00551,557.0,2025-07-29
SHOP_001,C0985,T00552,401.0,2025-07-29
SHOP_001,C0374,T00553,488.0,2025-07-29
SHOP_001,C0732,T00554,432.0,2025-07-29
SHOP_001,C0963,T00555,651.0,2025-07-29
SHOP_001,C0881,T00556,328.0,2025-07-29
SHOP_001,C0755,T00557,562.0,2025-07-29
SHOP_001,C0519,T00558,784.0,2025-07-29
SHOP_001,C0849,T00559,998.0,2025-07-29
SHOP_001,C0639,T00560,544.0,2025-07-29
SHOP_001,C0685,T00561,274.0,2025-07-29
SHOP_001,C0866,T00562,853.0,2025-07-30
SHOP_001,C0936,T00563,602.0,2025-07-30
SHOP_001,C0832,T00564,338.0,2025-07-30
SHOP_001,C0023,T00565,436.0,2025-07-30
SHOP_001,C0900,T00566,546.0,2025-07-30
SHOP_001,C0586,T00567,389.0,2025-07-30
SHOP_001,C0353,T00568,605.0,2025-07-30
SHOP_001,C0254,T00569,327.0,2025-07-30
SHOP_001,C0104,T00570,400.0,2025-07-30
SHOP_001,C0704,T00571,884.0,2025-07-30
SHOP_001,C0862,T00572,496.0,2025-07-30
SHOP_001,C0015,T00573,526.0,2025-07-30
SHOP_001,C0939,T00574,490.0,2025-07-30
SHOP_001,C0433,T00575,394.0,2025-07-30
SHOP_001,C0065,T00576,379.0,2025-07-30
SHOP_001,C0435,T00577,868.0,2025-07-30
SHOP_001,C0254,T00578,544.0,2025-07-30
SHOP_001,C0319,T00579,404.0,2025-07-30
SHOP_001,C0295,T00580,451.0,2025-07-30
SHOP_001,C0626,T00581,476.0,2025-07-30
SHOP_001,C0805,T00582,296.0,2025-07-30
SHOP_001,C0699,T00583,707.0,2025-07-30
SHOP_001,C0123,T00584,409.0,2025-07-30
SHOP_001,C0014,T00585,1041.0,2025-07-30
SHOP_001,C0808,T00586,380.0,2025-07-30
SHOP_001,C0439,T00587,349.0,2025-07-30
SHOP_001,C0578,T00588,476.0,2025-07-30
SHOP_001,C0590,T00589,444.0,2025-07-30
SHOP_001,C0254,T00590,446.0,2025-07-30
SHOP_001,C0224,T00591,898.0,2025-07-31
SHOP_001,C0737,T00592,557.0,2025-07-31
SHOP_001,C0649,T00593,843.0,2025-07-31
SHOP_001,C0469,T00594,397.0,2025-07-31
SHOP_001,C0556,T00595,530.0,2025-07-31
SHOP_001,C0666,T00596,350.0,2025-07-31
SHOP_001,C0859,T00597,519.0,2025-07-31
SHOP_001,C0031,T00598,521.0,2025-07-31
SHOP_001,C0202,T00599,402.0,2025-07-31
SHOP_001,C0713,T00600,378.0,2025-07-31
SHOP_001,C0653,T00601,786.0,2025-07-31
SHOP_001,C0666,T00602,495.0,2025-07-31
SHOP_001,C0716,T00603,548.0,2025-07-31
SHOP_001,C0708,T00604,595.0,2025-07-31
SHOP_001,C0263,T00605,560.0,2025-07-31
SHOP_001,C0072,T00606,488.0,2025-07-31
SHOP_001,C0562,T00607,684.0,2025-07-31
SHOP_001,C0372,T00608,894.0,2025-07-31
SHOP_001,C0967,T00609,349.0,2025-07-31
SHOP_001,C0490,T00610,516.0,2025-07-31
SHOP_001,C0078,T00611,303.0,2025-07-31
SHOP_001,C0456,T00612,362.0,2025-07-31
SHOP_001,C0844,T00613,742.0,2025-07-31
SHOP_001,C0388,T00614,434.0,2025-07-31
SHOP_001,C0043,T00615,535.0,2025-07-31
SHOP_001,C0693,T00616,452.0,2025-07-31
SHOP_001,C0558,T00617,711.0,2025-07-31
SHOP_001,C0030,T00618,490.0,2025-07-31
SHOP_001,C0940,T00619,210.0,2025-07-31
SHOP_001,C0892,T00620,439.0,2025-08-01
SHOP_001,C0772,T00621,370.0,2025-08-01
SHOP_001,C0854,T00622,568.0,2025-08-01
SHOP_001,C0105,T00623,1144.0,2025-08-01
SHOP_001,C0988,T00624,546.0,2025-08-01
SHOP_001,C0591,T00625,620.0,2025-08-01
SHOP_001,C0245,T00626,571.0,2025-08-01
SHOP_001,C0681,T00627,346.0,2025-08-01
SHOP_001,C0936,T00628,1316.0,2025-08-01
SHOP_001,C0264,T00629,659.0,2025-08-01
SHOP_001,C0723,T00630,361.0,2025-08-01
SHOP_001,C0458,T00631,1108.0,2025-08-01
SHOP_001,C0712,T00632,345.0,2025-08-01
SHOP_001,C0846,T00633,340.0,2025-08-01
SHOP_001,C0614,T00634,675.0,2025-08-01
SHOP_001,C0973,T00635,750.0,2025-08-01
SHOP_001,C0466,T00636,666.0,2025-08-01
SHOP_001,C0716,T00637,651.0,2025-08-01
SHOP_001,C0604,T00638,507.0,2025-08-01
SHOP_001,C0966,T00639,624.0,2025-08-01
SHOP_001,C0135,T00640,315.0,2025-08-01
SHOP_001,C0353,T00641,463.0,2025-08-01
SHOP_001,C0527,T00642,857.0,2025-08-02
SHOP_001,C0345,T00643,457.0,2025-08-02
SHOP_001,C0030,T00644,364.0,2025-08-02
SHOP_001,C0723,T00645,365.0,2025-08-02
SHOP_001,C0227,T00646,540.0,2025-08-02
SHOP_001,C0918,T00647,414.0,2025-08-02
SHOP_001,C0159,T00648,728.0,2025-08-02
SHOP_001,C0503,T00649,564.0,2025-08-02
SHOP_001,C0997,T00650,803.0,2025-08-02
SHOP_001,C0525,T00651,591.0,2025-08-02
SHOP_001,C0515,T00652,601.0,2025-08-02
SHOP_001,C0068,T00653,305.0,2025-08-02
SHOP_001,C0737,T00654,882.0,2025-08-02
SHOP_001,C0598,T00655,206.0,2025-08-02
SHOP_001,C0026,T00656,580.0,2025-08-02
SHOP_001,C0869,T00657,517.0,2025-08-02
SHOP_001,C0640,T00658,416.0,2025-08-02
SHOP_001,C0476,T00659,378.0,2025-08-02
SHOP_001,C0591,T00660,475.0,2025-08-02
SHOP_001,C0924,T00661,550.0,2025-08-02
SHOP_001,C0080,T00662,484.0,2025-08-02
SHOP_001,C0308,T00663,362.0,2025-08-02
SHOP_001,C0135,T00664,265.0,2025-08-02
SHOP_001,C0188,T00665,347.0,2025-08-02
SHOP_001,C0478,T00666,370.0,2025-08-03
SHOP_001,C0144,T00667,468.0,2025-08-03
SHOP_001,C0295,T00668,499.0,2025-08-03
SHOP_001,C0255,T00669,784.0,2025-08-03
SHOP_001,C0802,T00670,427.0,2025-08-03
SHOP_001,C0311,T00671,308.0,2025-08-03
SHOP_001,C0667,T00672,300.0,2025-08-03
SHOP_001,C0809,T00673,551.0,2025-08-03
SHOP_001,C0242,T00674,450.0,2025-08-03
SHOP_001,C0548,T00675,1484.0,2025-08-03
SHOP_001,C0774,T00676,457.0,2025-08-03
SHOP_001,C0763,T00677,709.0,2025-08-03
SHOP_001,C0691,T00678,388.0,2025-08-03
SHOP_001,C0873,T00679,538.0,2025-08-03
SHOP_001,C0811,T00680,403.0,2025-08-03
SHOP_001,C0833,T00681,752.0,2025-08-03
SHOP_001,C0261,T00682,1005.0,2025-08-03
SHOP_001,C0707,T00683,1020.0,2025-08-03
SHOP_001,C0485,T00684,986.0,2025-08-03
SHOP_001,C0242,T00685,569.0,2025-08-03
SHOP_001,C0158,T00686,659.0,2025-08-03
SHOP_001,C0821,T00687,684.0,2025-08-03
SHOP_001,C0515,T00688,427.0,2025-08-03
SHOP_001,C0957,T00689,497.0,2025-08-03
SHOP_001,C0629,T00690,392.0,2025-08-03
SHOP_001,C0411,T00691,499.0,2025-08-03
SHOP_001,C0352,T00692,513.0,2025-08-03
SHOP_001,C0142,T00693,439.0,2025-08-03
SHOP_001,C0848,T00694,858.0,2025-08-03
SHOP_001,C0078,T00695,472.0,2025-08-04
SHOP_001,C0968,T00696,238.0,2025-08-04
SHOP_001,C0176,T00697,719.0,2025-08-04
SHOP_001,C0406,T00698,286.0,2025-08-04
SHOP_001,C0671,T00699,463.0,2025-08-04
SHOP_001,C0475,T00700,653.0,2025-08-04
SHOP_001,C0490,T00701,242.0,2025-08-04
SHOP_001,C0427,T00702,757.0,2025-08-04
SHOP_001,C0503,T00703,476.0,2025-08-04
SHOP_001,C0738,T00704,615.0,2025-08-04
SHOP_001,C0798,T00705,651.0,2025-08-04
SHOP_001,C0233,T00706,307.0,2025-08-04
SHOP_001,C0525,T00707,866.0,2025-08-04
SHOP_001,C0278,T00708,857.0,2025-08-04
SHOP_001,C0340,T00709,721.0,2025-08-04
SHOP_001,C0205,T00710,702.0,2025-08-04
SHOP_001,C0360,T00711,417.0,2025-08-05
SHOP_001,C0951,T00712,567.0,2025-08-05
SHOP_001,C0088,T00713,628.0,2025-08-05
SHOP_001,C0227,T00714,410.0,2025-08-05
SHOP_001,C0862,T00715,416.0,2025-08-05
SHOP_001,C0047,T00716,578.0,2025-08-05
SHOP_001,C0692,T00717,535.0,2025-08-05
SHOP_001,C0791,T00718,425.0,2025-08-05
SHOP_001,C0718,T00719,778.0,2025-08-05
SHOP_001,C0080,T00720,582.0,2025-08-05
SHOP_001,C0985,T00721,213.0,2025-08-05
SHOP_001,C0677,T00722,612.0,2025-08-05
SHOP_001,C0360,T00723,590.0,2025-08-05
SHOP_001,C0694,T00724,623.0,2025-08-05
SHOP_001,C0754,T00725,776.0,2025-08-05
SHOP_001,C0732,T00726,737.0,2025-08-05
SHOP_001,C0543,T00727,684.0,2025-08-05
SHOP_001,C0197,T00728,467.0,2025-08-05
SHOP_001,C0693,T00729,600.0,2025-08-05
SHOP_001,C0352,T00730,655.0,2025-08-05
SHOP_001,C0754,T00731,741.0,2025-08-05
SHOP_001,C0753,T00732,917.0,2025-08-05
SHOP_001,C0943,T00733,265.0,2025-08-05
SHOP_001,C0505,T00734,641.0,2025-08-05
SHOP_001,C0201,T00735,395.0,2025-08-06
SHOP_001,C0202,T00736,286.0,2025-08-06
SHOP_001,C0466,T00737,679.0,2025-08-06
SHOP_001,C0030,T00738,556.0,2025-08-06
SHOP_001,C0269,T00739,382.0,2025-08-06
SHOP_001,C0495,T00740,594.0,2025-08-06
SHOP_001,C0396,T00741,607.0,2025-08-06
SHOP_001,C0754,T00742,590.0,2025-08-06
SHOP_001,C0026,T00743,532.0,2025-08-06
SHOP_001,C0768,T00744,600.0,2025-08-06
SHOP_001,C0919,T00745,973.0,2025-08-06
SHOP_001,C0637,T00746,498.0,2025-08-06
SHOP_001,C0506,T00747,375.0,2025-08-06
SHOP_001,C0771,T00748,547.0,2025-08-06
SHOP_001,C0769,T00749,378.0,2025-08-06
SHOP_001,C0685,T00750,358.0,2025-08-06
SHOP_001,C0211,T00751,400.0,2025-08-06
SHOP_001,C0176,T00752,925.0,2025-08-07
SHOP_001,C0870,T00753,530.0,2025-08-07
SHOP_001,C0677,T00754,744.0,2025-08-07
SHOP_001,C0105,T00755,320.0,2025-08-07
SHOP_001,C0341,T00756,646.0,2025-08-07
SHOP_001,C0176,T00757,878.0,2025-08-07
SHOP_001,C0797,T00758,478.0,2025-08-07
SHOP_001,C0522,T00759,609.0,2025-08-07
SHOP_001,C0499,T00760,638.0,2025-08-07
SHOP_001,C0089,T00761,613.0,2025-08-07
SHOP_001,C0344,T00762,228.0,2025-08-07
SHOP_001,C0816,T00763,918.0,2025-08-07
SHOP_001,C0793,T00764,311.0,2025-08-07
SHOP_001,C0695,T00765,712.0,2025-08-07
SHOP_001,C0084,T00766,571.0,2025-08-07
SHOP_001,C0590,T00767,833.0,2025-08-07
SHOP_001,C0459,T00768,1602.0,2025-08-07
SHOP_001,C0420,T00769,840.0,2025-08-07
SHOP_001,C0744,T00770,419.0,2025-08-07
SHOP_001,C0754,T00771,390.0,2025-08-07
SHOP_001,C0666,T00772,703.0,2025-08-07
SHOP_001,C0669,T00773,374.0,2025-08-07
SHOP_001,C0496,T00774,381.0,2025-08-07
SHOP_001,C0385,T00775,635.0,2025-08-07
SHOP_001,C0030,T00776,369.0,2025-08-07
SHOP_001,C0440,T00777,628.0,2025-08-07
SHOP_001,C0738,T00778,506.0,2025-08-07
SHOP_001,C0841,T00779,725.0,2025-08-07
SHOP_001,C0681,T00780,150.0,2025-08-07
SHOP_001,C0352,T00781,791.0,2025-08-07
SHOP_001,C0460,T00782,333.0,2025-08-07
SHOP_001,C0849,T00783,499.0,2025-08-07
SHOP_001,C0603,T00784,323.0,2025-08-07
SHOP_001,C0933,T00785,410.0,2025-08-07
SHOP_001,C0763,T00786,387.0,2025-08-07
SHOP_001,C0694,T00787,615.0,2025-08-07
SHOP_001,C0798,T00788,539.0,2025-08-07
SHOP_001,C0338,T00789,472.0,2025-08-07
SHOP_001,C0588,T00790,366.0,2025-08-08
SHOP_001,C0407,T00791,694.0,2025-08-08
SHOP_001,C0011,T00792,496.0,2025-08-08
SHOP_001,C0229,T00793,937.0,2025-08-08
SHOP_001,C0036,T00794,539.0,2025-08-08
SHOP_001,C0123,T00795,395.0,2025-08-08
SHOP_001,C0199,T00796,596.0,2025-08-08
SHOP_001,C0773,T00797,679.0,2025-08-08
SHOP_001,C0158,T00798,717.0,2025-08-08
SHOP_001,C0714,T00799,603.0,2025-08-08
SHOP_001,C0466,T00800,989.0,2025-08-08
SHOP_001,C0785,T00801,342.0,2025-08-08
SHOP_001,C0467,T00802,453.0,2025-08-08
SHOP_001,C0360,T00803,567.0,2025-08-08
SHOP_001,C0446,T00804,507.0,2025-08-08
SHOP_001,C0551,T00805,624.0,2025-08-08
SHOP_001,C0965,T00806,408.0,2025-08-08
SHOP_001,C0776,T00807,497.0,2025-08-08
SHOP_001,C0202,T00808,774.0,2025-08-08
SHOP_001,C0016,T00809,519.0,2025-08-08
SHOP_001,C0219,T00810,1063.0,2025-08-08
SHOP_001,C0396,T00811,463.0,2025-08-08
SHOP_001,C0901,T00812,517.0,2025-08-08
SHOP_001,C0311,T00813,496.0,2025-08-09
SHOP_001,C0793,T00814,351.0,2025-08-09
SHOP_001,C0359,T00815,366.0,2025-08-09
SHOP_001,C0671,T00816,1009.0,2025-08-09
SHOP_001,C0562,T00817,548.0,2025-08-09
SHOP_001,C0097,T00818,929.0,2025-08-09
SHOP_001,C0294,T00819,330.0,2025-08-09
SHOP_001,C0144,T00820,572.0,2025-08-09
SHOP_001,C0748,T00821,503.0,2025-08-09
SHOP_001,C0621,T00822,387.0,2025-08-09
SHOP_001,C0919,T00823,671.0,2025-08-09
SHOP_001,C0415,T00824,483.0,2025-08-09
SHOP_001,C0864,T00825,368.0,2025-08-09
SHOP_001,C0489,T00826,586.0,2025-08-09
SHOP_001,C0793,T00827,637.0,2025-08-09
SHOP_001,C0084,T00828,966.0,2025-08-09
SHOP_001,C0905,T00829,509.0,2025-08-09
SHOP_001,C0869,T00830,607.0,2025-08-09
SHOP_001,C0293,T00831,647.0,2025-08-09
SHOP_001,C0525,T00832,438.0,2025-08-09
SHOP_001,C0105,T00833,677.0,2025-08-09
SHOP_001,C0565,T00834,353.0,2025-08-09
SHOP_001,C0636,T00835,505.0,2025-08-09
SHOP_001,C0946,T00836,371.0,2025-08-09
SHOP_001,C0597,T00837,605.0,2025-08-10
SHOP_001,C0202,T00838,915.0,2025-08-10
SHOP_001,C0457,T00839,738.0,2025-08-10
SHOP_001,C0352,T00840,647.0,2025-08-10
SHOP_001,C0613,T00841,1066.0,2025-08-10
SHOP_001,C0510,T00842,625.0,2025-08-10
SHOP_001,C0878,T00843,928.0,2025-08-10
SHOP_001,C0426,T00844,250.0,2025-08-10
SHOP_001,C0922,T00845,701.0,2025-08-10
SHOP_001,C0903,T00846,387.0,2025-08-10
SHOP_001,C0051,T00847,390.0,2025-08-10
SHOP_001,C0433,T00848,672.0,2025-08-10
SHOP_001,C0181,T00849,338.0,2025-08-10
SHOP_001,C0881,T00850,243.0,2025-08-10
SHOP_001,C0943,T00851,384.0,2025-08-10
SHOP_001,C0759,T00852,931.0,2025-08-10
SHOP_001,C0808,T00853,936.0,2025-08-10
SHOP_001,C0805,T00854,792.0,2025-08-10
SHOP_001,C0362,T00855,1395.0,2025-08-10
SHOP_001,C0458,T00856,668.0,2025-08-10
SHOP_001,C0539,T00857,481.0,2025-08-10
SHOP_001,C0322,T00858,433.0,2025-08-10
SHOP_001,C0625,T00859,550.0,2025-08-10
SHOP_001,C0478,T00860,850.0,2025-08-10
SHOP_001,C0578,T00861,554.0,2025-08-10
SHOP_001,C0741,T00862,306.0,2025-08-10
SHOP_001,C0528,T00863,425.0,2025-08-10
SHOP_001,C0051,T00864,469.0,2025-08-10
SHOP_001,C0158,T00865,1262.0,2025-08-10
SHOP_001,C0139,T00866,396.0,2025-08-10
SHOP_001,C0399,T00867,613.0,2025-08-10
SHOP_001,C0288,T00868,856.0,2025-08-10
SHOP_001,C0039,T00869,643.0,2025-08-10
SHOP_001,C0989,T00870,776.0,2025-08-10
SHOP_001,C0263,T00871,817.0,2025-08-10
SHOP_001,C0852,T00872,428.0,2025-08-10
SHOP_001,C0969,T00873,295.0,2025-08-11
SHOP_001,C0621,T00874,380.0,2025-08-11
SHOP_001,C0080,T00875,891.0,2025-08-11
SHOP_001,C0227,T00876,528.0,2025-08-11
SHOP_001,C0374,T00877,779.0,2025-08-11
SHOP_001,C0672,T00878,431.0,2025-08-11
SHOP_001,C0570,T00879,734.0,2025-08-11
SHOP_001,C0426,T00880,201.0,2025-08-11
SHOP_001,C0717,T00881,546.0,2025-08-11
SHOP_001,C0711,T00882,325.0,2025-08-11
SHOP_001,C0943,T00883,309.0,2025-08-11
SHOP_001,C0435,T00884,780.0,2025-08-11
SHOP_001,C0664,T00885,477.0,2025-08-11
SHOP_001,C0616,T00886,524.0,2025-08-11
SHOP_001,C0848,T00887,655.0,2025-08-11
SHOP_001,C0493,T00888,871.0,2025-08-11
SHOP_001,C0626,T00889,717.0,2025-08-11
SHOP_001,C0490,T00890,579.0,2025-08-11
SHOP_001,C0774,T00891,796.0,2025-08-11
SHOP_001,C0472,T00892,560.0,2025-08-11
SHOP_001,C0678,T00893,312.0,2025-08-12
SHOP_001,C0872,T00894,974.0,2025-08-12
SHOP_001,C0315,T00895,911.0,2025-08-12
SHOP_001,C0987,T00896,607.0,2025-08-12
SHOP_001,C0469,T00897,357.0,2025-08-12
SHOP_001,C0805,T00898,280.0,2025-08-12
SHOP_001,C0841,T00899,1101.0,2025-08-12
SHOP_001,C0808,T00900,410.0,2025-08-12
SHOP_001,C0359,T00901,662.0,2025-08-12
SHOP_001,C0621,T00902,600.0,2025-08-12
SHOP_001,C0478,T00903,835.0,2025-08-12
SHOP_001,C0694,T00904,711.0,2025-08-12
SHOP_001,C0066,T00905,516.0,2025-08-12
SHOP_001,C0875,T00906,586.0,2025-08-12
SHOP_001,C0174,T00907,520.0,2025-08-12
SHOP_001,C0180,T00908,756.0,2025-08-12
SHOP_001,C0294,T00909,638.0,2025-08-12
SHOP_001,C0063,T00910,417.0,2025-08-12
SHOP_001,C0568,T00911,487.0,2025-08-12
SHOP_001,C0738,T00912,345.0,2025-08-12
SHOP_001,C0987,T00913,388.0,2025-08-12
SHOP_001,C0054,T00914,518.0,2025-08-12
SHOP_001,C0439,T00915,472.0,2025-08-13
SHOP_001,C0625,T00916,444.0,2025-08-13
SHOP_001,C0139,T00917,292.0,2025-08-13
SHOP_001,C0768,T00918,691.0,2025-08-13
SHOP_001,C0426,T00919,284.0,2025-08-13
SHOP_001,C0647,T00920,331.0,2025-08-13
SHOP_001,C0609,T00921,713.0,2025-08-13
SHOP_001,C0685,T00922,313.0,2025-08-13
SHOP_001,C0592,T00923,1012.0,2025-08-13
SHOP_001,C0818,T00924,331.0,2025-08-13
SHOP_001,C0435,T00925,1164.0,2025-08-13
SHOP_001,C0477,T00926,447.0,2025-08-13
SHOP_001,C0468,T00927,613.0,2025-08-13
SHOP_001,C0073,T00928,606.0,2025-08-13
SHOP_001,C0254,T00929,463.0,2025-08-13
SHOP_001,C0893,T00930,392.0,2025-08-13
SHOP_001,C0480,T00931,311.0,2025-08-13
SHOP_001,C0097,T00932,936.0,2025-08-13
SHOP_001,C0295,T00933,280.0,2025-08-13
SHOP_001,C0258,T00934,455.0,2025-08-13
SHOP_001,C0247,T00935,479.0,2025-08-13
SHOP_001,C0374,T00936,742.0,2025-08-13
SHOP_001,C0264,T00937,707.0,2025-08-13
SHOP_001,C0659,T00938,493.0,2025-08-13
SHOP_001,C0176,T00939,759.0,2025-08-13
SHOP_001,C0235,T00940,407.0,2025-08-13
SHOP_001,C0937,T00941,432.0,2025-08-14
SHOP_001,C0647,T00942,317.0,2025-08-14
SHOP_001,C0078,T00943,633.0,2025-08-14
SHOP_001,C0237,T00944,784.0,2025-08-14
SHOP_001,C0459,T00945,1027.0,2025-08-14
SHOP_001,C0528,T00946,289.0,2025-08-14
SHOP_001,C0869,T00947,464.0,2025-08-14
SHOP_001,C0636,T00948,1187.0,2025-08-14
SHOP_001,C0415,T00949,1023.0,2025-08-14
SHOP_001,C0768,T00950,592.0,2025-08-14
SHOP_001,C0951,T00951,655.0,2025-08-14
SHOP_001,C0248,T00952,492.0,2025-08-14
SHOP_001,C0512,T00953,616.0,2025-08-14
SHOP_001,C0724,T00954,279.0,2025-08-14
SHOP_001,C0694,T00955,1294.0,2025-08-14
SHOP_001,C0097,T00956,556.0,2025-08-14
SHOP_001,C0869,T00957,433.0,2025-08-14
SHOP_001,C0026,T00958,533.0,2025-08-14
SHOP_001,C0685,T00959,205.0,2025-08-14
SHOP_001,C0847,T00960,504.0,2025-08-14
SHOP_001,C0102,T00961,602.0,2025-08-14
SHOP_001,C0078,T00962,754.0,2025-08-14
SHOP_001,C0318,T00963,593.0,2025-08-14
SHOP_001,C0220,T00964,464.0,2025-08-14
SHOP_001,C0837,T00965,768.0,2025-08-14
SHOP_001,C0677,T00966,1231.0,2025-08-14
SHOP_001,C0176,T00967,827.0,2025-08-14
SHOP_001,C0014,T00968,809.0,2025-08-14
SHOP_001,C0791,T00969,532.0,2025-08-14
SHOP_001,C0572,T00970,636.0,2025-08-14
SHOP_001,C0162,T00971,456.0,2025-08-15
SHOP_001,C0011,T00972,399.0,2025-08-15
SHOP_001,C0968,T00973,551.0,2025-08-15
SHOP_001,C0686,T00974,439.0,2025-08-15
SHOP_001,C0443,T00975,355.0,2025-08-15
SHOP_001,C0768,T00976,939.0,2025-08-15
SHOP_001,C0339,T00977,486.0,2025-08-15
SHOP_001,C0142,T00978,477.0,2025-08-15
SHOP_001,C0962,T00979,757.0,2025-08-15
SHOP_001,C0027,T00980,711.0,2025-08-15
SHOP_001,C0263,T00981,790.0,2025-08-15
SHOP_001,C0209,T00982,504.0,2025-08-15
SHOP_001,C0552,T00983,713.0,2025-08-15
SHOP_001,C0329,T00984,403.0,2025-08-15
SHOP_001,C0716,T00985,870.0,2025-08-15
SHOP_001,C0768,T00986,1025.0,2025-08-15
SHOP_001,C0247,T00987,871.0,2025-08-15
SHOP_001,C0027,T00988,751.0,2025-08-15
SHOP_001,C0451,T00989,652.0,2025-08-15
SHOP_001,C0805,T00990,725.0,2025-08-15
SHOP_001,C0341,T00991,539.0,2025-08-15
SHOP_001,C0091,T00992,623.0,2025-08-15
SHOP_001,C0401,T00993,956.0,2025-08-15
SHOP_001,C0325,T00994,603.0,2025-08-15
SHOP_001,C0919,T00995,531.0,2025-08-15
SHOP_001,C0809,T00996,662.0,2025-08-15
SHOP_001,C0973,T00997,502.0,2025-08-15
SHOP_001,C0273,T00998,871.0,2025-08-15
SHOP_001,C0239,T00999,1053.0,2025-08-15
SHOP_001,C0153,T01000,665.0,2025-08-15
SHOP_001,C0840,T01001,705.0,2025-08-15
SHOP_001,C0050,T01002,735.0,2025-08-15
SHOP_001,C0518,T01003,360.0,2025-08-15
SHOP_001,C0580,T01004,818.0,2025-08-15
SHOP_001,C0408,T01005,674.0,2025-08-16
SHOP_001,C0790,T01006,834.0,2025-08-16
SHOP_001,C0602,T01007,581.0,2025-08-16
SHOP_001,C0112,T01008,577.0,2025-08-16
SHOP_001,C0088,T01009,403.0,2025-08-16
SHOP_001,C0576,T01010,485.0,2025-08-16
SHOP_001,C0741,T01011,542.0,2025-08-16
SHOP_001,C0229,T01012,610.0,2025-08-16
SHOP_001,C0736,T01013,562.0,2025-08-16
SHOP_001,C0451,T01014,347.0,2025-08-16
SHOP_001,C0901,T01015,527.0,2025-08-16
SHOP_001,C0426,T01016,298.0,2025-08-16
SHOP_001,C0806,T01017,499.0,2025-08-16
SHOP_001,C0408,T01018,540.0,2025-08-16
SHOP_001,C0512,T01019,420.0,2025-08-16
SHOP_001,C0181,T01020,434.0,2025-08-16
SHOP_001,C0469,T01021,623.0,2025-08-16
SHOP_001,C0352,T01022,1054.0,2025-08-16
SHOP_001,C0144,T01023,509.0,2025-08-16
SHOP_001,C0329,T01024,473.0,2025-08-16
SHOP_001,C0933,T01025,614.0,2025-08-16
SHOP_001,C0526,T01026,425.0,2025-08-16
SHOP_001,C0218,T01027,694.0,2025-08-16
SHOP_001,C0685,T01028,547.0,2025-08-16
SHOP_001,C0318,T01029,360.0,2025-08-16
SHOP_001,C0736,T01030,501.0,2025-08-16
SHOP_001,C0736,T01031,454.0,2025-08-16
SHOP_001,C0392,T01032,417.0,2025-08-16
SHOP_001,C0901,T01033,692.0,2025-08-16
SHOP_001,C0241,T01034,301.0,2025-08-16
SHOP_001,C0539,T01035,835.0,2025-08-16
SHOP_001,C0552,T01036,669.0,2025-08-16
SHOP_001,C0352,T01037,665.0,2025-08-16
SHOP_001,C0249,T01038,279.0,2025-08-16
SHOP_001,C0777,T01039,399.0,2025-08-16
SHOP_001,C0084,T01040,850.0,2025-08-16
SHOP_001,C0737,T01041,881.0,2025-08-17
SHOP_001,C0478,T01042,522.0,2025-08-17
SHOP_001,C0353,T01043,730.0,2025-08-17
SHOP_001,C0353,T01044,668.0,2025-08-17
SHOP_001,C0294,T01045,623.0,2025-08-17
SHOP_001,C0768,T01046,1731.0,2025-08-17
SHOP_001,C0002,T01047,699.0,2025-08-17
SHOP_001,C0654,T01048,480.0,2025-08-17
SHOP_001,C0529,T01049,561.0,2025-08-17
SHOP_001,C0495,T01050,1038.0,2025-08-17
SHOP_001,C0144,T01051,527.0,2025-08-17
SHOP_001,C0809,T01052,667.0,2025-08-17
SHOP_001,C0024,T01053,400.0,2025-08-17
SHOP_001,C0932,T01054,799.0,2025-08-17
SHOP_001,C0233,T01055,559.0,2025-08-17
SHOP_001,C0809,T01056,540.0,2025-08-17
SHOP_001,C0183,T01057,834.0,2025-08-17
SHOP_001,C0647,T01058,448.0,2025-08-17
SHOP_001,C0230,T01059,1124.0,2025-08-17
SHOP_001,C0288,T01060,609.0,2025-08-17
SHOP_001,C0307,T01061,690.0,2025-08-17
SHOP_001,C0681,T01062,265.0,2025-08-17
SHOP_001,C0311,T01063,452.0,2025-08-17
SHOP_001,C0109,T01064,578.0,2025-08-17
SHOP_001,C0030,T01065,274.0,2025-08-18
SHOP_001,C0211,T01066,428.0,2025-08-18
SHOP_001,C0723,T01067,382.0,2025-08-18
SHOP_001,C0590,T01068,494.0,2025-08-18
SHOP_001,C0045,T01069,327.0,2025-08-18
SHOP_001,C0426,T01070,412.0,2025-08-18
SHOP_001,C0854,T01071,357.0,2025-08-18
SHOP_001,C0618,T01072,374.0,2025-08-18
SHOP_001,C0900,T01073,424.0,2025-08-18
SHOP_001,C0304,T01074,282.0,2025-08-18
SHOP_001,C0732,T01075,537.0,2025-08-18
SHOP_001,C0734,T01076,736.0,2025-08-18
SHOP_001,C0084,T01077,661.0,2025-08-18
SHOP_001,C0528,T01078,353.0,2025-08-18
SHOP_001,C0665,T01079,508.0,2025-08-18
SHOP_001,C0861,T01080,747.0,2025-08-18
SHOP_001,C0670,T01081,953.0,2025-08-18
SHOP_001,C0282,T01082,482.0,2025-08-19
SHOP_001,C0323,T01083,562.0,2025-08-19
SHOP_001,C0040,T01084,817.0,2025-08-19
SHOP_001,C0183,T01085,894.0,2025-08-19
SHOP_001,C0738,T01086,856.0,2025-08-19
SHOP_001,C0019,T01087,870.0,2025-08-19
SHOP_001,C0685,T01088,475.0,2025-08-19
SHOP_001,C0351,T01089,784.0,2025-08-19
SHOP_001,C0384,T01090,266.0,2025-08-19
SHOP_001,C0694,T01091,1074.0,2025-08-19
SHOP_001,C0431,T01092,222.0,2025-08-19
SHOP_001,C0610,T01093,954.0,2025-08-19
SHOP_001,C0509,T01094,841.0,2025-08-19
SHOP_001,C0890,T01095,837.0,2025-08-19
SHOP_001,C0396,T01096,555.0,2025-08-19
SHOP_001,C0085,T01097,488.0,2025-08-19
SHOP_001,C0408,T01098,512.0,2025-08-19
SHOP_001,C0466,T01099,632.0,2025-08-19
SHOP_001,C0214,T01100,741.0,2025-08-19
SHOP_001,C0205,T01101,377.0,2025-08-19
SHOP_001,C0343,T01102,196.0,2025-08-20
SHOP_001,C0160,T01103,503.0,2025-08-20
SHOP_001,C0624,T01104,418.0,2025-08-20
SHOP_001,C0035,T01105,960.0,2025-08-20
SHOP_001,C0495,T01106,530.0,2025-08-20
SHOP_001,C0605,T01107,496.0,2025-08-20
SHOP_001,C0375,T01108,757.0,2025-08-20
SHOP_001,C0901,T01109,406.0,2025-08-20
SHOP_001,C0295,T01110,342.0,2025-08-20
SHOP_001,C0658,T01111,363.0,2025-08-20
SHOP_001,C0090,T01112,403.0,2025-08-20
SHOP_001,C0813,T01113,233.0,2025-08-20
SHOP_001,C0537,T01114,833.0,2025-08-20
SHOP_001,C0501,T01115,395.0,2025-08-20
SHOP_001,C0625,T01116,474.0,2025-08-20
SHOP_001,C0158,T01117,542.0,2025-08-20
SHOP_001,C0288,T01118,561.0,2025-08-20
SHOP_001,C0202,T01119,416.0,2025-08-20
SHOP_001,C0784,T01120,340.0,2025-08-20
SHOP_001,C0708,T01121,361.0,2025-08-21
SHOP_001,C0865,T01122,334.0,2025-08-21
SHOP_001,C0848,T01123,730.0,2025-08-21
SHOP_001,C0672,T01124,620.0,2025-08-21
SHOP_001,C0449,T01125,161.0,2025-08-21
SHOP_001,C0967,T01126,431.0,2025-08-21
SHOP_001,C0601,T01127,213.0,2025-08-21
SHOP_001,C0345,T01128,663.0,2025-08-21
SHOP_001,C0410,T01129,863.0,2025-08-21
SHOP_001,C0277,T01130,755.0,2025-08-21
SHOP_001,C0837,T01131,428.0,2025-08-21
SHOP_001,C0129,T01132,451.0,2025-08-21
SHOP_001,C0153,T01133,644.0,2025-08-21
SHOP_001,C0657,T01134,901.0,2025-08-21
SHOP_001,C0199,T01135,497.0,2025-08-21
SHOP_001,C0426,T01136,472.0,2025-08-21
SHOP_001,C0524,T01137,423.0,2025-08-22
SHOP_001,C0460,T01138,301.0,2025-08-22
SHOP_001,C0628,T01139,528.0,2025-08-22
SHOP_001,C0671,T01140,910.0,2025-08-22
SHOP_001,C0408,T01141,518.0,2025-08-22
SHOP_001,C0579,T01142,558.0,2025-08-22
SHOP_001,C0090,T01143,564.0,2025-08-22
SHOP_001,C0489,T01144,693.0,2025-08-22
SHOP_001,C0928,T01145,451.0,2025-08-22
SHOP_001,C0144,T01146,499.0,2025-08-22
SHOP_001,C0092,T01147,799.0,2025-08-22
SHOP_001,C0503,T01148,319.0,2025-08-22
SHOP_001,C0583,T01149,259.0,2025-08-22
SHOP_001,C0579,T01150,766.0,2025-08-22
SHOP_001,C0174,T01151,855.0,2025-08-22
SHOP_001,C0432,T01152,329.0,2025-08-22
SHOP_001,C0985,T01153,515.0,2025-08-22
SHOP_001,C0728,T01154,971.0,2025-08-22
SHOP_001,C0229,T01155,933.0,2025-08-22
SHOP_001,C0294,T01156,512.0,2025-08-22
SHOP_001,C0877,T01157,458.0,2025-08-22
SHOP_001,C0392,T01158,300.0,2025-08-22
SHOP_001,C0942,T01159,583.0,2025-08-22
SHOP_001,C0769,T01160,684.0,2025-08-22
SHOP_001,C0763,T01161,954.0,2025-08-22
SHOP_001,C0518,T01162,1135.0,2025-08-22
SHOP_001,C0783,T01163,1032.0,2025-08-22
SHOP_001,C0456,T01164,484.0,2025-08-22
SHOP_001,C0512,T01165,382.0,2025-08-23
SHOP_001,C0882,T01166,439.0,2025-08-23
SHOP_001,C0671,T01167,590.0,2025-08-23
SHOP_001,C0201,T01168,633.0,2025-08-23
SHOP_001,C0199,T01169,643.0,2025-08-23
SHOP_001,C0289,T01170,397.0,2025-08-23
SHOP_001,C0492,T01171,599.0,2025-08-23
SHOP_001,C0670,T01172,458.0,2025-08-23
SHOP_001,C0245,T01173,982.0,2025-08-23
SHOP_001,C0714,T01174,548.0,2025-08-23
SHOP_001,C0808,T01175,387.0,2025-08-23
SHOP_001,C0175,T01176,848.0,2025-08-23
SHOP_001,C0733,T01177,633.0,2025-08-23
SHOP_001,C0370,T01178,368.0,2025-08-23
SHOP_001,C0539,T01179,535.0,2025-08-23
SHOP_001,C0539,T01180,440.0,2025-08-23
SHOP_001,C0831,T01181,848.0,2025-08-23
SHOP_001,C0636,T01182,545.0,2025-08-23
SHOP_001,C0745,T01183,307.0,2025-08-23
SHOP_001,C0135,T01184,475.0,2025-08-23
SHOP_001,C0030,T01185,558.0,2025-08-23
SHOP_001,C0534,T01186,311.0,2025-08-23
SHOP_001,C0142,T01187,463.0,2025-08-23
SHOP_001,C0967,T01188,336.0,2025-08-23
SHOP_001,C0718,T01189,528.0,2025-08-23
SHOP_001,C0683,T01190,289.0,2025-08-23
SHOP_001,C0030,T01191,625.0,2025-08-23
SHOP_001,C0670,T01192,590.0,2025-08-23
SHOP_001,C0188,T01193,676.0,2025-08-23
SHOP_001,C0264,T01194,486.0,2025-08-23
SHOP_001,C0562,T01195,598.0,2025-08-23
SHOP_001,C0396,T01196,998.0,2025-08-23
SHOP_001,C0723,T01197,618.0,2025-08-23
SHOP_001,C0317,T01198,407.0,2025-08-23
SHOP_001,C0227,T01199,713.0,2025-08-24
SHOP_001,C0031,T01200,578.0,2025-08-24
SHOP_001,C0188,T01201,379.0,2025-08-24
SHOP_001,C0780,T01202,730.0,2025-08-24
SHOP_001,C0613,T01203,642.0,2025-08-24
SHOP_001,C0985,T01204,387.0,2025-08-24
SHOP_001,C0435,T01205,557.0,2025-08-24
SHOP_001,C0176,T01206,1017.0,2025-08-24
SHOP_001,C0374,T01207,1146.0,2025-08-24
SHOP_001,C0399,T01208,316.0,2025-08-24
SHOP_001,C0823,T01209,307.0,2025-08-24
SHOP_001,C0518,T01210,455.0,2025-08-24
SHOP_001,C0576,T01211,654.0,2025-08-24
SHOP_001,C0211,T01212,396.0,2025-08-24
SHOP_001,C0886,T01213,836.0,2025-08-24
SHOP_001,C0903,T01214,511.0,2025-08-24
SHOP_001,C0924,T01215,1007.0,2025-08-24
SHOP_001,C0105,T01216,776.0,2025-08-24
SHOP_001,C0229,T01217,890.0,2025-08-24
SHOP_001,C0305,T01218,679.0,2025-08-24
SHOP_001,C0426,T01219,280.0,2025-08-24
SHOP_001,C0790,T01220,757.0,2025-08-24
SHOP_001,C0611,T01221,541.0,2025-08-24
SHOP_001,C0982,T01222,535.0,2025-08-24
SHOP_001,C0881,T01223,429.0,2025-08-24
SHOP_001,C0294,T01224,373.0,2025-08-24
SHOP_001,C0102,T01225,545.0,2025-08-24
SHOP_001,C0737,T01226,687.0,2025-08-25
SHOP_001,C0426,T01227,229.0,2025-08-25
SHOP_001,C0495,T01228,637.0,2025-08-25
SHOP_001,C0705,T01229,658.0,2025-08-25
SHOP_001,C0205,T01230,508.0,2025-08-25
SHOP_001,C0066,T01231,406.0,2025-08-25
SHOP_001,C0277,T01232,575.0,2025-08-25
SHOP_001,C0544,T01233,338.0,2025-08-25
SHOP_001,C0433,T01234,864.0,2025-08-25
SHOP_001,C0019,T01235,556.0,2025-08-25
SHOP_001,C0635,T01236,340.0,2025-08-25
SHOP_001,C0591,T01237,1012.0,2025-08-25
SHOP_001,C0019,T01238,305.0,2025-08-25
SHOP_001,C0478,T01239,476.0,2025-08-25
SHOP_001,C0183,T01240,583.0,2025-08-25
SHOP_001,C0771,T01241,428.0,2025-08-25
SHOP_001,C0620,T01242,271.0,2025-08-25
SHOP_001,C0780,T01243,938.0,2025-08-25
SHOP_001,C0106,T01244,600.0,2025-08-25
SHOP_001,C0014,T01245,790.0,2025-08-25
SHOP_001,C0548,T01246,899.0,2025-08-25
SHOP_001,C0119,T01247,651.0,2025-08-25
SHOP_001,C0724,T01248,658.0,2025-08-25
SHOP_001,C0188,T01249,470.0,2025-08-26
SHOP_001,C0028,T01250,265.0,2025-08-26
SHOP_001,C0713,T01251,806.0,2025-08-26
SHOP_001,C0469,T01252,562.0,2025-08-26
SHOP_001,C0129,T01253,303.0,2025-08-26
SHOP_001,C0960,T01254,446.0,2025-08-26
SHOP_001,C0353,T01255,530.0,2025-08-26
SHOP_001,C0512,T01256,332.0,2025-08-26
SHOP_001,C0950,T01257,733.0,2025-08-26
SHOP_001,C0656,T01258,700.0,2025-08-26
SHOP_001,C0515,T01259,503.0,2025-08-26
SHOP_001,C0718,T01260,359.0,2025-08-26
SHOP_001,C0693,T01261,782.0,2025-08-26
SHOP_001,C0198,T01262,478.0,2025-08-26
SHOP_001,C0135,T01263,255.0,2025-08-26
SHOP_001,C0708,T01264,714.0,2025-08-26
SHOP_001,C0120,T01265,885.0,2025-08-26
SHOP_001,C0389,T01266,816.0,2025-08-26
SHOP_001,C0318,T01267,392.0,2025-08-27
SHOP_001,C0239,T01268,905.0,2025-08-27
SHOP_001,C0670,T01269,283.0,2025-08-27
SHOP_001,C0601,T01270,297.0,2025-08-27
SHOP_001,C0509,T01271,894.0,2025-08-27
SHOP_001,C0198,T01272,402.0,2025-08-27
SHOP_001,C0242,T01273,370.0,2025-08-27
SHOP_001,C0273,T01274,548.0,2025-08-27
SHOP_001,C0122,T01275,533.0,2025-08-27
SHOP_001,C0841,T01276,575.0,2025-08-27
SHOP_001,C0846,T01277,463.0,2025-08-27
SHOP_001,C0988,T01278,480.0,2025-08-27
SHOP_001,C0894,T01279,320.0,2025-08-27
SHOP_001,C0523,T01280,319.0,2025-08-27
SHOP_001,C0768,T01281,557.0,2025-08-27
SHOP_001,C0657,T01282,650.0,2025-08-28
SHOP_001,C0468,T01283,619.0,2025-08-28
SHOP_001,C0468,T01284,824.0,2025-08-28
SHOP_001,C0337,T01285,421.0,2025-08-28
SHOP_001,C0501,T01286,363.0,2025-08-28
SHOP_001,C0114,T01287,757.0,2025-08-28
SHOP_001,C0011,T01288,454.0,2025-08-28
SHOP_001,C0967,T01289,410.0,2025-08-28
SHOP_001,C0724,T01290,278.0,2025-08-28
SHOP_001,C0681,T01291,318.0,2025-08-28
SHOP_001,C0508,T01292,707.0,2025-08-28
SHOP_001,C0458,T01293,873.0,2025-08-28
SHOP_001,C0407,T01294,465.0,2025-08-28
SHOP_001,C0426,T01295,379.0,2025-08-28
SHOP_001,C0019,T01296,535.0,2025-08-28
SHOP_001,C0014,T01297,580.0,2025-08-28
SHOP_001,C0768,T01298,686.0,2025-08-28
SHOP_001,C0705,T01299,515.0,2025-08-28
SHOP_001,C0604,T01300,785.0,2025-08-28
SHOP_001,C0227,T01301,380.0,2025-08-28
SHOP_001,C0636,T01302,982.0,2025-08-29
SHOP_001,C0882,T01303,307.0,2025-08-29
SHOP_001,C0981,T01304,966.0,2025-08-29
SHOP_001,C0426,T01305,405.0,2025-08-29
SHOP_001,C0289,T01306,480.0,2025-08-29
SHOP_001,C0465,T01307,679.0,2025-08-29
SHOP_001,C0843,T01308,327.0,2025-08-29
SHOP_001,C0352,T01309,908.0,2025-08-29
SHOP_001,C0084,T01310,586.0,2025-08-29
SHOP_001,C0601,T01311,594.0,2025-08-29
SHOP_001,C0345,T01312,485.0,2025-08-29
SHOP_001,C0295,T01313,467.0,2025-08-29
SHOP_001,C0446,T01314,502.0,2025-08-29
SHOP_001,C0097,T01315,458.0,2025-08-29
SHOP_001,C0850,T01316,754.0,2025-08-29
SHOP_001,C0019,T01317,322.0,2025-08-29
SHOP_001,C0427,T01318,603.0,2025-08-29
SHOP_001,C0855,T01319,373.0,2025-08-29
SHOP_001,C0070,T01320,876.0,2025-08-29
SHOP_001,C0437,T01321,981.0,2025-08-29
SHOP_001,C0850,T01322,758.0,2025-08-29
SHOP_001,C0495,T01323,935.0,2025-08-29
SHOP_001,C0719,T01324,230.0,2025-08-29
SHOP_001,C0639,T01325,938.0,2025-08-29
SHOP_001,C0647,T01326,383.0,2025-08-29
SHOP_001,C0448,T01327,610.0,2025-08-29
SHOP_001,C0622,T01328,801.0,2025-08-30
SHOP_001,C0951,T01329,1056.0,2025-08-30
SHOP_001,C0294,T01330,738.0,2025-08-30
SHOP_001,C0242,T01331,862.0,2025-08-30
SHOP_001,C0529,T01332,529.0,2025-08-30
SHOP_001,C0691,T01333,413.0,2025-08-30
SHOP_001,C0752,T01334,613.0,2025-08-30
SHOP_001,C0874,T01335,708.0,2025-08-30
SHOP_001,C0768,T01336,1102.0,2025-08-30
SHOP_001,C0526,T01337,679.0,2025-08-30
SHOP_001,C0153,T01338,507.0,2025-08-30
SHOP_001,C0382,T01339,599.0,2025-08-30
SHOP_001,C0028,T01340,841.0,2025-08-30
SHOP_001,C0931,T01341,412.0,2025-08-30
SHOP_001,C0352,T01342,696.0,2025-08-30
SHOP_001,C0527,T01343,471.0,2025-08-30
SHOP_001,C0648,T01344,562.0,2025-08-30
SHOP_001,C0683,T01345,262.0,2025-08-30
SHOP_001,C0030,T01346,408.0,2025-08-30
SHOP_001,C0785,T01347,297.0,2025-08-30
SHOP_001,C0362,T01348,1077.0,2025-08-30
SHOP_001,C0811,T01349,401.0,2025-08-30
SHOP_001,C0176,T01350,528.0,2025-08-30
SHOP_001,C0089,T01351,543.0,2025-08-30
SHOP_001,C0955,T01352,500.0,2025-08-30
SHOP_001,C0153,T01353,582.0,2025-08-30
SHOP_001,C0341,T01354,1012.0,2025-08-30
SHOP_001,C0780,T01355,618.0,2025-08-30
SHOP_001,C0657,T01356,714.0,2025-08-30
SHOP_001,C0574,T01357,623.0,2025-08-30
SHOP_001,C0671,T01358,826.0,2025-08-30
SHOP_001,C0224,T01359,767.0,2025-08-30
SHOP_001,C0780,T01360,784.0,2025-08-30
SHOP_001,C0606,T01361,463.0,2025-08-30
SHOP_001,C0396,T01362,387.0,2025-08-30
SHOP_001,C0230,T01363,717.0,2025-08-30
SHOP_001,C0636,T01364,673.0,2025-08-30
SHOP_001,C0700,T01365,327.0,2025-08-31
SHOP_001,C0736,T01366,457.0,2025-08-31
SHOP_001,C0251,T01367,1307.0,2025-08-31
SHOP_001,C0663,T01368,457.0,2025-08-31
SHOP_001,C0533,T01369,643.0,2025-08-31
SHOP_001,C0677,T01370,952.0,2025-08-31
SHOP_001,C0295,T01371,381.0,2025-08-31
SHOP_001,C0533,T01372,365.0,2025-08-31
SHOP_001,C0926,T01373,665.0,2025-08-31
SHOP_001,C0568,T01374,306.0,2025-08-31
SHOP_001,C0943,T01375,530.0,2025-08-31
SHOP_001,C0343,T01376,354.0,2025-08-31
SHOP_001,C0396,T01377,432.0,2025-08-31
SHOP_001,C0524,T01378,255.0,2025-08-31
SHOP_001,C0648,T01379,337.0,2025-08-31
SHOP_001,C0044,T01380,513.0,2025-08-31
SHOP_001,C0937,T01381,830.0,2025-08-31
SHOP_001,C0946,T01382,698.0,2025-08-31
SHOP_001,C0848,T01383,1077.0,2025-08-31
SHOP_001,C0661,T01384,424.0,2025-08-31
SHOP_001,C0769,T01385,922.0,2025-08-31
SHOP_001,C0489,T01386,573.0,2025-08-31
SHOP_001,C0576,T01387,325.0,2025-08-31
SHOP_001,C0254,T01388,695.0,2025-08-31
SHOP_001,C0663,T01389,467.0,2025-08-31
SHOP_001,C0433,T01390,796.0,2025-08-31
SHOP_001,C0218,T01391,641.0,2025-08-31
SHOP_001,C0408,T01392,610.0,2025-08-31
SHOP_001,C0396,T01393,877.0,2025-08-31
SHOP_001,C0153,T01394,937.0,2025-08-31
SHOP_001,C0014,T01395,935.0,2025-08-31
SHOP_001,C0197,T01396,317.0,2025-08-31
SHOP_001,C0352,T01397,704.0,2025-08-31
SHOP_001,C0295,T01398,357.0,2025-08-31
SHOP_001,C0943,T01399,384.0,2025-09-01
SHOP_001,C0266,T01400,343.0,2025-09-01
SHOP_001,C0539,T01401,370.0,2025-09-01
SHOP_001,C0786,T01402,453.0,2025-09-01
SHOP_001,C0916,T01403,525.0,2025-09-01
SHOP_001,C0399,T01404,389.0,2025-09-01
SHOP_001,C0622,T01405,554.0,2025-09-01
SHOP_001,C0435,T01406,752.0,2025-09-01
SHOP_001,C0144,T01407,352.0,2025-09-01
SHOP_001,C0364,T01408,755.0,2025-09-01
SHOP_001,C0539,T01409,360.0,2025-09-01
SHOP_001,C0805,T01410,644.0,2025-09-01
SHOP_001,C0707,T01411,717.0,2025-09-01
SHOP_001,C0188,T01412,507.0,2025-09-01
SHOP_001,C0143,T01413,380.0,2025-09-01
SHOP_001,C0199,T01414,432.0,2025-09-01
SHOP_001,C0704,T01415,469.0,2025-09-01
SHOP_001,C0183,T01416,533.0,2025-09-01
SHOP_001,C0379,T01417,265.0,2025-09-01
SHOP_001,C0308,T01418,497.0,2025-09-01
SHOP_001,C0252,T01419,351.0,2025-09-01
SHOP_001,C0080,T01420,657.0,2025-09-02
SHOP_001,C0671,T01421,1298.0,2025-09-02
SHOP_001,C0661,T01422,950.0,2025-09-02
SHOP_001,C0840,T01423,600.0,2025-09-02
SHOP_001,C0129,T01424,429.0,2025-09-02
SHOP_001,C0111,T01425,280.0,2025-09-02
SHOP_001,C0271,T01426,474.0,2025-09-02
SHOP_001,C0261,T01427,599.0,2025-09-02
SHOP_001,C0100,T01428,1202.0,2025-09-02
SHOP_001,C0957,T01429,660.0,2025-09-02
SHOP_001,C0315,T01430,887.0,2025-09-02
SHOP_001,C0761,T01431,150.0,2025-09-02
SHOP_001,C0080,T01432,915.0,2025-09-02
SHOP_001,C0840,T01433,771.0,2025-09-02
SHOP_001,C0591,T01434,530.0,2025-09-02
SHOP_001,C0185,T01435,519.0,2025-09-02
SHOP_001,C0216,T01436,476.0,2025-09-02
SHOP_001,C0019,T01437,434.0,2025-09-02
SHOP_001,C0440,T01438,691.0,2025-09-02
SHOP_001,C0392,T01439,533.0,2025-09-02
SHOP_001,C0545,T01440,959.0,2025-09-02
SHOP_001,C0752,T01441,607.0,2025-09-02
SHOP_001,C0352,T01442,316.0,2025-09-02
SHOP_001,C0355,T01443,655.0,2025-09-02
SHOP_001,C0943,T01444,848.0,2025-09-02
SHOP_001,C0171,T01445,484.0,2025-09-02
SHOP_001,C0685,T01446,334.0,2025-09-03
SHOP_001,C0854,T01447,445.0,2025-09-03
SHOP_001,C0353,T01448,1386.0,2025-09-03
SHOP_001,C0847,T01449,427.0,2025-09-03
SHOP_001,C0338,T01450,447.0,2025-09-03
SHOP_001,C0539,T01451,412.0,2025-09-03
SHOP_001,C0636,T01452,682.0,2025-09-03
SHOP_001,C0080,T01453,704.0,2025-09-03
SHOP_001,C0176,T01454,842.0,2025-09-03
SHOP_001,C0964,T01455,731.0,2025-09-03
SHOP_001,C0523,T01456,329.0,2025-09-03
SHOP_001,C0708,T01457,1058.0,2025-09-03
SHOP_001,C0708,T01458,762.0,2025-09-03
SHOP_001,C0435,T01459,768.0,2025-09-03
SHOP_001,C0846,T01460,363.0,2025-09-03
SHOP_001,C0804,T01461,523.0,2025-09-03
SHOP_001,C0919,T01462,320.0,2025-09-03
SHOP_001,C0263,T01463,1203.0,2025-09-03
SHOP_001,C0426,T01464,332.0,2025-09-03
SHOP_001,C0692,T01465,570.0,2025-09-03
SHOP_001,C0639,T01466,496.0,2025-09-03
SHOP_001,C0258,T01467,484.0,2025-09-03
SHOP_001,C0657,T01468,643.0,2025-09-03
SHOP_001,C0199,T01469,512.0,2025-09-03
SHOP_001,C0645,T01470,623.0,2025-09-04
SHOP_001,C0373,T01471,620.0,2025-09-04
SHOP_001,C0031,T01472,578.0,2025-09-04
SHOP_001,C0142,T01473,406.0,2025-09-04
SHOP_001,C0201,T01474,524.0,2025-09-04
SHOP_001,C0927,T01475,699.0,2025-09-04
SHOP_001,C0809,T01476,582.0,2025-09-04
SHOP_001,C0984,T01477,270.0,2025-09-04
SHOP_001,C0285,T01478,247.0,2025-09-04
SHOP_001,C0956,T01479,547.0,2025-09-04
SHOP_001,C0266,T01480,367.0,2025-09-04
SHOP_001,C0681,T01481,261.0,2025-09-04
SHOP_001,C0030,T01482,562.0,2025-09-04
SHOP_001,C0812,T01483,544.0,2025-09-04
SHOP_001,C0681,T01484,308.0,2025-09-04
SHOP_001,C0231,T01485,903.0,2025-09-04
SHOP_001,C0284,T01486,681.0,2025-09-04
SHOP_001,C0901,T01487,471.0,2025-09-04
SHOP_001,C0370,T01488,659.0,2025-09-04
SHOP_001,C0979,T01489,498.0,2025-09-05
SHOP_001,C0328,T01490,341.0,2025-09-05
SHOP_001,C0848,T01491,1233.0,2025-09-05
SHOP_001,C0206,T01492,978.0,2025-09-05
SHOP_001,C0729,T01493,618.0,2025-09-05
SHOP_001,C0294,T01494,315.0,2025-09-05
SHOP_001,C0469,T01495,421.0,2025-09-05
SHOP_001,C0352,T01496,801.0,2025-09-05
SHOP_001,C0071,T01497,621.0,2025-09-05
SHOP_001,C0940,T01498,534.0,2025-09-05
SHOP_001,C0133,T01499,769.0,2025-09-05
SHOP_001,C0216,T01500,475.0,2025-09-05
SHOP_001,C0351,T01501,732.0,2025-09-05
SHOP_001,C0772,T01502,607.0,2025-09-05
SHOP_001,C0137,T01503,262.0,2025-09-05
SHOP_001,C0901,T01504,339.0,2025-09-05
SHOP_001,C0766,T01505,495.0,2025-09-05
SHOP_001,C0294,T01506,489.0,2025-09-05
SHOP_001,C0780,T01507,538.0,2025-09-05
SHOP_001,C0791,T01508,678.0,2025-09-05
SHOP_001,C0355,T01509,549.0,2025-09-05
SHOP_001,C0135,T01510,320.0,2025-09-05
SHOP_001,C0699,T01511,358.0,2025-09-05
SHOP_001,C0485,T01512,467.0,2025-09-05
SHOP_001,C0741,T01513,424.0,2025-09-05
SHOP_001,C0548,T01514,617.0,2025-09-05
SHOP_001,C0352,T01515,397.0,2025-09-05
SHOP_001,C0322,T01516,921.0,2025-09-05
SHOP_001,C0097,T01517,1476.0,2025-09-05
SHOP_001,C0470,T01518,865.0,2025-09-05
SHOP_001,C0943,T01519,505.0,2025-09-05
SHOP_001,C0288,T01520,375.0,2025-09-06
SHOP_001,C0458,T01521,639.0,2025-09-06
SHOP_001,C0027,T01522,894.0,2025-09-06
SHOP_001,C0427,T01523,379.0,2025-09-06
SHOP_001,C0973,T01524,490.0,2025-09-06
SHOP_001,C0718,T01525,624.0,2025-09-06
SHOP_001,C0934,T01526,466.0,2025-09-06
SHOP_001,C0996,T01527,573.0,2025-09-06
SHOP_001,C0102,T01528,525.0,2025-09-06
SHOP_001,C0830,T01529,977.0,2025-09-06
SHOP_001,C0073,T01530,616.0,2025-09-06
SHOP_001,C0307,T01531,661.0,2025-09-06
SHOP_001,C0804,T01532,408.0,2025-09-06
SHOP_001,C0716,T01533,526.0,2025-09-06
SHOP_001,C0724,T01534,675.0,2025-09-06
SHOP_001,C0606,T01535,407.0,2025-09-06
SHOP_001,C0790,T01536,567.0,2025-09-06
SHOP_001,C0609,T01537,789.0,2025-09-06
SHOP_001,C0716,T01538,418.0,2025-09-06
SHOP_001,C0404,T01539,1038.0,2025-09-06
SHOP_001,C0734,T01540,422.0,2025-09-06
SHOP_001,C0177,T01541,775.0,2025-09-06
SHOP_001,C0456,T01542,241.0,2025-09-06
SHOP_001,C0073,T01543,693.0,2025-09-06
SHOP_001,C0805,T01544,293.0,2025-09-06
SHOP_001,C0153,T01545,648.0,2025-09-06
SHOP_001,C0694,T01546,755.0,2025-09-06
SHOP_001,C0066,T01547,372.0,2025-09-06
SHOP_001,C0370,T01548,293.0,2025-09-06
SHOP_001,C0483,T01549,333.0,2025-09-06
SHOP_001,C0648,T01550,405.0,2025-09-06
SHOP_001,C0628,T01551,811.0,2025-09-06
SHOP_001,C0106,T01552,605.0,2025-09-06
SHOP_001,C0012,T01553,441.0,2025-09-06
SHOP_001,C0609,T01554,866.0,2025-09-06
SHOP_001,C0199,T01555,357.0,2025-09-06
SHOP_001,C0537,T01556,694.0,2025-09-07
SHOP_001,C0933,T01557,283.0,2025-09-07
SHOP_001,C0852,T01558,408.0,2025-09-07
SHOP_001,C0160,T01559,396.0,2025-09-07
SHOP_001,C0561,T01560,905.0,2025-09-07
SHOP_001,C0864,T01561,470.0,2025-09-07
SHOP_001,C0723,T01562,415.0,2025-09-07
SHOP_001,C0671,T01563,658.0,2025-09-07
SHOP_001,C0071,T01564,965.0,2025-09-07
SHOP_001,C0452,T01565,303.0,2025-09-07
SHOP_001,C0410,T01566,706.0,2025-09-07
SHOP_001,C0917,T01567,370.0,2025-09-07
SHOP_001,C0872,T01568,1074.0,2025-09-07
SHOP_001,C0872,T01569,1461.0,2025-09-07
SHOP_001,C0600,T01570,1319.0,2025-09-07
SHOP_001,C0718,T01571,815.0,2025-09-07
SHOP_001,C0218,T01572,379.0,2025-09-07
SHOP_001,C0078,T01573,869.0,2025-09-07
SHOP_001,C0881,T01574,459.0,2025-09-07
SHOP_001,C0019,T01575,561.0,2025-09-07
SHOP_001,C0478,T01576,556.0,2025-09-07
SHOP_001,C0224,T01577,534.0,2025-09-07
SHOP_001,C0509,T01578,473.0,2025-09-07
SHOP_001,C0218,T01579,323.0,2025-09-07
SHOP_001,C0742,T01580,556.0,2025-09-07
SHOP_001,C0030,T01581,520.0,2025-09-07
SHOP_001,C0584,T01582,545.0,2025-09-07
SHOP_001,C0370,T01583,345.0,2025-09-07
SHOP_001,C0472,T01584,1237.0,2025-09-07
SHOP_001,C0987,T01585,884.0,2025-09-07
SHOP_001,C0294,T01586,769.0,2025-09-07
SHOP_001,C0460,T01587,220.0,2025-09-07
SHOP_001,C0027,T01588,519.0,2025-09-08
SHOP_001,C0938,T01589,737.0,2025-09-08
SHOP_001,C0317,T01590,560.0,2025-09-08
SHOP_001,C0908,T01591,652.0,2025-09-08
SHOP_001,C0014,T01592,578.0,2025-09-08
SHOP_001,C0931,T01593,422.0,2025-09-08
SHOP_001,C0071,T01594,419.0,2025-09-08
SHOP_001,C0506,T01595,337.0,2025-09-08
SHOP_001,C0150,T01596,355.0,2025-09-08
SHOP_001,C0295,T01597,296.0,2025-09-08
SHOP_001,C0724,T01598,333.0,2025-09-08
SHOP_001,C0744,T01599,529.0,2025-09-08
SHOP_001,C0782,T01600,542.0,2025-09-08
SHOP_001,C0135,T01601,423.0,2025-09-08
SHOP_001,C0432,T01602,264.0,2025-09-08
SHOP_001,C0051,T01603,581.0,2025-09-08
SHOP_001,C0227,T01604,683.0,2025-09-08
SHOP_001,C0763,T01605,487.0,2025-09-08
SHOP_001,C0079,T01606,878.0,2025-09-08
SHOP_001,C0372,T01607,1017.0,2025-09-08
SHOP_001,C0685,T01608,349.0,2025-09-08
SHOP_001,C0362,T01609,1091.0,2025-09-08
SHOP_001,C0900,T01610,600.0,2025-09-08
SHOP_001,C0950,T01611,559.0,2025-09-09
SHOP_001,C0440,T01612,645.0,2025-09-09
SHOP_001,C0694,T01613,747.0,2025-09-09
SHOP_001,C0233,T01614,394.0,2025-09-09
SHOP_001,C0110,T01615,553.0,2025-09-09
SHOP_001,C0247,T01616,474.0,2025-09-09
SHOP_001,C0852,T01617,334.0,2025-09-09
SHOP_001,C0943,T01618,206.0,2025-09-09
SHOP_001,C0502,T01619,570.0,2025-09-09
SHOP_001,C0478,T01620,539.0,2025-09-09
SHOP_001,C0507,T01621,493.0,2025-09-09
SHOP_001,C0333,T01622,1062.0,2025-09-09
SHOP_001,C0143,T01623,372.0,2025-09-09
SHOP_001,C0446,T01624,744.0,2025-09-09
SHOP_001,C0352,T01625,615.0,2025-09-09
SHOP_001,C0739,T01626,868.0,2025-09-09
SHOP_001,C0073,T01627,649.0,2025-09-09
SHOP_001,C0552,T01628,390.0,2025-09-09
SHOP_001,C0028,T01629,495.0,2025-09-09
SHOP_001,C0943,T01630,346.0,2025-09-09
SHOP_001,C0690,T01631,441.0,2025-09-09
SHOP_001,C0235,T01632,573.0,2025-09-09
SHOP_001,C0874,T01633,816.0,2025-09-09
SHOP_001,C0918,T01634,531.0,2025-09-10
SHOP_001,C0780,T01635,980.0,2025-09-10
SHOP_001,C0518,T01636,704.0,2025-09-10
SHOP_001,C0864,T01637,339.0,2025-09-10
SHOP_001,C0648,T01638,412.0,2025-09-10
SHOP_001,C0221,T01639,498.0,2025-09-10
SHOP_001,C0680,T01640,814.0,2025-09-10
SHOP_001,C0694,T01641,609.0,2025-09-10
SHOP_001,C0408,T01642,305.0,2025-09-10
SHOP_001,C0906,T01643,565.0,2025-09-10
SHOP_001,C0109,T01644,408.0,2025-09-10
SHOP_001,C0580,T01645,517.0,2025-09-10
SHOP_001,C0973,T01646,713.0,2025-09-10
SHOP_001,C0997,T01647,572.0,2025-09-10
SHOP_001,C0384,T01648,864.0,2025-09-10
SHOP_001,C0517,T01649,350.0,2025-09-10
SHOP_001,C0786,T01650,558.0,2025-09-10
SHOP_001,C0353,T01651,862.0,2025-09-10
SHOP_001,C0719,T01652,416.0,2025-09-10
SHOP_001,C0429,T01653,472.0,2025-09-10
SHOP_001,C0667,T01654,446.0,2025-09-10
SHOP_001,C0914,T01655,566.0,2025-09-10
SHOP_001,C0805,T01656,474.0,2025-09-10
SHOP_001,C0836,T01657,622.0,2025-09-10
SHOP_001,C0524,T01658,561.0,2025-09-11
SHOP_001,C0031,T01659,405.0,2025-09-11
SHOP_001,C0686,T01660,381.0,2025-09-11
SHOP_001,C0943,T01661,482.0,2025-09-11
SHOP_001,C0983,T01662,592.0,2025-09-11
SHOP_001,C0671,T01663,436.0,2025-09-11
SHOP_001,C0625,T01664,599.0,2025-09-11
SHOP_001,C0028,T01665,601.0,2025-09-11
SHOP_001,C0854,T01666,629.0,2025-09-11
SHOP_001,C0609,T01667,323.0,2025-09-11
SHOP_001,C0860,T01668,447.0,2025-09-11
SHOP_001,C0705,T01669,530.0,2025-09-11
SHOP_001,C0077,T01670,596.0,2025-09-11
SHOP_001,C0950,T01671,865.0,2025-09-11
SHOP_001,C0263,T01672,509.0,2025-09-11
SHOP_001,C0763,T01673,379.0,2025-09-11
SHOP_001,C0877,T01674,483.0,2025-09-11
SHOP_001,C0512,T01675,814.0,2025-09-11
SHOP_001,C0362,T01676,463.0,2025-09-11
SHOP_001,C0166,T01677,459.0,2025-09-11
SHOP_001,C0539,T01678,592.0,2025-09-11
SHOP_001,C0940,T01679,472.0,2025-09-11
SHOP_001,C0989,T01680,281.0,2025-09-11
SHOP_001,C0835,T01681,239.0,2025-09-11
SHOP_001,C0524,T01682,758.0,2025-09-11
SHOP_001,C0019,T01683,535.0,2025-09-11
SHOP_001,C0808,T01684,257.0,2025-09-11
SHOP_001,C0710,T01685,633.0,2025-09-11
SHOP_001,C0450,T01686,556.0,2025-09-11
SHOP_001,C0556,T01687,478.0,2025-09-12
SHOP_001,C0392,T01688,543.0,2025-09-12
SHOP_001,C0235,T01689,605.0,2025-09-12
SHOP_001,C0951,T01690,760.0,2025-09-12
SHOP_001,C0763,T01691,679.0,2025-09-12
SHOP_001,C0763,T01692,419.0,2025-09-12
SHOP_001,C0943,T01693,498.0,2025-09-12
SHOP_001,C0651,T01694,477.0,2025-09-12
SHOP_001,C0891,T01695,601.0,2025-09-12
SHOP_001,C0588,T01696,371.0,2025-09-12
SHOP_001,C0646,T01697,729.0,2025-09-12
SHOP_001,C0771,T01698,1214.0,2025-09-12
SHOP_001,C0943,T01699,446.0,2025-09-12
SHOP_001,C0144,T01700,798.0,2025-09-12
SHOP_001,C0742,T01701,760.0,2025-09-12
SHOP_001,C0779,T01702,546.0,2025-09-12
SHOP_001,C0027,T01703,440.0,2025-09-12
SHOP_001,C0732,T01704,642.0,2025-09-12
SHOP_001,C0375,T01705,576.0,2025-09-12
SHOP_001,C0353,T01706,844.0,2025-09-12
SHOP_001,C0203,T01707,326.0,2025-09-12
SHOP_001,C0716,T01708,436.0,2025-09-12
SHOP_001,C0359,T01709,881.0,2025-09-12
SHOP_001,C0784,T01710,1076.0,2025-09-12
SHOP_001,C0199,T01711,497.0,2025-09-12
SHOP_001,C0447,T01712,272.0,2025-09-12
SHOP_001,C0001,T01713,659.0,2025-09-12
SHOP_001,C0929,T01714,512.0,2025-09-12
SHOP_001,C0295,T01715,256.0,2025-09-12
SHOP_001,C0247,T01716,506.0,2025-09-12
SHOP_001,C0439,T01717,938.0,2025-09-12
SHOP_001,C0140,T01718,415.0,2025-09-12
SHOP_001,C0788,T01719,600.0,2025-09-12
SHOP_001,C0135,T01720,388.0,2025-09-12
SHOP_001,C0803,T01721,430.0,2025-09-13
SHOP_001,C0945,T01722,373.0,2025-09-13
SHOP_001,C0014,T01723,575.0,2025-09-13
SHOP_001,C0691,T01724,366.0,2025-09-13
SHOP_001,C0686,T01725,356.0,2025-09-13
SHOP_001,C0628,T01726,976.0,2025-09-13
SHOP_001,C0028,T01727,531.0,2025-09-13
SHOP_001,C0737,T01728,694.0,2025-09-13
SHOP_001,C0485,T01729,504.0,2025-09-13
SHOP_001,C0140,T01730,716.0,2025-09-13
SHOP_001,C0671,T01731,591.0,2025-09-13
SHOP_001,C0208,T01732,585.0,2025-09-13
SHOP_001,C0694,T01733,693.0,2025-09-13
SHOP_001,C0308,T01734,772.0,2025-09-13
SHOP_001,C0407,T01735,414.0,2025-09-13
SHOP_001,C0560,T01736,458.0,2025-09-13
SHOP_001,C0367,T01737,659.0,2025-09-13
SHOP_001,C0782,T01738,553.0,2025-09-13
SHOP_001,C0838,T01739,631.0,2025-09-13
SHOP_001,C0891,T01740,605.0,2025-09-13
SHOP_001,C0277,T01741,665.0,2025-09-13
SHOP_001,C0694,T01742,506.0,2025-09-13
SHOP_001,C0106,T01743,844.0,2025-09-13
SHOP_001,C0903,T01744,617.0,2025-09-13
SHOP_001,C0245,T01745,678.0,2025-09-13
SHOP_001,C0505,T01746,397.0,2025-09-13
SHOP_001,C0979,T01747,411.0,2025-09-13
SHOP_001,C0527,T01748,623.0,2025-09-13
SHOP_001,C0526,T01749,524.0,2025-09-13
SHOP_001,C0613,T01750,372.0,2025-09-13
SHOP_001,C0019,T01751,675.0,2025-09-14
SHOP_001,C0681,T01752,619.0,2025-09-14
SHOP_001,C0294,T01753,493.0,2025-09-14
SHOP_001,C0681,T01754,515.0,2025-09-14
SHOP_001,C0353,T01755,818.0,2025-09-14
SHOP_001,C0771,T01756,536.0,2025-09-14
SHOP_001,C0418,T01757,1112.0,2025-09-14
SHOP_001,C0931,T01758,717.0,2025-09-14
SHOP_001,C0552,T01759,536.0,2025-09-14
SHOP_001,C0296,T01760,399.0,2025-09-14
SHOP_001,C0014,T01761,1334.0,2025-09-14
SHOP_001,C0690,T01762,597.0,2025-09-14
SHOP_001,C0125,T01763,538.0,2025-09-14
SHOP_001,C0211,T01764,510.0,2025-09-14
SHOP_001,C0868,T01765,995.0,2025-09-14
SHOP_001,C0512,T01766,824.0,2025-09-14
SHOP_001,C0030,T01767,363.0,2025-09-14
SHOP_001,C0525,T01768,975.0,2025-09-14
SHOP_001,C0286,T01769,351.0,2025-09-14
SHOP_001,C0530,T01770,466.0,2025-09-14
SHOP_001,C0714,T01771,351.0,2025-09-14
SHOP_001,C0188,T01772,723.0,2025-09-14
SHOP_001,C0055,T01773,302.0,2025-09-14
SHOP_001,C0738,T01774,479.0,2025-09-14
SHOP_001,C0097,T01775,608.0,2025-09-14
SHOP_001,C0216,T01776,476.0,2025-09-14
SHOP_001,C0768,T01777,521.0,2025-09-14
SHOP_001,C0012,T01778,353.0,2025-09-15
SHOP_001,C0440,T01779,535.0,2025-09-15
SHOP_001,C0382,T01780,698.0,2025-09-15
SHOP_001,C0848,T01781,638.0,2025-09-15
SHOP_001,C0704,T01782,627.0,2025-09-15
SHOP_001,C0080,T01783,735.0,2025-09-15
SHOP_001,C0768,T01784,602.0,2025-09-15
SHOP_001,C0359,T01785,533.0,2025-09-15
SHOP_001,C0359,T01786,595.0,2025-09-15
SHOP_001,C0260,T01787,606.0,2025-09-15
SHOP_001,C0694,T01788,1124.0,2025-09-15
SHOP_001,C0868,T01789,671.0,2025-09-15
SHOP_001,C0233,T01790,445.0,2025-09-15
SHOP_001,C0665,T01791,408.0,2025-09-15
SHOP_001,C0031,T01792,638.0,2025-09-16
SHOP_001,C0862,T01793,833.0,2025-09-16
SHOP_001,C0102,T01794,558.0,2025-09-16
SHOP_001,C0123,T01795,389.0,2025-09-16
SHOP_001,C0409,T01796,250.0,2025-09-16
SHOP_001,C0838,T01797,567.0,2025-09-16
SHOP_001,C0153,T01798,612.0,2025-09-16
SHOP_001,C0139,T01799,431.0,2025-09-16
SHOP_001,C0294,T01800,337.0,2025-09-16
SHOP_001,C0769,T01801,372.0,2025-09-16
SHOP_001,C0753,T01802,402.0,2025-09-16
SHOP_001,C0515,T01803,359.0,2025-09-16
SHOP_001,C0089,T01804,336.0,2025-09-16
SHOP_001,C0989,T01805,389.0,2025-09-16
SHOP_001,C0097,T01806,691.0,2025-09-16
SHOP_001,C0791,T01807,583.0,2025-09-16
SHOP_001,C0591,T01808,609.0,2025-09-17
SHOP_001,C0591,T01809,676.0,2025-09-17
SHOP_001,C0155,T01810,754.0,2025-09-17
SHOP_001,C0373,T01811,515.0,2025-09-17
SHOP_001,C0872,T01812,813.0,2025-09-17
SHOP_001,C0768,T01813,480.0,2025-09-17
SHOP_001,C0718,T01814,544.0,2025-09-17
SHOP_001,C0197,T01815,548.0,2025-09-17
SHOP_001,C0901,T01816,420.0,2025-09-17
SHOP_001,C0135,T01817,367.0,2025-09-17
SHOP_001,C0731,T01818,792.0,2025-09-17
SHOP_001,C0583,T01819,359.0,2025-09-17
SHOP_001,C0182,T01820,416.0,2025-09-17
SHOP_001,C0891,T01821,506.0,2025-09-17
SHOP_001,C0677,T01822,890.0,2025-09-17
SHOP_001,C0216,T01823,342.0,2025-09-17
SHOP_001,C0122,T01824,423.0,2025-09-17
SHOP_001,C0186,T01825,458.0,2025-09-17
SHOP_001,C0648,T01826,390.0,2025-09-17
SHOP_001,C0583,T01827,313.0,2025-09-17
SHOP_001,C0557,T01828,337.0,2025-09-17
SHOP_001,C0924,T01829,418.0,2025-09-18
SHOP_001,C0757,T01830,495.0,2025-09-18
SHOP_001,C0308,T01831,496.0,2025-09-18
SHOP_001,C0492,T01832,568.0,2025-09-18
SHOP_001,C0031,T01833,637.0,2025-09-18
SHOP_001,C0476,T01834,302.0,2025-09-18
SHOP_001,C0070,T01835,683.0,2025-09-18
SHOP_001,C0529,T01836,559.0,2025-09-18
SHOP_001,C0551,T01837,558.0,2025-09-18
SHOP_001,C0440,T01838,638.0,2025-09-18
SHOP_001,C0737,T01839,606.0,2025-09-18
SHOP_001,C0294,T01840,603.0,2025-09-18
SHOP_001,C0426,T01841,342.0,2025-09-18
SHOP_001,C0659,T01842,567.0,2025-09-18
SHOP_001,C0529,T01843,777.0,2025-09-18
SHOP_001,C0805,T01844,414.0,2025-09-18
SHOP_001,C0685,T01845,394.0,2025-09-18
SHOP_001,C0066,T01846,368.0,2025-09-18
SHOP_001,C0323,T01847,598.0,2025-09-18
SHOP_001,C0295,T01848,343.0,2025-09-18
SHOP_001,C0723,T01849,397.0,2025-09-18
SHOP_001,C0167,T01850,716.0,2025-09-18
SHOP_001,C0080,T01851,679.0,2025-09-18
SHOP_001,C0809,T01852,678.0,2025-09-18
SHOP_001,C0813,T01853,400.0,2025-09-18
SHOP_001,C0466,T01854,1098.0,2025-09-18
SHOP_001,C0997,T01855,671.0,2025-09-19
SHOP_001,C0770,T01856,747.0,2025-09-19
SHOP_001,C0741,T01857,740.0,2025-09-19
SHOP_001,C0768,T01858,469.0,2025-09-19
SHOP_001,C0353,T01859,849.0,2025-09-19
SHOP_001,C0188,T01860,474.0,2025-09-19
SHOP_001,C0190,T01861,805.0,2025-09-19
SHOP_001,C0409,T01862,636.0,2025-09-19
SHOP_001,C0498,T01863,933.0,2025-09-19
SHOP_001,C0670,T01864,541.0,2025-09-19
SHOP_001,C0786,T01865,496.0,2025-09-19
SHOP_001,C0287,T01866,943.0,2025-09-19
SHOP_001,C0686,T01867,356.0,2025-09-19
SHOP_001,C0541,T01868,459.0,2025-09-19
SHOP_001,C0663,T01869,390.0,2025-09-19
SHOP_001,C0144,T01870,634.0,2025-09-19
SHOP_001,C0741,T01871,697.0,2025-09-19
SHOP_001,C0020,T01872,753.0,2025-09-19
SHOP_001,C0539,T01873,528.0,2025-09-19
SHOP_001,C0249,T01874,567.0,2025-09-19
SHOP_001,C0721,T01875,891.0,2025-09-19
SHOP_001,C0078,T01876,572.0,2025-09-19
SHOP_001,C0718,T01877,560.0,2025-09-19
SHOP_001,C0539,T01878,695.0,2025-09-19
SHOP_001,C0219,T01879,604.0,2025-09-19
SHOP_001,C0235,T01880,398.0,2025-09-19
SHOP_001,C0768,T01881,911.0,2025-09-19
SHOP_001,C0097,T01882,835.0,2025-09-19
SHOP_001,C0168,T01883,479.0,2025-09-19
SHOP_001,C0105,T01884,952.0,2025-09-19
SHOP_001,C0901,T01885,416.0,2025-09-19
SHOP_001,C0066,T01886,660.0,2025-09-19
SHOP_001,C0585,T01887,713.0,2025-09-19
SHOP_001,C0535,T01888,460.0,2025-09-19
SHOP_001,C0073,T01889,524.0,2025-09-19
SHOP_001,C0493,T01890,428.0,2025-09-19
SHOP_001,C0108,T01891,755.0,2025-09-20
SHOP_001,C0943,T01892,528.0,2025-09-20
SHOP_001,C0073,T01893,951.0,2025-09-20
SHOP_001,C0950,T01894,828.0,2025-09-20
SHOP_001,C0661,T01895,510.0,2025-09-20
SHOP_001,C0716,T01896,914.0,2025-09-20
SHOP_001,C0123,T01897,842.0,2025-09-20
SHOP_001,C0905,T01898,641.0,2025-09-20
SHOP_001,C0277,T01899,435.0,2025-09-20
SHOP_001,C0440,T01900,1188.0,2025-09-20
SHOP_001,C0593,T01901,473.0,2025-09-20
SHOP_001,C0031,T01902,401.0,2025-09-20
SHOP_001,C0752,T01903,509.0,2025-09-20
SHOP_001,C0446,T01904,376.0,2025-09-20
SHOP_001,C0276,T01905,885.0,2025-09-20
SHOP_001,C0592,T01906,1656.0,2025-09-20
SHOP_001,C0169,T01907,856.0,2025-09-20
SHOP_001,C0754,T01908,729.0,2025-09-20
SHOP_001,C0247,T01909,496.0,2025-09-20
SHOP_001,C0498,T01910,821.0,2025-09-20
SHOP_001,C0435,T01911,664.0,2025-09-20
SHOP_001,C0478,T01912,836.0,2025-09-20
SHOP_001,C0443,T01913,559.0,2025-09-20
SHOP_001,C0509,T01914,744.0,2025-09-20
SHOP_001,C0835,T01915,367.0,2025-09-20
SHOP_001,C0435,T01916,978.0,2025-09-20
SHOP_001,C0353,T01917,959.0,2025-09-20
SHOP_001,C0123,T01918,586.0,2025-09-20
SHOP_001,C0876,T01919,459.0,2025-09-20
SHOP_001,C0928,T01920,816.0,2025-09-20
SHOP_001,C0370,T01921,369.0,2025-09-20
SHOP_001,C0490,T01922,577.0,2025-09-20
SHOP_001,C0123,T01923,356.0,2025-09-20
SHOP_001,C0990,T01924,615.0,2025-09-20
SHOP_001,C0030,T01925,478.0,2025-09-20
SHOP_001,C0219,T01926,872.0,2025-09-20
SHOP_001,C0848,T01927,596.0,2025-09-20
SHOP_001,C0258,T01928,653.0,2025-09-20
SHOP_001,C0180,T01929,580.0,2025-09-20
SHOP_001,C0918,T01930,757.0,2025-09-20
SHOP_001,C0505,T01931,560.0,2025-09-20
SHOP_001,C0474,T01932,573.0,2025-09-20
SHOP_001,C0495,T01933,422.0,2025-09-21
SHOP_001,C0777,T01934,666.0,2025-09-21
SHOP_001,C0745,T01935,577.0,2025-09-21
SHOP_001,C0202,T01936,741.0,2025-09-21
SHOP_001,C0835,T01937,483.0,2025-09-21
SHOP_001,C0805,T01938,435.0,2025-09-21
SHOP_001,C0573,T01939,547.0,2025-09-21
SHOP_001,C0493,T01940,335.0,2025-09-21
SHOP_001,C0791,T01941,1047.0,2025-09-21
SHOP_001,C0407,T01942,570.0,2025-09-21
SHOP_001,C0793,T01943,393.0,2025-09-21
SHOP_001,C0949,T01944,453.0,2025-09-21
SHOP_001,C0694,T01945,829.0,2025-09-21
SHOP_001,C0408,T01946,582.0,2025-09-21
SHOP_001,C0162,T01947,498.0,2025-09-21
SHOP_001,C0854,T01948,485.0,2025-09-21
SHOP_001,C0694,T01949,1219.0,2025-09-21
SHOP_001,C0236,T01950,967.0,2025-09-21
SHOP_001,C0396,T01951,410.0,2025-09-21
SHOP_001,C0503,T01952,666.0,2025-09-21
SHOP_001,C0773,T01953,744.0,2025-09-21
SHOP_001,C0809,T01954,946.0,2025-09-21
SHOP_001,C0738,T01955,738.0,2025-09-21
SHOP_001,C0821,T01956,427.0,2025-09-21
SHOP_001,C0147,T01957,465.0,2025-09-21
SHOP_001,C0105,T01958,1107.0,2025-09-21
SHOP_001,C0744,T01959,978.0,2025-09-21
SHOP_001,C0892,T01960,661.0,2025-09-21
SHOP_001,C0639,T01961,400.0,2025-09-21
SHOP_001,C0811,T01962,517.0,2025-09-21
SHOP_001,C0673,T01963,476.0,2025-09-21
SHOP_001,C0490,T01964,726.0,2025-09-21
SHOP_001,C0054,T01965,816.0,2025-09-21
SHOP_001,C0367,T01966,650.0,2025-09-22
SHOP_001,C0277,T01967,502.0,2025-09-22
SHOP_001,C0304,T01968,365.0,2025-09-22
SHOP_001,C0802,T01969,695.0,2025-09-22
SHOP_001,C0763,T01970,873.0,2025-09-22
SHOP_001,C0762,T01971,410.0,2025-09-22
SHOP_001,C0353,T01972,590.0,2025-09-22
SHOP_001,C0080,T01973,841.0,2025-09-22
SHOP_001,C0183,T01974,659.0,2025-09-22
SHOP_001,C0105,T01975,621.0,2025-09-22
SHOP_001,C0548,T01976,1075.0,2025-09-22
SHOP_001,C0273,T01977,598.0,2025-09-22
SHOP_001,C0206,T01978,565.0,2025-09-22
SHOP_001,C0459,T01979,1239.0,2025-09-22
SHOP_001,C0790,T01980,441.0,2025-09-22
SHOP_001,C0609,T01981,428.0,2025-09-22
SHOP_001,C0353,T01982,533.0,2025-09-22
SHOP_001,C0440,T01983,497.0,2025-09-22
SHOP_001,C0681,T01984,225.0,2025-09-22
SHOP_001,C0508,T01985,962.0,2025-09-23
SHOP_001,C0523,T01986,518.0,2025-09-23
SHOP_001,C0791,T01987,563.0,2025-09-23
SHOP_001,C0655,T01988,592.0,2025-09-23
SHOP_001,C0693,T01989,831.0,2025-09-23
SHOP_001,C0967,T01990,603.0,2025-09-23
SHOP_001,C0888,T01991,625.0,2025-09-23
SHOP_001,C0066,T01992,322.0,2025-09-23
SHOP_001,C0900,T01993,438.0,2025-09-23
SHOP_001,C0641,T01994,306.0,2025-09-23
SHOP_001,C0714,T01995,519.0,2025-09-23
SHOP_001,C0924,T01996,359.0,2025-09-23
SHOP_001,C0881,T01997,339.0,2025-09-23
SHOP_001,C0967,T01998,602.0,2025-09-23
SHOP_001,C0112,T01999,1038.0,2025-09-23
SHOP_001,C0837,T02000,538.0,2025-09-23
SHOP_001,C0708,T02001,624.0,2025-09-23
SHOP_001,C0670,T02002,459.0,2025-09-23
SHOP_001,C0987,T02003,713.0,2025-09-23
SHOP_001,C0648,T02004,396.0,2025-09-23
SHOP_001,C0273,T02005,410.0,2025-09-23
SHOP_001,C0767,T02006,307.0,2025-09-23
SHOP_001,C0511,T02007,559.0,2025-09-23
SHOP_001,C0900,T02008,822.0,2025-09-23
SHOP_001,C0588,T02009,419.0,2025-09-23
SHOP_001,C0819,T02010,738.0,2025-09-23
SHOP_001,C0407,T02011,376.0,2025-09-24
SHOP_001,C0585,T02012,890.0,2025-09-24
SHOP_001,C0490,T02013,358.0,2025-09-24
SHOP_001,C0295,T02014,289.0,2025-09-24
SHOP_001,C0254,T02015,375.0,2025-09-24
SHOP_001,C0789,T02016,487.0,2025-09-24
SHOP_001,C0848,T02017,619.0,2025-09-24
SHOP_001,C0263,T02018,503.0,2025-09-24
SHOP_001,C0277,T02019,580.0,2025-09-24
SHOP_001,C0277,T02020,956.0,2025-09-24
SHOP_001,C0209,T02021,493.0,2025-09-24
SHOP_001,C0411,T02022,370.0,2025-09-24
SHOP_001,C0035,T02023,469.0,2025-09-24
SHOP_001,C0938,T02024,545.0,2025-09-24
SHOP_001,C0858,T02025,585.0,2025-09-24
SHOP_001,C0386,T02026,533.0,2025-09-24
SHOP_001,C0019,T02027,630.0,2025-09-24
SHOP_001,C0817,T02028,882.0,2025-09-24
SHOP_001,C0229,T02029,818.0,2025-09-24
SHOP_001,C0429,T02030,341.0,2025-09-24
SHOP_001,C0490,T02031,465.0,2025-09-24
SHOP_001,C0345,T02032,602.0,2025-09-24
SHOP_001,C0528,T02033,596.0,2025-09-24
SHOP_001,C0649,T02034,443.0,2025-09-25
SHOP_001,C0517,T02035,604.0,2025-09-25
SHOP_001,C0613,T02036,716.0,2025-09-25
SHOP_001,C0896,T02037,565.0,2025-09-25
SHOP_001,C0451,T02038,409.0,2025-09-25
SHOP_001,C0413,T02039,551.0,2025-09-25
SHOP_001,C0549,T02040,570.0,2025-09-25
SHOP_001,C0954,T02041,807.0,2025-09-25
SHOP_001,C0681,T02042,363.0,2025-09-25
SHOP_001,C0353,T02043,613.0,2025-09-25
SHOP_001,C0195,T02044,740.0,2025-09-25
SHOP_001,C0181,T02045,538.0,2025-09-25
SHOP_001,C0399,T02046,266.0,2025-09-25
SHOP_001,C0336,T02047,427.0,2025-09-25
SHOP_001,C0912,T02048,310.0,2025-09-25
SHOP_001,C0972,T02049,803.0,2025-09-25
SHOP_001,C0240,T02050,517.0,2025-09-25
SHOP_001,C0280,T02051,588.0,2025-09-25
SHOP_001,C0864,T02052,446.0,2025-09-25
SHOP_001,C0667,T02053,363.0,2025-09-25
SHOP_001,C0049,T02054,396.0,2025-09-25
SHOP_001,C0985,T02055,649.0,2025-09-25
SHOP_001,C0919,T02056,727.0,2025-09-25
SHOP_001,C0940,T02057,313.0,2025-09-25
SHOP_001,C0791,T02058,483.0,2025-09-25
SHOP_001,C0135,T02059,350.0,2025-09-25
SHOP_001,C0440,T02060,755.0,2025-09-25
SHOP_001,C0306,T02061,583.0,2025-09-25
SHOP_001,C0392,T02062,446.0,2025-09-25
SHOP_001,C0077,T02063,718.0,2025-09-26
SHOP_001,C0456,T02064,366.0,2025-09-26
SHOP_001,C0030,T02065,503.0,2025-09-26
SHOP_001,C0705,T02066,805.0,2025-09-26
SHOP_001,C0404,T02067,1111.0,2025-09-26
SHOP_001,C0943,T02068,665.0,2025-09-26
SHOP_001,C0787,T02069,367.0,2025-09-26
SHOP_001,C0872,T02070,745.0,2025-09-26
SHOP_001,C0339,T02071,371.0,2025-09-26
SHOP_001,C0312,T02072,461.0,2025-09-26
SHOP_001,C0414,T02073,393.0,2025-09-26
SHOP_001,C0263,T02074,1065.0,2025-09-26
SHOP_001,C0084,T02075,452.0,2025-09-26
SHOP_001,C0809,T02076,602.0,2025-09-26
SHOP_001,C0557,T02077,741.0,2025-09-26
SHOP_001,C0144,T02078,785.0,2025-09-26
SHOP_001,C0144,T02079,419.0,2025-09-26
SHOP_001,C0924,T02080,319.0,2025-09-26
SHOP_001,C0306,T02081,553.0,2025-09-26
SHOP_001,C0928,T02082,938.0,2025-09-26
SHOP_001,C0644,T02083,514.0,2025-09-26
SHOP_001,C0999,T02084,550.0,2025-09-26
SHOP_001,C0525,T02085,485.0,2025-09-26
SHOP_001,C0300,T02086,485.0,2025-09-26
SHOP_001,C0768,T02087,743.0,2025-09-26
SHOP_001,C0294,T02088,764.0,2025-09-26
SHOP_001,C0718,T02089,382.0,2025-09-26
SHOP_001,C0586,T02090,721.0,2025-09-26
SHOP_001,C0674,T02091,585.0,2025-09-26
SHOP_001,C0498,T02092,696.0,2025-09-26
SHOP_001,C0610,T02093,1130.0,2025-09-26
SHOP_001,C0509,T02094,494.0,2025-09-26
SHOP_001,C0371,T02095,409.0,2025-09-26
SHOP_001,C0754,T02096,821.0,2025-09-26
SHOP_001,C0782,T02097,514.0,2025-09-26
SHOP_001,C0842,T02098,437.0,2025-09-26
SHOP_001,C0338,T02099,505.0,2025-09-26
SHOP_001,C0629,T02100,551.0,2025-09-26
SHOP_001,C0123,T02101,675.0,2025-09-26
SHOP_001,C0097,T02102,1044.0,2025-09-26
SHOP_001,C0943,T02103,472.0,2025-09-26
SHOP_001,C0338,T02104,502.0,2025-09-27
SHOP_001,C0212,T02105,513.0,2025-09-27
SHOP_001,C0713,T02106,325.0,2025-09-27
SHOP_001,C0768,T02107,1014.0,2025-09-27
SHOP_001,C0691,T02108,787.0,2025-09-27
SHOP_001,C0263,T02109,442.0,2025-09-27
SHOP_001,C0643,T02110,1070.0,2025-09-27
SHOP_001,C0490,T02111,665.0,2025-09-27
SHOP_001,C0294,T02112,394.0,2025-09-27
SHOP_001,C0180,T02113,736.0,2025-09-27
SHOP_001,C0768,T02114,716.0,2025-09-27
SHOP_001,C0098,T02115,620.0,2025-09-27
SHOP_001,C0768,T02116,796.0,2025-09-27
SHOP_001,C0787,T02117,441.0,2025-09-27
SHOP_001,C0808,T02118,417.0,2025-09-27
SHOP_001,C0097,T02119,973.0,2025-09-27
SHOP_001,C0456,T02120,387.0,2025-09-27
SHOP_001,C0713,T02121,879.0,2025-09-27
SHOP_001,C0881,T02122,393.0,2025-09-27
SHOP_001,C0940,T02123,446.0,2025-09-27
SHOP_001,C0224,T02124,1100.0,2025-09-27
SHOP_001,C0793,T02125,343.0,2025-09-27
SHOP_001,C0030,T02126,449.0,2025-09-27
SHOP_001,C0745,T02127,561.0,2025-09-27
SHOP_001,C0539,T02128,664.0,2025-09-27
SHOP_001,C0080,T02129,956.0,2025-09-27
SHOP_001,C0073,T02130,817.0,2025-09-27
SHOP_001,C0420,T02131,543.0,2025-09-27
SHOP_001,C0732,T02132,382.0,2025-09-27
SHOP_001,C0158,T02133,730.0,2025-09-27
SHOP_001,C0089,T02134,413.0,2025-09-27
SHOP_001,C0841,T02135,549.0,2025-09-27
SHOP_001,C0109,T02136,514.0,2025-09-27
SHOP_001,C0227,T02137,343.0,2025-09-27
SHOP_001,C0718,T02138,772.0,2025-09-27
SHOP_001,C0526,T02139,537.0,2025-09-27
SHOP_001,C0754,T02140,581.0,2025-09-27
SHOP_001,C0791,T02141,512.0,2025-09-27
SHOP_001,C0754,T02142,671.0,2025-09-27
SHOP_001,C0083,T02143,592.0,2025-09-27
SHOP_001,C0670,T02144,602.0,2025-09-27
SHOP_001,C0716,T02145,646.0,2025-09-27
SHOP_001,C0295,T02146,240.0,2025-09-27
SHOP_001,C0527,T02147,972.0,2025-09-28
SHOP_001,C0197,T02148,505.0,2025-09-28
SHOP_001,C0097,T02149,703.0,2025-09-28
SHOP_001,C0685,T02150,392.0,2025-09-28
SHOP_001,C0744,T02151,507.0,2025-09-28
SHOP_001,C0881,T02152,469.0,2025-09-28
SHOP_001,C0556,T02153,707.0,2025-09-28
SHOP_001,C0924,T02154,541.0,2025-09-28
SHOP_001,C0021,T02155,1016.0,2025-09-28
SHOP_001,C0051,T02156,387.0,2025-09-28
SHOP_001,C0299,T02157,863.0,2025-09-28
SHOP_001,C0803,T02158,349.0,2025-09-28
SHOP_001,C0579,T02159,414.0,2025-09-28
SHOP_001,C0098,T02160,696.0,2025-09-28
SHOP_001,C0188,T02161,513.0,2025-09-28
SHOP_001,C0771,T02162,368.0,2025-09-28
SHOP_001,C0149,T02163,1166.0,2025-09-28
SHOP_001,C0266,T02164,625.0,2025-09-28
SHOP_001,C0066,T02165,587.0,2025-09-28
SHOP_001,C0884,T02166,938.0,2025-09-28
SHOP_001,C0744,T02167,611.0,2025-09-28
SHOP_001,C0691,T02168,284.0,2025-09-28
SHOP_001,C0882,T02169,349.0,2025-09-28
SHOP_001,C0014,T02170,756.0,2025-09-28
SHOP_001,C0657,T02171,867.0,2025-09-28
SHOP_001,C0070,T02172,741.0,2025-09-28
SHOP_001,C0578,T02173,606.0,2025-09-28
SHOP_001,C0768,T02174,735.0,2025-09-28
SHOP_001,C0441,T02175,555.0,2025-09-28
SHOP_001,C0785,T02176,401.0,2025-09-28
SHOP_001,C0849,T02177,543.0,2025-09-28
SHOP_001,C0214,T02178,520.0,2025-09-28
SHOP_001,C0035,T02179,584.0,2025-09-28
SHOP_001,C0590,T02180,648.0,2025-09-28
SHOP_001,C0026,T02181,493.0,2025-09-28
SHOP_001,C0905,T02182,389.0,2025-09-28
SHOP_001,C0441,T02183,556.0,2025-09-29
SHOP_001,C0895,T02184,702.0,2025-09-29
SHOP_001,C0240,T02185,407.0,2025-09-29
SHOP_001,C0398,T02186,494.0,2025-09-29
SHOP_001,C0942,T02187,654.0,2025-09-29
SHOP_001,C0967,T02188,641.0,2025-09-29
SHOP_001,C0981,T02189,499.0,2025-09-29
SHOP_001,C0150,T02190,378.0,2025-09-29
SHOP_001,C0872,T02191,703.0,2025-09-29
SHOP_001,C0110,T02192,959.0,2025-09-29
SHOP_001,C0727,T02193,1173.0,2025-09-29
SHOP_001,C0282,T02194,446.0,2025-09-29
SHOP_001,C0848,T02195,869.0,2025-09-29
SHOP_001,C0681,T02196,526.0,2025-09-29
SHOP_001,C0693,T02197,696.0,2025-09-29
SHOP_001,C0391,T02198,296.0,2025-09-29
SHOP_001,C0718,T02199,898.0,2025-09-29
SHOP_001,C0021,T02200,387.0,2025-09-29
SHOP_001,C0718,T02201,665.0,2025-09-29
SHOP_001,C0761,T02202,448.0,2025-09-29
SHOP_001,C0436,T02203,370.0,2025-09-30
SHOP_001,C0644,T02204,283.0,2025-09-30
SHOP_001,C0992,T02205,577.0,2025-09-30
SHOP_001,C0829,T02206,614.0,2025-09-30
SHOP_001,C0144,T02207,376.0,2025-09-30
SHOP_001,C0434,T02208,477.0,2025-09-30
SHOP_001,C0503,T02209,329.0,2025-09-30
SHOP_001,C0921,T02210,608.0,2025-09-30
SHOP_001,C0526,T02211,640.0,2025-09-30
SHOP_001,C0468,T02212,947.0,2025-09-30
SHOP_001,C0997,T02213,805.0,2025-09-30
SHOP_001,C0188,T02214,332.0,2025-09-30
SHOP_001,C0949,T02215,579.0,2025-09-30
SHOP_001,C0019,T02216,777.0,2025-09-30
SHOP_001,C0288,T02217,734.0,2025-09-30
SHOP_001,C0718,T02218,248.0,2025-09-30
SHOP_001,C0805,T02219,301.0,2025-09-30
SHOP_001,C0744,T02220,416.0,2025-09-30
SHOP_001,C0435,T02221,1152.0,2025-09-30
SHOP_001,C0370,T02222,248.0,2025-10-01
SHOP_001,C0943,T02223,413.0,2025-10-01
SHOP_001,C0515,T02224,470.0,2025-10-01
SHOP_001,C0718,T02225,584.0,2025-10-01
SHOP_001,C0202,T02226,520.0,2025-10-01
SHOP_001,C0685,T02227,334.0,2025-10-01
SHOP_001,C0094,T02228,441.0,2025-10-01
SHOP_001,C0784,T02229,628.0,2025-10-01
SHOP_001,C0646,T02230,526.0,2025-10-01
SHOP_001,C0094,T02231,408.0,2025-10-01
SHOP_001,C0956,T02232,590.0,2025-10-01
SHOP_001,C0106,T02233,470.0,2025-10-01
SHOP_001,C0407,T02234,382.0,2025-10-01
SHOP_001,C0968,T02235,550.0,2025-10-01
SHOP_001,C0791,T02236,722.0,2025-10-01
SHOP_001,C0238,T02237,498.0,2025-10-01
SHOP_001,C0105,T02238,715.0,2025-10-01
SHOP_001,C0352,T02239,729.0,2025-10-01
SHOP_001,C0498,T02240,586.0,2025-10-01
SHOP_001,C0368,T02241,628.0,2025-10-01
SHOP_001,C0966,T02242,215.0,2025-10-01
SHOP_001,C0901,T02243,386.0,2025-10-01
SHOP_001,C0591,T02244,583.0,2025-10-01
SHOP_001,C0477,T02245,380.0,2025-10-01
SHOP_001,C0481,T02246,490.0,2025-10-01
SHOP_001,C0019,T02247,909.0,2025-10-01
SHOP_001,C0998,T02248,317.0,2025-10-01
SHOP_001,C0534,T02249,352.0,2025-10-01
SHOP_001,C0142,T02250,321.0,2025-10-01
SHOP_001,C0724,T02251,316.0,2025-10-02
SHOP_001,C0426,T02252,434.0,2025-10-02
SHOP_001,C0681,T02253,381.0,2025-10-02
SHOP_001,C0375,T02254,645.0,2025-10-02
SHOP_001,C0512,T02255,171.0,2025-10-02
SHOP_001,C0945,T02256,573.0,2025-10-02
SHOP_001,C0763,T02257,669.0,2025-10-02
SHOP_001,C0206,T02258,874.0,2025-10-02
SHOP_001,C0584,T02259,679.0,2025-10-02
SHOP_001,C0943,T02260,435.0,2025-10-02
SHOP_001,C0140,T02261,409.0,2025-10-02
SHOP_001,C0341,T02262,545.0,2025-10-02
SHOP_001,C0255,T02263,610.0,2025-10-02
SHOP_001,C0754,T02264,753.0,2025-10-02
SHOP_001,C0353,T02265,739.0,2025-10-02
SHOP_001,C0216,T02266,542.0,2025-10-02
SHOP_001,C0426,T02267,285.0,2025-10-02
SHOP_001,C0782,T02268,278.0,2025-10-02
SHOP_001,C0312,T02269,713.0,2025-10-02
SHOP_001,C0227,T02270,533.0,2025-10-02
SHOP_001,C0066,T02271,457.0,2025-10-02
SHOP_001,C0590,T02272,273.0,2025-10-02
SHOP_001,C0109,T02273,518.0,2025-10-02
SHOP_001,C0528,T02274,443.0,2025-10-02
SHOP_001,C0201,T02275,442.0,2025-10-02
SHOP_001,C0539,T02276,455.0,2025-10-02
SHOP_001,C0671,T02277,434.0,2025-10-02
SHOP_001,C0834,T02278,564.0,2025-10-03
SHOP_001,C0590,T02279,482.0,2025-10-03
SHOP_001,C0015,T02280,454.0,2025-10-03
SHOP_001,C0456,T02281,907.0,2025-10-03
SHOP_001,C0067,T02282,1034.0,2025-10-03
SHOP_001,C0628,T02283,632.0,2025-10-03
SHOP_001,C0369,T02284,478.0,2025-10-03
SHOP_001,C0808,T02285,343.0,2025-10-03
SHOP_001,C0729,T02286,979.0,2025-10-03
SHOP_001,C0685,T02287,315.0,2025-10-03
SHOP_001,C0469,T02288,299.0,2025-10-03
SHOP_001,C0194,T02289,952.0,2025-10-03
SHOP_001,C0562,T02290,605.0,2025-10-03
SHOP_001,C0052,T02291,433.0,2025-10-03
SHOP_001,C0077,T02292,673.0,2025-10-03
SHOP_001,C0584,T02293,702.0,2025-10-03
SHOP_001,C0097,T02294,417.0,2025-10-03
SHOP_001,C0109,T02295,326.0,2025-10-03
SHOP_001,C0685,T02296,445.0,2025-10-03
SHOP_001,C0777,T02297,502.0,2025-10-03
SHOP_001,C0282,T02298,416.0,2025-10-03
SHOP_001,C0512,T02299,682.0,2025-10-03
SHOP_001,C0636,T02300,875.0,2025-10-03
SHOP_001,C0677,T02301,545.0,2025-10-03
SHOP_001,C0649,T02302,487.0,2025-10-03
SHOP_001,C0966,T02303,569.0,2025-10-03
SHOP_001,C0462,T02304,783.0,2025-10-03
SHOP_001,C0741,T02305,623.0,2025-10-03
SHOP_001,C0490,T02306,372.0,2025-10-03
SHOP_001,C0686,T02307,409.0,2025-10-03
SHOP_001,C0636,T02308,748.0,2025-10-03
SHOP_001,C0254,T02309,560.0,2025-10-03
SHOP_001,C0753,T02310,492.0,2025-10-03
SHOP_001,C0338,T02311,451.0,2025-10-04
SHOP_001,C0093,T02312,718.0,2025-10-04
SHOP_001,C0477,T02313,438.0,2025-10-04
SHOP_001,C0266,T02314,355.0,2025-10-04
SHOP_001,C0294,T02315,338.0,2025-10-04
SHOP_001,C0456,T02316,408.0,2025-10-04
SHOP_001,C0092,T02317,516.0,2025-10-04
SHOP_001,C0035,T02318,643.0,2025-10-04
SHOP_001,C0665,T02319,441.0,2025-10-04
SHOP_001,C0539,T02320,443.0,2025-10-04
SHOP_001,C0325,T02321,702.0,2025-10-04
SHOP_001,C0233,T02322,407.0,2025-10-04
SHOP_001,C0101,T02323,934.0,2025-10-04
SHOP_001,C0754,T02324,689.0,2025-10-04
SHOP_001,C0488,T02325,1000.0,2025-10-04
SHOP_001,C0097,T02326,964.0,2025-10-04
SHOP_001,C0288,T02327,795.0,2025-10-04
SHOP_001,C0401,T02328,772.0,2025-10-04
SHOP_001,C0530,T02329,558.0,2025-10-04
SHOP_001,C0436,T02330,528.0,2025-10-04
SHOP_001,C0768,T02331,768.0,2025-10-04
SHOP_001,C0311,T02332,294.0,2025-10-04
SHOP_001,C0768,T02333,758.0,2025-10-04
SHOP_001,C0780,T02334,734.0,2025-10-04
SHOP_001,C0660,T02335,495.0,2025-10-04
SHOP_001,C0229,T02336,908.0,2025-10-04
SHOP_001,C0626,T02337,556.0,2025-10-04
SHOP_001,C0009,T02338,345.0,2025-10-04
SHOP_001,C0127,T02339,620.0,2025-10-04
SHOP_001,C0966,T02340,356.0,2025-10-04
SHOP_001,C0928,T02341,767.0,2025-10-04
SHOP_001,C0386,T02342,592.0,2025-10-04
SHOP_001,C0447,T02343,300.0,2025-10-05
SHOP_001,C0928,T02344,746.0,2025-10-05
SHOP_001,C0854,T02345,468.0,2025-10-05
SHOP_001,C0485,T02346,726.0,2025-10-05
SHOP_001,C0354,T02347,635.0,2025-10-05
SHOP_001,C0225,T02348,444.0,2025-10-05
SHOP_001,C0498,T02349,767.0,2025-10-05
SHOP_001,C0590,T02350,843.0,2025-10-05
SHOP_001,C0728,T02351,581.0,2025-10-05
SHOP_001,C0593,T02352,537.0,2025-10-05
SHOP_001,C0156,T02353,485.0,2025-10-05
SHOP_001,C0580,T02354,490.0,2025-10-05
SHOP_001,C0900,T02355,539.0,2025-10-05
SHOP_001,C0019,T02356,874.0,2025-10-05
SHOP_001,C0426,T02357,328.0,2025-10-05
SHOP_001,C0308,T02358,600.0,2025-10-05
SHOP_001,C0030,T02359,519.0,2025-10-05
SHOP_001,C0158,T02360,587.0,2025-10-05
SHOP_001,C0947,T02361,364.0,2025-10-05
SHOP_001,C0667,T02362,229.0,2025-10-05
SHOP_001,C0808,T02363,784.0,2025-10-05
SHOP_001,C0407,T02364,487.0,2025-10-05
SHOP_001,C0035,T02365,499.0,2025-10-05
SHOP_001,C0066,T02366,609.0,2025-10-05
SHOP_001,C0844,T02367,930.0,2025-10-05
SHOP_001,C0701,T02368,460.0,2025-10-05
SHOP_001,C0540,T02369,786.0,2025-10-05
SHOP_001,C0490,T02370,247.0,2025-10-06
SHOP_001,C0063,T02371,487.0,2025-10-06
SHOP_001,C0123,T02372,639.0,2025-10-06
SHOP_001,C0578,T02373,280.0,2025-10-06
SHOP_001,C0097,T02374,679.0,2025-10-06
SHOP_001,C0918,T02375,371.0,2025-10-06
SHOP_001,C0464,T02376,296.0,2025-10-06
SHOP_001,C0681,T02377,241.0,2025-10-06
SHOP_001,C0938,T02378,1409.0,2025-10-06
SHOP_001,C0901,T02379,768.0,2025-10-06
SHOP_001,C0278,T02380,898.0,2025-10-06
SHOP_001,C0721,T02381,655.0,2025-10-06
SHOP_001,C0618,T02382,614.0,2025-10-06
SHOP_001,C0123,T02383,657.0,2025-10-06
SHOP_001,C0923,T02384,810.0,2025-10-06
SHOP_001,C0089,T02385,277.0,2025-10-06
SHOP_001,C0271,T02386,568.0,2025-10-06
SHOP_001,C0010,T02387,280.0,2025-10-06
SHOP_001,C0392,T02388,212.0,2025-10-06
SHOP_001,C0985,T02389,482.0,2025-10-06
SHOP_001,C0276,T02390,375.0,2025-10-06
SHOP_001,C0771,T02391,978.0,2025-10-06
SHOP_001,C0377,T02392,349.0,2025-10-06
SHOP_001,C0864,T02393,289.0,2025-10-06
SHOP_001,C0198,T02394,644.0,2025-10-06
SHOP_001,C0230,T02395,572.0,2025-10-06
SHOP_001,C0071,T02396,391.0,2025-10-06
SHOP_001,C0456,T02397,295.0,2025-10-07
SHOP_001,C0353,T02398,366.0,2025-10-07
SHOP_001,C0279,T02399,399.0,2025-10-07
SHOP_001,C0051,T02400,183.0,2025-10-07
SHOP_001,C0074,T02401,381.0,2025-10-07
SHOP_001,C0996,T02402,532.0,2025-10-07
SHOP_001,C0359,T02403,414.0,2025-10-07
SHOP_001,C0822,T02404,223.0,2025-10-07
SHOP_001,C0180,T02405,552.0,2025-10-07
SHOP_001,C0447,T02406,231.0,2025-10-07
SHOP_001,C0928,T02407,444.0,2025-10-07
SHOP_001,C0936,T02408,998.0,2025-10-07
SHOP_001,C0097,T02409,651.0,2025-10-07
SHOP_001,C0186,T02410,309.0,2025-10-07
SHOP_001,C0965,T02411,502.0,2025-10-07
SHOP_001,C0382,T02412,723.0,2025-10-07
SHOP_001,C0610,T02413,1074.0,2025-10-07
SHOP_001,C0870,T02414,355.0,2025-10-08
SHOP_001,C0997,T02415,480.0,2025-10-08
SHOP_001,C0897,T02416,800.0,2025-10-08
SHOP_001,C0910,T02417,953.0,2025-10-08
SHOP_001,C0174,T02418,519.0,2025-10-08
SHOP_001,C0478,T02419,610.0,2025-10-08
SHOP_001,C0220,T02420,295.0,2025-10-08
SHOP_001,C0162,T02421,586.0,2025-10-08
SHOP_001,C0411,T02422,431.0,2025-10-08
SHOP_001,C0490,T02423,593.0,2025-10-08
SHOP_001,C0140,T02424,383.0,2025-10-08
SHOP_001,C0940,T02425,252.0,2025-10-08
SHOP_001,C0433,T02426,489.0,2025-10-08
SHOP_001,C0294,T02427,383.0,2025-10-08
SHOP_001,C0692,T02428,295.0,2025-10-08
SHOP_001,C0685,T02429,468.0,2025-10-08
SHOP_001,C0512,T02430,357.0,2025-10-08
SHOP_001,C0325,T02431,979.0,2025-10-08
SHOP_001,C0005,T02432,627.0,2025-10-08
SHOP_001,C0648,T02433,263.0,2025-10-08
SHOP_001,C0619,T02434,719.0,2025-10-08
SHOP_001,C0156,T02435,572.0,2025-10-08
SHOP_001,C0671,T02436,904.0,2025-10-08
SHOP_001,C0703,T02437,520.0,2025-10-08
SHOP_001,C0591,T02438,395.0,2025-10-08
SHOP_001,C0780,T02439,760.0,2025-10-08
SHOP_001,C0737,T02440,601.0,2025-10-08
SHOP_001,C0378,T02441,956.0,2025-10-08
SHOP_001,C0421,T02442,604.0,2025-10-08
SHOP_001,C0250,T02443,215.0,2025-10-08
SHOP_001,C0793,T02444,515.0,2025-10-08
SHOP_001,C0132,T02445,830.0,2025-10-09
SHOP_001,C0386,T02446,682.0,2025-10-09
SHOP_001,C0071,T02447,626.0,2025-10-09
SHOP_001,C0451,T02448,349.0,2025-10-09
SHOP_001,C0343,T02449,426.0,2025-10-09
SHOP_001,C0625,T02450,594.0,2025-10-09
SHOP_001,C0439,T02451,643.0,2025-10-09
SHOP_001,C0831,T02452,1067.0,2025-10-09
SHOP_001,C0548,T02453,733.0,2025-10-09
SHOP_001,C0084,T02454,754.0,2025-10-09
SHOP_001,C0769,T02455,580.0,2025-10-09
SHOP_001,C0247,T02456,653.0,2025-10-09
SHOP_001,C0014,T02457,689.0,2025-10-09
SHOP_001,C0769,T02458,444.0,2025-10-09
SHOP_001,C0446,T02459,460.0,2025-10-09
SHOP_001,C0918,T02460,642.0,2025-10-09
SHOP_001,C0852,T02461,278.0,2025-10-09
SHOP_001,C0939,T02462,580.0,2025-10-09
SHOP_001,C0738,T02463,569.0,2025-10-09
SHOP_001,C0694,T02464,742.0,2025-10-09
SHOP_001,C0949,T02465,511.0,2025-10-09
SHOP_001,C0486,T02466,565.0,2025-10-09
SHOP_001,C0694,T02467,641.0,2025-10-09
SHOP_001,C0216,T02468,576.0,2025-10-09
SHOP_001,C0499,T02469,770.0,2025-10-09
SHOP_001,C0511,T02470,399.0,2025-10-09
SHOP_001,C0126,T02471,506.0,2025-10-09
SHOP_001,C0264,T02472,466.0,2025-10-09
SHOP_001,C0359,T02473,766.0,2025-10-10
SHOP_001,C0332,T02474,384.0,2025-10-10
SHOP_001,C0323,T02475,970.0,2025-10-10
SHOP_001,C0220,T02476,871.0,2025-10-10
SHOP_001,C0940,T02477,303.0,2025-10-10
SHOP_001,C0288,T02478,931.0,2025-10-10
SHOP_001,C0158,T02479,396.0,2025-10-10
SHOP_001,C0874,T02480,750.0,2025-10-10
SHOP_001,C0855,T02481,249.0,2025-10-10
SHOP_001,C0224,T02482,1073.0,2025-10-10
SHOP_001,C0374,T02483,1330.0,2025-10-10
SHOP_001,C0323,T02484,857.0,2025-10-10
SHOP_001,C0683,T02485,414.0,2025-10-10
SHOP_001,C0099,T02486,676.0,2025-10-10
SHOP_001,C0132,T02487,513.0,2025-10-10
SHOP_001,C0692,T02488,508.0,2025-10-10
SHOP_001,C0988,T02489,344.0,2025-10-10
SHOP_001,C0188,T02490,410.0,2025-10-10
SHOP_001,C0060,T02491,891.0,2025-10-10
SHOP_001,C0762,T02492,722.0,2025-10-10
SHOP_001,C0492,T02493,757.0,2025-10-10
SHOP_001,C0943,T02494,351.0,2025-10-10
SHOP_001,C0101,T02495,470.0,2025-10-10
SHOP_001,C0174,T02496,624.0,2025-10-10
SHOP_001,C0973,T02497,512.0,2025-10-10
SHOP_001,C0694,T02498,868.0,2025-10-10
SHOP_001,C0197,T02499,369.0,2025-10-10
SHOP_001,C0809,T02500,1107.0,2025-10-10
SHOP_001,C0791,T02501,516.0,2025-10-10
SHOP_001,C0768,T02502,878.0,2025-10-10
SHOP_001,C0744,T02503,591.0,2025-10-10
SHOP_001,C0089,T02504,436.0,2025-10-10
SHOP_001,C0074,T02505,539.0,2025-10-10
SHOP_001,C0447,T02506,286.0,2025-10-10
SHOP_001,C0681,T02507,382.0,2025-10-10
SHOP_001,C0586,T02508,815.0,2025-10-10
SHOP_001,C0479,T02509,488.0,2025-10-11
SHOP_001,C0625,T02510,455.0,2025-10-11
SHOP_001,C0276,T02511,598.0,2025-10-11
SHOP_001,C0509,T02512,608.0,2025-10-11
SHOP_001,C0477,T02513,373.0,2025-10-11
SHOP_001,C0088,T02514,692.0,2025-10-11
SHOP_001,C0097,T02515,937.0,2025-10-11
SHOP_001,C0713,T02516,899.0,2025-10-11
SHOP_001,C0071,T02517,349.0,2025-10-11
SHOP_001,C0352,T02518,661.0,2025-10-11
SHOP_001,C0696,T02519,595.0,2025-10-11
SHOP_001,C0710,T02520,683.0,2025-10-11
SHOP_001,C0401,T02521,869.0,2025-10-11
SHOP_001,C0753,T02522,692.0,2025-10-11
SHOP_001,C0258,T02523,570.0,2025-10-11
SHOP_001,C0048,T02524,596.0,2025-10-11
SHOP_001,C0097,T02525,691.0,2025-10-11
SHOP_001,C0768,T02526,1084.0,2025-10-11
SHOP_001,C0014,T02527,926.0,2025-10-11
SHOP_001,C0396,T02528,659.0,2025-10-11
SHOP_001,C0345,T02529,916.0,2025-10-11
SHOP_001,C0993,T02530,874.0,2025-10-11
SHOP_001,C0784,T02531,411.0,2025-10-11
SHOP_001,C0378,T02532,487.0,2025-10-11
SHOP_001,C0372,T02533,617.0,2025-10-11
SHOP_001,C0465,T02534,367.0,2025-10-11
SHOP_001,C0910,T02535,763.0,2025-10-11
SHOP_001,C0512,T02536,388.0,2025-10-11
SHOP_001,C0586,T02537,960.0,2025-10-11
SHOP_001,C0427,T02538,654.0,2025-10-11
SHOP_001,C0694,T02539,742.0,2025-10-11
SHOP_001,C0706,T02540,490.0,2025-10-11
SHOP_001,C0907,T02541,824.0,2025-10-11
SHOP_001,C0901,T02542,565.0,2025-10-11
SHOP_001,C0216,T02543,600.0,2025-10-11
SHOP_001,C0456,T02544,679.0,2025-10-11
SHOP_001,C0051,T02545,594.0,2025-10-11
SHOP_001,C0855,T02546,553.0,2025-10-11
SHOP_001,C0329,T02547,317.0,2025-10-11
SHOP_001,C0028,T02548,493.0,2025-10-11
SHOP_001,C0379,T02549,373.0,2025-10-11
SHOP_001,C0908,T02550,283.0,2025-10-12
SHOP_001,C0534,T02551,471.0,2025-10-12
SHOP_001,C0295,T02552,181.0,2025-10-12
SHOP_001,C0877,T02553,437.0,2025-10-12
SHOP_001,C0996,T02554,901.0,2025-10-12
SHOP_001,C0896,T02555,420.0,2025-10-12
SHOP_001,C0968,T02556,944.0,2025-10-12
SHOP_001,C0732,T02557,823.0,2025-10-12
SHOP_001,C0227,T02558,563.0,2025-10-12
SHOP_001,C0202,T02559,528.0,2025-10-12
SHOP_001,C0685,T02560,344.0,2025-10-12
SHOP_001,C0042,T02561,249.0,2025-10-12
SHOP_001,C0699,T02562,1052.0,2025-10-12
SHOP_001,C0426,T02563,318.0,2025-10-12
SHOP_001,C0985,T02564,489.0,2025-10-12
SHOP_001,C0897,T02565,903.0,2025-10-12
SHOP_001,C0503,T02566,416.0,2025-10-12
SHOP_001,C0123,T02567,433.0,2025-10-12
SHOP_001,C0845,T02568,450.0,2025-10-12
SHOP_001,C0130,T02569,592.0,2025-10-12
SHOP_001,C0090,T02570,452.0,2025-10-12
SHOP_001,C0881,T02571,341.0,2025-10-12
SHOP_001,C0341,T02572,601.0,2025-10-12
SHOP_001,C0707,T02573,938.0,2025-10-12
SHOP_001,C0392,T02574,481.0,2025-10-12
SHOP_001,C0808,T02575,569.0,2025-10-12
SHOP_001,C0495,T02576,865.0,2025-10-12
SHOP_001,C0030,T02577,429.0,2025-10-12
SHOP_001,C0407,T02578,587.0,2025-10-12
SHOP_001,C0729,T02579,280.0,2025-10-12
SHOP_001,C0714,T02580,701.0,2025-10-12
SHOP_001,C0527,T02581,423.0,2025-10-12
SHOP_001,C0323,T02582,686.0,2025-10-12
SHOP_001,C0502,T02583,761.0,2025-10-12
SHOP_001,C0218,T02584,1034.0,2025-10-12
SHOP_001,C0295,T02585,399.0,2025-10-12
SHOP_001,C0078,T02586,601.0,2025-10-12
SHOP_001,C0266,T02587,247.0,2025-10-12
SHOP_001,C0184,T02588,553.0,2025-10-13
SHOP_001,C0854,T02589,316.0,2025-10-13
SHOP_001,C0057,T02590,555.0,2025-10-13
SHOP_001,C0940,T02591,403.0,2025-10-13
SHOP_001,C0447,T02592,236.0,2025-10-13
SHOP_001,C0493,T02593,478.0,2025-10-13
SHOP_001,C0371,T02594,545.0,2025-10-13
SHOP_001,C0070,T02595,532.0,2025-10-13
SHOP_001,C0294,T02596,664.0,2025-10-13
SHOP_001,C0738,T02597,501.0,2025-10-13
SHOP_001,C0669,T02598,513.0,2025-10-13
SHOP_001,C0426,T02599,239.0,2025-10-13
SHOP_001,C0766,T02600,566.0,2025-10-13
SHOP_001,C0418,T02601,757.0,2025-10-13
SHOP_001,C0808,T02602,340.0,2025-10-13
SHOP_001,C0621,T02603,330.0,2025-10-13
SHOP_001,C0426,T02604,287.0,2025-10-13
SHOP_001,C0097,T02605,568.0,2025-10-13
SHOP_001,C0976,T02606,888.0,2025-10-13
SHOP_001,C0353,T02607,450.0,2025-10-13
SHOP_001,C0426,T02608,159.0,2025-10-13
SHOP_001,C0852,T02609,480.0,2025-10-14
SHOP_001,C0308,T02610,426.0,2025-10-14
SHOP_001,C0030,T02611,633.0,2025-10-14
SHOP_001,C0075,T02612,278.0,2025-10-14
SHOP_001,C0498,T02613,671.0,2025-10-14
SHOP_001,C0464,T02614,433.0,2025-10-14
SHOP_001,C0924,T02615,421.0,2025-10-14
SHOP_001,C0738,T02616,468.0,2025-10-14
SHOP_001,C0713,T02617,675.0,2025-10-14
SHOP_001,C0718,T02618,693.0,2025-10-14
SHOP_001,C0694,T02619,829.0,2025-10-14
SHOP_001,C0708,T02620,639.0,2025-10-14
SHOP_001,C0690,T02621,365.0,2025-10-14
SHOP_001,C0577,T02622,398.0,2025-10-14
SHOP_001,C0860,T02623,309.0,2025-10-14
SHOP_001,C0998,T02624,337.0,2025-10-14
SHOP_001,C0933,T02625,318.0,2025-10-14
SHOP_001,C0227,T02626,425.0,2025-10-14
SHOP_001,C0809,T02627,950.0,2025-10-14
SHOP_001,C0693,T02628,713.0,2025-10-14
SHOP_001,C0977,T02629,662.0,2025-10-14
SHOP_001,C0568,T02630,428.0,2025-10-14
SHOP_001,C0771,T02631,398.0,2025-10-14
SHOP_001,C0277,T02632,400.0,2025-10-14
SHOP_001,C0392,T02633,411.0,2025-10-14
SHOP_001,C0075,T02634,413.0,2025-10-14
SHOP_001,C0518,T02635,449.0,2025-10-14
SHOP_001,C0435,T02636,865.0,2025-10-14
SHOP_001,C0976,T02637,590.0,2025-10-15
SHOP_001,C0644,T02638,589.0,2025-10-15
SHOP_001,C0042,T02639,312.0,2025-10-15
SHOP_001,C0773,T02640,772.0,2025-10-15
SHOP_001,C0942,T02641,892.0,2025-10-15
SHOP_001,C0054,T02642,896.0,2025-10-15
SHOP_001,C0475,T02643,672.0,2025-10-15
SHOP_001,C0813,T02644,413.0,2025-10-15
SHOP_001,C0881,T02645,445.0,2025-10-15
SHOP_001,C0633,T02646,390.0,2025-10-15
SHOP_001,C0482,T02647,544.0,2025-10-15
SHOP_001,C0686,T02648,394.0,2025-10-15
SHOP_001,C0541,T02649,554.0,2025-10-15
SHOP_001,C0812,T02650,233.0,2025-10-15
SHOP_001,C0505,T02651,359.0,2025-10-15
SHOP_001,C0973,T02652,381.0,2025-10-15
SHOP_001,C0102,T02653,701.0,2025-10-15
SHOP_001,C0008,T02654,1254.0,2025-10-15
SHOP_001,C0791,T02655,503.0,2025-10-15
SHOP_001,C0084,T02656,743.0,2025-10-15
SHOP_001,C0948,T02657,611.0,2025-10-15
SHOP_001,C0967,T02658,495.0,2025-10-15
SHOP_001,C0784,T02659,609.0,2025-10-15
SHOP_001,C0988,T02660,382.0,2025-10-15
SHOP_001,C0353,T02661,1102.0,2025-10-15
SHOP_001,C0325,T02662,330.0,2025-10-15
SHOP_001,C0913,T02663,891.0,2025-10-15
SHOP_001,C0744,T02664,658.0,2025-10-15
SHOP_001,C0755,T02665,1397.0,2025-10-15
SHOP_001,C0762,T02666,425.0,2025-10-15
SHOP_001,C0031,T02667,492.0,2025-10-16
SHOP_001,C0791,T02668,526.0,2025-10-16
SHOP_001,C0339,T02669,573.0,2025-10-16
SHOP_001,C0073,T02670,766.0,2025-10-16
SHOP_001,C0264,T02671,534.0,2025-10-16
SHOP_001,C0010,T02672,374.0,2025-10-16
SHOP_001,C0129,T02673,922.0,2025-10-16
SHOP_001,C0646,T02674,690.0,2025-10-16
SHOP_001,C0176,T02675,792.0,2025-10-16
SHOP_001,C0025,T02676,533.0,2025-10-16
SHOP_001,C0197,T02677,309.0,2025-10-16
SHOP_001,C0363,T02678,480.0,2025-10-16
SHOP_001,C0317,T02679,506.0,2025-10-16
SHOP_001,C0762,T02680,663.0,2025-10-16
SHOP_001,C0456,T02681,373.0,2025-10-16
SHOP_001,C0873,T02682,784.0,2025-10-16
SHOP_001,C0918,T02683,528.0,2025-10-16
SHOP_001,C0277,T02684,547.0,2025-10-16
SHOP_001,C0943,T02685,732.0,2025-10-16
SHOP_001,C0228,T02686,679.0,2025-10-16
SHOP_001,C0763,T02687,395.0,2025-10-16
SHOP_001,C0599,T02688,401.0,2025-10-16
SHOP_001,C0666,T02689,924.0,2025-10-16
SHOP_001,C0121,T02690,283.0,2025-10-16
SHOP_001,C0707,T02691,1552.0,2025-10-17
SHOP_001,C0636,T02692,1021.0,2025-10-17
SHOP_001,C0656,T02693,719.0,2025-10-17
SHOP_001,C0667,T02694,449.0,2025-10-17
SHOP_001,C0577,T02695,893.0,2025-10-17
SHOP_001,C0852,T02696,426.0,2025-10-17
SHOP_001,C0684,T02697,228.0,2025-10-17
SHOP_001,C0089,T02698,487.0,2025-10-17
SHOP_001,C0490,T02699,401.0,2025-10-17
SHOP_001,C0610,T02700,799.0,2025-10-17
SHOP_001,C0046,T02701,545.0,2025-10-17
SHOP_001,C0448,T02702,556.0,2025-10-17
SHOP_001,C0747,T02703,447.0,2025-10-17
SHOP_001,C0891,T02704,312.0,2025-10-17
SHOP_001,C0384,T02705,552.0,2025-10-17
SHOP_001,C0579,T02706,756.0,2025-10-17
SHOP_001,C0945,T02707,607.0,2025-10-17
SHOP_001,C0252,T02708,448.0,2025-10-17
SHOP_001,C0532,T02709,776.0,2025-10-17
SHOP_001,C0924,T02710,502.0,2025-10-17
SHOP_001,C0490,T02711,414.0,2025-10-17
SHOP_001,C0584,T02712,760.0,2025-10-17
SHOP_001,C0831,T02713,543.0,2025-10-17
SHOP_001,C0529,T02714,719.0,2025-10-17
SHOP_001,C0928,T02715,675.0,2025-10-17
SHOP_001,C0761,T02716,428.0,2025-10-17
SHOP_001,C0254,T02717,527.0,2025-10-17
SHOP_001,C0809,T02718,821.0,2025-10-17
SHOP_001,C0163,T02719,635.0,2025-10-17
SHOP_001,C0652,T02720,1076.0,2025-10-17
SHOP_001,C0645,T02721,719.0,2025-10-17
SHOP_001,C0685,T02722,313.0,2025-10-17
SHOP_001,C0503,T02723,293.0,2025-10-17
SHOP_001,C0484,T02724,848.0,2025-10-17
SHOP_001,C0772,T02725,607.0,2025-10-17
SHOP_001,C0036,T02726,474.0,2025-10-17
SHOP_001,C0142,T02727,380.0,2025-10-17
SHOP_001,C0295,T02728,619.0,2025-10-17
SHOP_001,C0166,T02729,848.0,2025-10-17
SHOP_001,C0112,T02730,585.0,2025-10-18
SHOP_001,C0125,T02731,752.0,2025-10-18
SHOP_001,C0499,T02732,752.0,2025-10-18
SHOP_001,C0763,T02733,581.0,2025-10-18
SHOP_001,C0396,T02734,759.0,2025-10-18
SHOP_001,C0672,T02735,501.0,2025-10-18
SHOP_001,C0592,T02736,834.0,2025-10-18
SHOP_001,C0646,T02737,282.0,2025-10-18
SHOP_001,C0107,T02738,370.0,2025-10-18
SHOP_001,C0716,T02739,505.0,2025-10-18
SHOP_001,C0224,T02740,619.0,2025-10-18
SHOP_001,C0193,T02741,760.0,2025-10-18
SHOP_001,C0874,T02742,447.0,2025-10-18
SHOP_001,C0468,T02743,710.0,2025-10-18
SHOP_001,C0457,T02744,769.0,2025-10-18
SHOP_001,C0809,T02745,772.0,2025-10-18
SHOP_001,C0352,T02746,979.0,2025-10-18
SHOP_001,C0197,T02747,602.0,2025-10-18
SHOP_001,C0716,T02748,417.0,2025-10-18
SHOP_001,C0512,T02749,575.0,2025-10-18
SHOP_001,C0490,T02750,680.0,2025-10-18
SHOP_001,C0823,T02751,794.0,2025-10-18
SHOP_001,C0294,T02752,449.0,2025-10-18
SHOP_001,C0205,T02753,755.0,2025-10-18
SHOP_001,C0884,T02754,564.0,2025-10-18
SHOP_001,C0341,T02755,532.0,2025-10-18
SHOP_001,C0847,T02756,506.0,2025-10-18
SHOP_001,C0763,T02757,905.0,2025-10-18
SHOP_001,C0761,T02758,413.0,2025-10-18
SHOP_001,C0567,T02759,405.0,2025-10-18
SHOP_001,C0408,T02760,486.0,2025-10-18
SHOP_001,C0254,T02761,367.0,2025-10-18
SHOP_001,C0102,T02762,553.0,2025-10-18
SHOP_001,C0791,T02763,345.0,2025-10-18
SHOP_001,C0295,T02764,294.0,2025-10-18
SHOP_001,C0512,T02765,447.0,2025-10-18
SHOP_001,C0677,T02766,506.0,2025-10-18
SHOP_001,C0707,T02767,573.0,2025-10-18
SHOP_001,C0105,T02768,316.0,2025-10-18
SHOP_001,C0809,T02769,567.0,2025-10-18
SHOP_001,C0677,T02770,450.0,2025-10-18
SHOP_001,C0754,T02771,527.0,2025-10-18
SHOP_001,C0084,T02772,587.0,2025-10-18
SHOP_001,C0412,T02773,573.0,2025-10-19
SHOP_001,C0352,T02774,680.0,2025-10-19
SHOP_001,C0557,T02775,388.0,2025-10-19
SHOP_001,C0371,T02776,390.0,2025-10-19
SHOP_001,C0249,T02777,437.0,2025-10-19
SHOP_001,C0783,T02778,731.0,2025-10-19
SHOP_001,C0470,T02779,489.0,2025-10-19
SHOP_001,C0787,T02780,359.0,2025-10-19
SHOP_001,C0931,T02781,821.0,2025-10-19
SHOP_001,C0172,T02782,413.0,2025-10-19
SHOP_001,C0870,T02783,207.0,2025-10-19
SHOP_001,C0097,T02784,855.0,2025-10-19
SHOP_001,C0963,T02785,772.0,2025-10-19
SHOP_001,C0321,T02786,579.0,2025-10-19
SHOP_001,C0694,T02787,614.0,2025-10-19
SHOP_001,C0407,T02788,323.0,2025-10-19
SHOP_001,C0541,T02789,575.0,2025-10-19
SHOP_001,C0617,T02790,444.0,2025-10-19
SHOP_001,C0186,T02791,233.0,2025-10-19
SHOP_001,C0773,T02792,411.0,2025-10-19
SHOP_001,C0455,T02793,549.0,2025-10-19
SHOP_001,C0175,T02794,1024.0,2025-10-19
SHOP_001,C0084,T02795,580.0,2025-10-19
SHOP_001,C0112,T02796,1109.0,2025-10-19
SHOP_001,C0258,T02797,758.0,2025-10-19
SHOP_001,C0325,T02798,400.0,2025-10-19
SHOP_001,C0671,T02799,716.0,2025-10-19
SHOP_001,C0359,T02800,542.0,2025-10-19
SHOP_001,C0671,T02801,1039.0,2025-10-19
SHOP_001,C0229,T02802,666.0,2025-10-20
SHOP_001,C0784,T02803,651.0,2025-10-20
SHOP_001,C0037,T02804,224.0,2025-10-20
SHOP_001,C0353,T02805,462.0,2025-10-20
SHOP_001,C0152,T02806,729.0,2025-10-20
SHOP_001,C0306,T02807,313.0,2025-10-20
SHOP_001,C0809,T02808,467.0,2025-10-20
SHOP_001,C0353,T02809,721.0,2025-10-20
SHOP_001,C0901,T02810,497.0,2025-10-20
SHOP_001,C0318,T02811,150.0,2025-10-20
SHOP_001,C0479,T02812,980.0,2025-10-20
SHOP_001,C0707,T02813,740.0,2025-10-20
SHOP_001,C0645,T02814,405.0,2025-10-20
SHOP_001,C0505,T02815,641.0,2025-10-20
SHOP_001,C0090,T02816,363.0,2025-10-20
SHOP_001,C0294,T02817,650.0,2025-10-20
SHOP_001,C0086,T02818,585.0,2025-10-20
SHOP_001,C0901,T02819,523.0,2025-10-20
SHOP_001,C0524,T02820,371.0,2025-10-21
SHOP_001,C0943,T02821,324.0,2025-10-21
SHOP_001,C0066,T02822,446.0,2025-10-21
SHOP_001,C0647,T02823,442.0,2025-10-21
SHOP_001,C0782,T02824,380.0,2025-10-21
SHOP_001,C0669,T02825,485.0,2025-10-21
SHOP_001,C0495,T02826,480.0,2025-10-21
SHOP_001,C0881,T02827,275.0,2025-10-21
SHOP_001,C0969,T02828,384.0,2025-10-21
SHOP_001,C0814,T02829,652.0,2025-10-21
SHOP_001,C0060,T02830,402.0,2025-10-21
SHOP_001,C0352,T02831,872.0,2025-10-21
SHOP_001,C0227,T02832,552.0,2025-10-21
SHOP_001,C0250,T02833,150.0,2025-10-21
SHOP_001,C0924,T02834,685.0,2025-10-21
SHOP_001,C0889,T02835,492.0,2025-10-21
SHOP_001,C0763,T02836,827.0,2025-10-21
SHOP_001,C0339,T02837,417.0,2025-10-21
SHOP_001,C0213,T02838,484.0,2025-10-21
SHOP_001,C0677,T02839,859.0,2025-10-21
SHOP_001,C0228,T02840,889.0,2025-10-21
SHOP_001,C0353,T02841,948.0,2025-10-21
SHOP_001,C0525,T02842,614.0,2025-10-21
SHOP_001,C0295,T02843,295.0,2025-10-21
SHOP_001,C0494,T02844,675.0,2025-10-21
SHOP_001,C0031,T02845,303.0,2025-10-22
SHOP_001,C0046,T02846,468.0,2025-10-22
SHOP_001,C0341,T02847,398.0,2025-10-22
SHOP_001,C0768,T02848,530.0,2025-10-22
SHOP_001,C0736,T02849,475.0,2025-10-22
SHOP_001,C0648,T02850,224.0,2025-10-22
SHOP_001,C0308,T02851,432.0,2025-10-22
SHOP_001,C0019,T02852,551.0,2025-10-22
SHOP_001,C0718,T02853,478.0,2025-10-22
SHOP_001,C0153,T02854,544.0,2025-10-22
SHOP_001,C0124,T02855,386.0,2025-10-22
SHOP_001,C0854,T02856,717.0,2025-10-22
SHOP_001,C0719,T02857,322.0,2025-10-22
SHOP_001,C0440,T02858,767.0,2025-10-22
SHOP_001,C0005,T02859,467.0,2025-10-22
SHOP_001,C0648,T02860,417.0,2025-10-22
SHOP_001,C0143,T02861,433.0,2025-10-22
SHOP_001,C0955,T02862,373.0,2025-10-22
SHOP_001,C0467,T02863,608.0,2025-10-22
SHOP_001,C0791,T02864,499.0,2025-10-22
SHOP_001,C0731,T02865,526.0,2025-10-22
SHOP_001,C0343,T02866,397.0,2025-10-22
SHOP_001,C0158,T02867,742.0,2025-10-22
SHOP_001,C0396,T02868,481.0,2025-10-22
SHOP_001,C0495,T02869,540.0,2025-10-23
SHOP_001,C0019,T02870,527.0,2025-10-23
SHOP_001,C0529,T02871,748.0,2025-10-23
SHOP_001,C0202,T02872,468.0,2025-10-23
SHOP_001,C0744,T02873,445.0,2025-10-23
SHOP_001,C0224,T02874,1020.0,2025-10-23
SHOP_001,C0529,T02875,463.0,2025-10-23
SHOP_001,C0212,T02876,716.0,2025-10-23
SHOP_001,C0212,T02877,300.0,2025-10-23
SHOP_001,C0080,T02878,757.0,2025-10-23
SHOP_001,C0681,T02879,308.0,2025-10-23
SHOP_001,C0753,T02880,520.0,2025-10-23
SHOP_001,C0466,T02881,799.0,2025-10-23
SHOP_001,C0891,T02882,529.0,2025-10-23
SHOP_001,C0593,T02883,502.0,2025-10-23
SHOP_001,C0220,T02884,395.0,2025-10-23
SHOP_001,C0671,T02885,660.0,2025-10-23
SHOP_001,C0691,T02886,327.0,2025-10-23
SHOP_001,C0544,T02887,423.0,2025-10-23
SHOP_001,C0966,T02888,453.0,2025-10-23
SHOP_001,C0719,T02889,203.0,2025-10-23
SHOP_001,C0236,T02890,645.0,2025-10-23
SHOP_001,C0705,T02891,496.0,2025-10-23
SHOP_001,C0636,T02892,713.0,2025-10-23
SHOP_001,C0983,T02893,737.0,2025-10-23
SHOP_001,C0906,T02894,343.0,2025-10-23
SHOP_001,C0394,T02895,471.0,2025-10-24
SHOP_001,C0254,T02896,444.0,2025-10-24
SHOP_001,C0665,T02897,438.0,2025-10-24
SHOP_001,C0623,T02898,399.0,2025-10-24
SHOP_001,C0908,T02899,458.0,2025-10-24
SHOP_001,C0396,T02900,686.0,2025-10-24
SHOP_001,C0456,T02901,414.0,2025-10-24
SHOP_001,C0729,T02902,468.0,2025-10-24
SHOP_001,C0584,T02903,534.0,2025-10-24
SHOP_001,C0754,T02904,592.0,2025-10-24
SHOP_001,C0176,T02905,782.0,2025-10-24
SHOP_001,C0968,T02906,816.0,2025-10-24
SHOP_001,C0611,T02907,765.0,2025-10-24
SHOP_001,C0625,T02908,439.0,2025-10-24
SHOP_001,C0245,T02909,475.0,2025-10-24
SHOP_001,C0719,T02910,379.0,2025-10-24
SHOP_001,C0849,T02911,810.0,2025-10-24
SHOP_001,C0972,T02912,426.0,2025-10-24
SHOP_001,C0294,T02913,307.0,2025-10-24
SHOP_001,C0214,T02914,881.0,2025-10-24
SHOP_001,C0019,T02915,537.0,2025-10-24
SHOP_001,C0408,T02916,573.0,2025-10-24
SHOP_001,C0648,T02917,489.0,2025-10-24
SHOP_001,C0549,T02918,432.0,2025-10-24
SHOP_001,C0035,T02919,562.0,2025-10-25
SHOP_001,C0333,T02920,530.0,2025-10-25
SHOP_001,C0973,T02921,456.0,2025-10-25
SHOP_001,C0294,T02922,704.0,2025-10-25
SHOP_001,C0966,T02923,509.0,2025-10-25
SHOP_001,C0636,T02924,824.0,2025-10-25
SHOP_001,C0731,T02925,642.0,2025-10-25
SHOP_001,C0468,T02926,826.0,2025-10-25
SHOP_001,C0106,T02927,576.0,2025-10-25
SHOP_001,C0019,T02928,553.0,2025-10-25
SHOP_001,C0981,T02929,459.0,2025-10-25
SHOP_001,C0344,T02930,236.0,2025-10-25
SHOP_001,C0831,T02931,462.0,2025-10-25
SHOP_001,C0264,T02932,387.0,2025-10-25
SHOP_001,C0548,T02933,640.0,2025-10-25
SHOP_001,C0622,T02934,504.0,2025-10-25
SHOP_001,C0590,T02935,553.0,2025-10-25
SHOP_001,C0440,T02936,1086.0,2025-10-25
SHOP_001,C0951,T02937,635.0,2025-10-25
SHOP_001,C0997,T02938,1015.0,2025-10-25
SHOP_001,C0227,T02939,822.0,2025-10-25
SHOP_001,C0396,T02940,515.0,2025-10-25
SHOP_001,C0610,T02941,1931.0,2025-10-25
SHOP_001,C0327,T02942,449.0,2025-10-25
SHOP_001,C0685,T02943,280.0,2025-10-25
SHOP_001,C0847,T02944,442.0,2025-10-25
SHOP_001,C0719,T02945,452.0,2025-10-25
SHOP_001,C0028,T02946,598.0,2025-10-25
SHOP_001,C0478,T02947,620.0,2025-10-25
SHOP_001,C0353,T02948,648.0,2025-10-25
SHOP_001,C0066,T02949,510.0,2025-10-25
SHOP_001,C0590,T02950,1011.0,2025-10-25
SHOP_001,C0710,T02951,862.0,2025-10-25
SHOP_001,C0985,T02952,718.0,2025-10-25
SHOP_001,C0668,T02953,365.0,2025-10-25
SHOP_001,C0232,T02954,917.0,2025-10-25
SHOP_001,C0720,T02955,535.0,2025-10-25
SHOP_001,C0797,T02956,767.0,2025-10-25
SHOP_001,C0721,T02957,601.0,2025-10-25
SHOP_001,C0427,T02958,384.0,2025-10-25
SHOP_001,C0207,T02959,992.0,2025-10-25
SHOP_001,C0019,T02960,484.0,2025-10-25
SHOP_001,C0596,T02961,211.0,2025-10-25
SHOP_001,C0621,T02962,441.0,2025-10-25
SHOP_001,C0728,T02963,446.0,2025-10-25
SHOP_001,C0704,T02964,966.0,2025-10-26
SHOP_001,C0030,T02965,249.0,2025-10-26
SHOP_001,C0723,T02966,454.0,2025-10-26
SHOP_001,C0808,T02967,648.0,2025-10-26
SHOP_001,C0872,T02968,542.0,2025-10-26
SHOP_001,C0737,T02969,897.0,2025-10-26
SHOP_001,C0198,T02970,705.0,2025-10-26
SHOP_001,C0171,T02971,672.0,2025-10-26
SHOP_001,C0176,T02972,948.0,2025-10-26
SHOP_001,C0277,T02973,777.0,2025-10-26
SHOP_001,C0426,T02974,415.0,2025-10-26
SHOP_001,C0495,T02975,784.0,2025-10-26
SHOP_001,C0468,T02976,985.0,2025-10-26
SHOP_001,C0284,T02977,517.0,2025-10-26
SHOP_001,C0498,T02978,785.0,2025-10-26
SHOP_001,C0211,T02979,432.0,2025-10-26
SHOP_001,C0831,T02980,380.0,2025-10-26
SHOP_001,C0402,T02981,455.0,2025-10-26
SHOP_001,C0705,T02982,654.0,2025-10-26
SHOP_001,C0209,T02983,763.0,2025-10-26
SHOP_001,C0548,T02984,899.0,2025-10-26
SHOP_001,C0752,T02985,584.0,2025-10-26
SHOP_001,C0372,T02986,540.0,2025-10-26
SHOP_001,C0213,T02987,928.0,2025-10-26
SHOP_001,C0809,T02988,493.0,2025-10-26
SHOP_001,C0539,T02989,469.0,2025-10-26
SHOP_001,C0769,T02990,628.0,2025-10-26
SHOP_001,C0640,T02991,537.0,2025-10-26
SHOP_001,C0873,T02992,552.0,2025-10-26
SHOP_001,C0305,T02993,1152.0,2025-10-26
SHOP_001,C0435,T02994,837.0,2025-10-26
SHOP_001,C0557,T02995,523.0,2025-10-26
SHOP_001,C0218,T02996,1179.0,2025-10-26
SHOP_001,C0246,T02997,341.0,2025-10-26
SHOP_001,C0019,T02998,700.0,2025-10-26
SHOP_001,C0716,T02999,742.0,2025-10-26
SHOP_001,C0234,T03000,984.0,2025-10-26
SHOP_001,C0153,T03001,303.0,2025-10-26
SHOP_001,C0721,T03002,431.0,2025-10-27
SHOP_001,C0997,T03003,495.0,2025-10-27
SHOP_001,C0854,T03004,359.0,2025-10-27
SHOP_001,C0438,T03005,402.0,2025-10-27
SHOP_001,C0218,T03006,730.0,2025-10-27
SHOP_001,C0315,T03007,1348.0,2025-10-27
SHOP_001,C0218,T03008,452.0,2025-10-27
SHOP_001,C0657,T03009,1089.0,2025-10-27
SHOP_001,C0318,T03010,301.0,2025-10-27
SHOP_001,C0681,T03011,242.0,2025-10-27
SHOP_001,C0408,T03012,506.0,2025-10-27
SHOP_001,C0242,T03013,821.0,2025-10-27
SHOP_001,C0724,T03014,438.0,2025-10-27
SHOP_001,C0679,T03015,1017.0,2025-10-27
SHOP_001,C0082,T03016,555.0,2025-10-27
SHOP_001,C0123,T03017,465.0,2025-10-27
SHOP_001,C0966,T03018,535.0,2025-10-27
SHOP_001,C0950,T03019,889.0,2025-10-27
SHOP_001,C0728,T03020,662.0,2025-10-27
SHOP_001,C0670,T03021,548.0,2025-10-27
SHOP_001,C0562,T03022,933.0,2025-10-27
SHOP_001,C0678,T03023,407.0,2025-10-27
SHOP_001,C0849,T03024,475.0,2025-10-27
SHOP_001,C0183,T03025,592.0,2025-10-27
SHOP_001,C0831,T03026,562.0,2025-10-27
SHOP_001,C0753,T03027,580.0,2025-10-27
SHOP_001,C0183,T03028,629.0,2025-10-27
SHOP_001,C0386,T03029,668.0,2025-10-27
SHOP_001,C0768,T03030,967.0,2025-10-27
SHOP_001,C0440,T03031,575.0,2025-10-28
SHOP_001,C0547,T03032,449.0,2025-10-28
SHOP_001,C0211,T03033,290.0,2025-10-28
SHOP_001,C0671,T03034,720.0,2025-10-28
SHOP_001,C0579,T03035,409.0,2025-10-28
SHOP_001,C0201,T03036,1126.0,2025-10-28
SHOP_001,C0572,T03037,513.0,2025-10-28
SHOP_001,C0943,T03038,734.0,2025-10-28
SHOP_001,C0378,T03039,777.0,2025-10-28
SHOP_001,C0394,T03040,342.0,2025-10-28
SHOP_001,C0517,T03041,505.0,2025-10-28
SHOP_001,C0535,T03042,597.0,2025-10-28
SHOP_001,C0882,T03043,338.0,2025-10-28
SHOP_001,C0158,T03044,471.0,2025-10-28
SHOP_001,C0933,T03045,247.0,2025-10-28
SHOP_001,C0833,T03046,429.0,2025-10-28
SHOP_001,C0224,T03047,947.0,2025-10-28
SHOP_001,C0874,T03048,824.0,2025-10-28
SHOP_001,C0951,T03049,684.0,2025-10-28
SHOP_001,C0263,T03050,763.0,2025-10-28
SHOP_001,C0031,T03051,456.0,2025-10-28
SHOP_001,C0591,T03052,388.0,2025-10-28
SHOP_001,C0105,T03053,880.0,2025-10-28
SHOP_001,C0252,T03054,293.0,2025-10-28
SHOP_001,C0445,T03055,373.0,2025-10-28
SHOP_001,C0659,T03056,917.0,2025-10-28
SHOP_001,C0083,T03057,443.0,2025-10-28
SHOP_001,C0202,T03058,743.0,2025-10-28
SHOP_001,C0523,T03059,409.0,2025-10-29
SHOP_001,C0200,T03060,282.0,2025-10-29
SHOP_001,C0277,T03061,725.0,2025-10-29
SHOP_001,C0123,T03062,325.0,2025-10-29
SHOP_001,C0982,T03063,329.0,2025-10-29
SHOP_001,C0940,T03064,328.0,2025-10-29
SHOP_001,C0389,T03065,413.0,2025-10-29
SHOP_001,C0621,T03066,405.0,2025-10-29
SHOP_001,C0682,T03067,970.0,2025-10-29
SHOP_001,C0694,T03068,506.0,2025-10-29
SHOP_001,C0928,T03069,635.0,2025-10-29
SHOP_001,C0506,T03070,430.0,2025-10-29
SHOP_001,C0378,T03071,481.0,2025-10-29
SHOP_001,C0849,T03072,556.0,2025-10-29
SHOP_001,C0176,T03073,700.0,2025-10-29
SHOP_001,C0440,T03074,1005.0,2025-10-29
SHOP_001,C0073,T03075,510.0,2025-10-29
SHOP_001,C0744,T03076,452.0,2025-10-29
SHOP_001,C0118,T03077,570.0,2025-10-29
SHOP_001,C0718,T03078,625.0,2025-10-29
SHOP_001,C0197,T03079,392.0,2025-10-29
SHOP_001,C0280,T03080,378.0,2025-10-29
SHOP_001,C0403,T03081,353.0,2025-10-29
SHOP_001,C0846,T03082,409.0,2025-10-29
SHOP_001,C0763,T03083,517.0,2025-10-29
SHOP_001,C0396,T03084,1019.0,2025-10-29
SHOP_001,C0604,T03085,620.0,2025-10-29
SHOP_001,C0716,T03086,588.0,2025-10-29
SHOP_001,C0301,T03087,361.0,2025-10-29
SHOP_001,C0791,T03088,636.0,2025-10-29
SHOP_001,C0355,T03089,508.0,2025-10-29
SHOP_001,C0556,T03090,529.0,2025-10-29
SHOP_001,C0129,T03091,554.0,2025-10-30
SHOP_001,C0681,T03092,493.0,2025-10-30
SHOP_001,C0019,T03093,692.0,2025-10-30
SHOP_001,C0685,T03094,372.0,2025-10-30
SHOP_001,C0728,T03095,508.0,2025-10-30
SHOP_001,C0199,T03096,411.0,2025-10-30
SHOP_001,C0707,T03097,463.0,2025-10-30
SHOP_001,C0771,T03098,756.0,2025-10-30
SHOP_001,C0648,T03099,291.0,2025-10-30
SHOP_001,C0880,T03100,625.0,2025-10-30
SHOP_001,C0490,T03101,943.0,2025-10-30
SHOP_001,C0768,T03102,995.0,2025-10-30
SHOP_001,C0748,T03103,633.0,2025-10-30
SHOP_001,C0197,T03104,302.0,2025-10-30
SHOP_001,C0780,T03105,965.0,2025-10-30
SHOP_001,C0205,T03106,300.0,2025-10-30
SHOP_001,C0019,T03107,421.0,2025-10-30
SHOP_001,C0969,T03108,445.0,2025-10-30
SHOP_001,C0777,T03109,690.0,2025-10-30
SHOP_001,C0294,T03110,325.0,2025-10-30
SHOP_001,C0526,T03111,223.0,2025-10-30
SHOP_001,C0768,T03112,569.0,2025-10-30
SHOP_001,C0648,T03113,276.0,2025-10-30
SHOP_001,C0490,T03114,405.0,2025-10-30
SHOP_001,C0763,T03115,450.0,2025-10-30
SHOP_001,C0145,T03116,605.0,2025-10-30
SHOP_001,C0670,T03117,284.0,2025-10-30
SHOP_001,C0352,T03118,919.0,2025-10-30
SHOP_001,C0485,T03119,544.0,2025-10-30
SHOP_001,C0031,T03120,764.0,2025-10-30
SHOP_001,C0716,T03121,676.0,2025-10-31
SHOP_001,C0181,T03122,388.0,2025-10-31
SHOP_001,C0832,T03123,282.0,2025-10-31
SHOP_001,C0557,T03124,577.0,2025-10-31
SHOP_001,C0090,T03125,527.0,2025-10-31
SHOP_001,C0881,T03126,643.0,2025-10-31
SHOP_001,C0018,T03127,678.0,2025-10-31
SHOP_001,C0221,T03128,1347.0,2025-10-31
SHOP_001,C0412,T03129,255.0,2025-10-31
SHOP_001,C0153,T03130,1137.0,2025-10-31
SHOP_001,C0665,T03131,410.0,2025-10-31
SHOP_001,C0716,T03132,494.0,2025-10-31
SHOP_001,C0990,T03133,552.0,2025-10-31
SHOP_001,C0943,T03134,522.0,2025-10-31
SHOP_001,C0205,T03135,547.0,2025-10-31
SHOP_001,C0655,T03136,393.0,2025-10-31
SHOP_001,C0033,T03137,541.0,2025-10-31
SHOP_001,C0182,T03138,383.0,2025-10-31
SHOP_001,C0352,T03139,806.0,2025-10-31
SHOP_001,C0295,T03140,475.0,2025-10-31
SHOP_001,C0457,T03141,1320.0,2025-10-31
SHOP_001,C0386,T03142,605.0,2025-10-31
SHOP_001,C0558,T03143,904.0,2025-10-31
SHOP_001,C0560,T03144,577.0,2025-10-31
SHOP_001,C0237,T03145,592.0,2025-10-31
SHOP_001,C0407,T03146,730.0,2025-10-31
SHOP_001,C0237,T03147,497.0,2025-10-31
SHOP_001,C0218,T03148,484.0,2025-10-31
SHOP_001,C0498,T03149,499.0,2025-10-31
SHOP_001,C0475,T03150,754.0,2025-10-31
SHOP_001,C0516,T03151,616.0,2025-10-31
SHOP_001,C0901,T03152,777.0,2025-10-31
SHOP_001,C0609,T03153,765.0,2025-10-31
SHOP_001,C0435,T03154,1000.0,2025-10-31
SHOP_001,C0859,T03155,549.0,2025-11-01
SHOP_001,C0049,T03156,408.0,2025-11-01
SHOP_001,C0242,T03157,980.0,2025-11-01
SHOP_001,C0748,T03158,782.0,2025-11-01
SHOP_001,C0549,T03159,474.0,2025-11-01
SHOP_001,C0201,T03160,524.0,2025-11-01
SHOP_001,C0352,T03161,824.0,2025-11-01
SHOP_001,C0142,T03162,343.0,2025-11-01
SHOP_001,C0270,T03163,530.0,2025-11-01
SHOP_001,C0699,T03164,521.0,2025-11-01
SHOP_001,C0727,T03165,1094.0,2025-11-01
SHOP_001,C0808,T03166,352.0,2025-11-01
SHOP_001,C0738,T03167,553.0,2025-11-01
SHOP_001,C0719,T03168,518.0,2025-11-01
SHOP_001,C0235,T03169,598.0,2025-11-01
SHOP_001,C0681,T03170,263.0,2025-11-01
SHOP_001,C0244,T03171,469.0,2025-11-01
SHOP_001,C0486,T03172,677.0,2025-11-01
SHOP_001,C0206,T03173,468.0,2025-11-01
SHOP_001,C0979,T03174,791.0,2025-11-01
SHOP_001,C0079,T03175,391.0,2025-11-01
SHOP_001,C0568,T03176,320.0,2025-11-01
SHOP_001,C0808,T03177,464.0,2025-11-01
SHOP_001,C0642,T03178,422.0,2025-11-01
SHOP_001,C0644,T03179,615.0,2025-11-01
SHOP_001,C0487,T03180,461.0,2025-11-01
SHOP_001,C0870,T03181,454.0,2025-11-01
SHOP_001,C0826,T03182,337.0,2025-11-01
SHOP_001,C0524,T03183,463.0,2025-11-01
SHOP_001,C0695,T03184,666.0,2025-11-02
SHOP_001,C0677,T03185,610.0,2025-11-02
SHOP_001,C0660,T03186,475.0,2025-11-02
SHOP_001,C0188,T03187,564.0,2025-11-02
SHOP_001,C0246,T03188,521.0,2025-11-02
SHOP_001,C0625,T03189,484.0,2025-11-02
SHOP_001,C0176,T03190,427.0,2025-11-02
SHOP_001,C0105,T03191,829.0,2025-11-02
SHOP_001,C0997,T03192,1021.0,2025-11-02
SHOP_001,C0003,T03193,596.0,2025-11-02
SHOP_001,C0839,T03194,629.0,2025-11-02
SHOP_001,C0794,T03195,661.0,2025-11-02
SHOP_001,C0943,T03196,406.0,2025-11-02
SHOP_001,C0524,T03197,577.0,2025-11-02
SHOP_001,C0803,T03198,440.0,2025-11-02
SHOP_001,C0231,T03199,922.0,2025-11-02
SHOP_001,C0949,T03200,396.0,2025-11-02
SHOP_001,C0479,T03201,422.0,2025-11-02
SHOP_001,C0476,T03202,310.0,2025-11-02
SHOP_001,C0479,T03203,456.0,2025-11-02
SHOP_001,C0719,T03204,389.0,2025-11-02
SHOP_001,C0848,T03205,682.0,2025-11-02
SHOP_001,C0976,T03206,734.0,2025-11-02
SHOP_001,C0129,T03207,225.0,2025-11-02
SHOP_001,C0153,T03208,416.0,2025-11-02
SHOP_001,C0808,T03209,536.0,2025-11-02
SHOP_001,C0355,T03210,541.0,2025-11-02
SHOP_001,C0604,T03211,722.0,2025-11-02
SHOP_001,C0396,T03212,549.0,2025-11-02
SHOP_001,C0295,T03213,243.0,2025-11-02
SHOP_001,C0515,T03214,249.0,2025-11-03
SHOP_001,C0091,T03215,257.0,2025-11-03
SHOP_001,C0142,T03216,581.0,2025-11-03
SHOP_001,C0648,T03217,532.0,2025-11-03
SHOP_001,C0985,T03218,521.0,2025-11-03
SHOP_001,C0849,T03219,734.0,2025-11-03
SHOP_001,C0587,T03220,520.0,2025-11-03
SHOP_001,C0871,T03221,612.0,2025-11-03
SHOP_001,C0586,T03222,451.0,2025-11-03
SHOP_001,C0686,T03223,413.0,2025-11-03
SHOP_001,C0584,T03224,590.0,2025-11-03
SHOP_001,C0665,T03225,510.0,2025-11-03
SHOP_001,C0529,T03226,689.0,2025-11-03
SHOP_001,C0199,T03227,306.0,2025-11-03
SHOP_001,C0498,T03228,817.0,2025-11-03
SHOP_001,C0153,T03229,458.0,2025-11-03
SHOP_001,C0066,T03230,990.0,2025-11-03
SHOP_001,C0831,T03231,430.0,2025-11-03
SHOP_001,C0343,T03232,334.0,2025-11-03
SHOP_001,C0106,T03233,298.0,2025-11-03
SHOP_001,C0451,T03234,350.0,2025-11-03
SHOP_001,C0999,T03235,518.0,2025-11-03
SHOP_001,C0442,T03236,685.0,2025-11-03
SHOP_001,C0993,T03237,732.0,2025-11-03
SHOP_001,C0760,T03238,896.0,2025-11-03
SHOP_001,C0180,T03239,463.0,2025-11-04
SHOP_001,C0736,T03240,611.0,2025-11-04
SHOP_001,C0771,T03241,462.0,2025-11-04
SHOP_001,C0228,T03242,765.0,2025-11-04
SHOP_001,C0793,T03243,425.0,2025-11-04
SHOP_001,C0988,T03244,470.0,2025-11-04
SHOP_001,C0934,T03245,413.0,2025-11-04
SHOP_001,C0692,T03246,387.0,2025-11-04
SHOP_001,C0153,T03247,1211.0,2025-11-04
SHOP_001,C0089,T03248,386.0,2025-11-04
SHOP_001,C0106,T03249,275.0,2025-11-04
SHOP_001,C0578,T03250,525.0,2025-11-04
SHOP_001,C0084,T03251,538.0,2025-11-04
SHOP_001,C0950,T03252,386.0,2025-11-04
SHOP_001,C0469,T03253,487.0,2025-11-04
SHOP_001,C0202,T03254,495.0,2025-11-04
SHOP_001,C0359,T03255,604.0,2025-11-04
SHOP_001,C0529,T03256,344.0,2025-11-04
SHOP_001,C0259,T03257,632.0,2025-11-04
SHOP_001,C0969,T03258,725.0,2025-11-04
SHOP_001,C0988,T03259,607.0,2025-11-04
SHOP_001,C0685,T03260,253.0,2025-11-04
SHOP_001,C0580,T03261,610.0,2025-11-04
SHOP_001,C0943,T03262,408.0,2025-11-04
SHOP_001,C0227,T03263,456.0,2025-11-04
SHOP_001,C0665,T03264,623.0,2025-11-04
SHOP_001,C0408,T03265,495.0,2025-11-04
SHOP_001,C0294,T03266,333.0,2025-11-04
SHOP_001,C0647,T03267,495.0,2025-11-04
SHOP_001,C0251,T03268,368.0,2025-11-04
SHOP_001,C0142,T03269,375.0,2025-11-05
SHOP_001,C0901,T03270,474.0,2025-11-05
SHOP_001,C0143,T03271,281.0,2025-11-05
SHOP_001,C0266,T03272,341.0,2025-11-05
SHOP_001,C0873,T03273,994.0,2025-11-05
SHOP_001,C0791,T03274,481.0,2025-11-05
SHOP_001,C0809,T03275,560.0,2025-11-05
SHOP_001,C0854,T03276,387.0,2025-11-05
SHOP_001,C0084,T03277,737.0,2025-11-05
SHOP_001,C0679,T03278,550.0,2025-11-05
SHOP_001,C0681,T03279,174.0,2025-11-05
SHOP_001,C0019,T03280,342.0,2025-11-05
SHOP_001,C0109,T03281,426.0,2025-11-05
SHOP_001,C0679,T03282,475.0,2025-11-05
SHOP_001,C0921,T03283,393.0,2025-11-05
SHOP_001,C0473,T03284,479.0,2025-11-05
SHOP_001,C0464,T03285,311.0,2025-11-05
SHOP_001,C0353,T03286,543.0,2025-11-05
SHOP_001,C0206,T03287,692.0,2025-11-05
SHOP_001,C0961,T03288,415.0,2025-11-05
SHOP_001,C0838,T03289,578.0,2025-11-05
SHOP_001,C0263,T03290,556.0,2025-11-06
SHOP_001,C0463,T03291,834.0,2025-11-06
SHOP_001,C0900,T03292,993.0,2025-11-06
SHOP_001,C0106,T03293,687.0,2025-11-06
SHOP_001,C0392,T03294,588.0,2025-11-06
SHOP_001,C0325,T03295,594.0,2025-11-06
SHOP_001,C0329,T03296,258.0,2025-11-06
SHOP_001,C0078,T03297,364.0,2025-11-06
SHOP_001,C0102,T03298,663.0,2025-11-06
SHOP_001,C0854,T03299,357.0,2025-11-06
SHOP_001,C0683,T03300,325.0,2025-11-06
SHOP_001,C0940,T03301,355.0,2025-11-06
SHOP_001,C0929,T03302,1029.0,2025-11-06
SHOP_001,C0657,T03303,1678.0,2025-11-06
SHOP_001,C0669,T03304,471.0,2025-11-06
SHOP_001,C0130,T03305,538.0,2025-11-06
SHOP_001,C0603,T03306,480.0,2025-11-06
SHOP_001,C0530,T03307,468.0,2025-11-06
SHOP_001,C0661,T03308,1005.0,2025-11-06
SHOP_001,C0203,T03309,468.0,2025-11-06
SHOP_001,C0490,T03310,212.0,2025-11-06
SHOP_001,C0533,T03311,269.0,2025-11-06
SHOP_001,C0510,T03312,350.0,2025-11-06
SHOP_001,C0313,T03313,855.0,2025-11-06
SHOP_001,C0956,T03314,429.0,2025-11-06
SHOP_001,C0737,T03315,705.0,2025-11-06
SHOP_001,C0528,T03316,426.0,2025-11-06
SHOP_001,C0300,T03317,377.0,2025-11-06
SHOP_001,C0459,T03318,377.0,2025-11-06
SHOP_001,C0181,T03319,460.0,2025-11-06
SHOP_001,C0881,T03320,572.0,2025-11-06
SHOP_001,C0567,T03321,556.0,2025-11-06
SHOP_001,C0097,T03322,767.0,2025-11-06
SHOP_001,C0019,T03323,604.0,2025-11-06
SHOP_001,C0623,T03324,884.0,2025-11-06
SHOP_001,C0671,T03325,1094.0,2025-11-07
SHOP_001,C0769,T03326,346.0,2025-11-07
SHOP_001,C0047,T03327,541.0,2025-11-07
SHOP_001,C0913,T03328,757.0,2025-11-07
SHOP_001,C0378,T03329,1168.0,2025-11-07
SHOP_001,C0934,T03330,418.0,2025-11-07
SHOP_001,C0969,T03331,451.0,2025-11-07
SHOP_001,C0153,T03332,412.0,2025-11-07
SHOP_001,C0440,T03333,490.0,2025-11-07
SHOP_001,C0896,T03334,464.0,2025-11-07
SHOP_001,C0375,T03335,522.0,2025-11-07
SHOP_001,C0811,T03336,417.0,2025-11-07
SHOP_001,C0676,T03337,441.0,2025-11-07
SHOP_001,C0156,T03338,745.0,2025-11-07
SHOP_001,C0546,T03339,921.0,2025-11-07
SHOP_001,C0087,T03340,673.0,2025-11-07
SHOP_001,C0188,T03341,419.0,2025-11-07
SHOP_001,C0611,T03342,506.0,2025-11-07
SHOP_001,C0985,T03343,709.0,2025-11-07
SHOP_001,C0575,T03344,1064.0,2025-11-07
SHOP_001,C0235,T03345,595.0,2025-11-07
SHOP_001,C0625,T03346,929.0,2025-11-07
SHOP_001,C0030,T03347,352.0,2025-11-07
SHOP_001,C0693,T03348,618.0,2025-11-07
SHOP_001,C0805,T03349,386.0,2025-11-07
SHOP_001,C0355,T03350,851.0,2025-11-07
SHOP_001,C0685,T03351,212.0,2025-11-07
SHOP_001,C0042,T03352,303.0,2025-11-07
SHOP_001,C0671,T03353,449.0,2025-11-07
SHOP_001,C0080,T03354,840.0,2025-11-07
SHOP_001,C0897,T03355,624.0,2025-11-07
SHOP_001,C0509,T03356,618.0,2025-11-07
SHOP_001,C0518,T03357,575.0,2025-11-07
SHOP_001,C0926,T03358,453.0,2025-11-07
SHOP_001,C0763,T03359,742.0,2025-11-07
SHOP_001,C0831,T03360,503.0,2025-11-07
SHOP_001,C0667,T03361,324.0,2025-11-07
SHOP_001,C0174,T03362,602.0,2025-11-07
SHOP_001,C0609,T03363,724.0,2025-11-07
SHOP_001,C0291,T03364,420.0,2025-11-08
SHOP_001,C0539,T03365,414.0,2025-11-08
SHOP_001,C0106,T03366,484.0,2025-11-08
SHOP_001,C0460,T03367,244.0,2025-11-08
SHOP_001,C0030,T03368,622.0,2025-11-08
SHOP_001,C0251,T03369,604.0,2025-11-08
SHOP_001,C0131,T03370,338.0,2025-11-08
SHOP_001,C0291,T03371,259.0,2025-11-08
SHOP_001,C0575,T03372,845.0,2025-11-08
SHOP_001,C0233,T03373,498.0,2025-11-08
SHOP_001,C0562,T03374,1285.0,2025-11-08
SHOP_001,C0368,T03375,758.0,2025-11-08
SHOP_001,C0966,T03376,462.0,2025-11-08
SHOP_001,C0721,T03377,396.0,2025-11-08
SHOP_001,C0338,T03378,905.0,2025-11-08
SHOP_001,C0498,T03379,547.0,2025-11-08
SHOP_001,C0972,T03380,768.0,2025-11-08
SHOP_001,C0542,T03381,222.0,2025-11-08
SHOP_001,C0070,T03382,397.0,2025-11-08
SHOP_001,C0583,T03383,392.0,2025-11-08
SHOP_001,C0437,T03384,594.0,2025-11-08
SHOP_001,C0261,T03385,495.0,2025-11-08
SHOP_001,C0073,T03386,714.0,2025-11-08
SHOP_001,C0479,T03387,963.0,2025-11-08
SHOP_001,C0928,T03388,426.0,2025-11-08
SHOP_001,C0744,T03389,609.0,2025-11-08
SHOP_001,C0997,T03390,880.0,2025-11-08
SHOP_001,C0249,T03391,454.0,2025-11-08
SHOP_001,C0919,T03392,702.0,2025-11-08
SHOP_001,C0468,T03393,533.0,2025-11-08
SHOP_001,C0280,T03394,278.0,2025-11-08
SHOP_001,C0719,T03395,442.0,2025-11-08
SHOP_001,C0661,T03396,568.0,2025-11-08
SHOP_001,C0249,T03397,278.0,2025-11-08
SHOP_001,C0486,T03398,702.0,2025-11-09
SHOP_001,C0456,T03399,507.0,2025-11-09
SHOP_001,C0492,T03400,759.0,2025-11-09
SHOP_001,C0158,T03401,561.0,2025-11-09
SHOP_001,C0325,T03402,552.0,2025-11-09
SHOP_001,C0312,T03403,758.0,2025-11-09
SHOP_001,C0967,T03404,648.0,2025-11-09
SHOP_001,C0525,T03405,1673.0,2025-11-09
SHOP_001,C0521,T03406,724.0,2025-11-09
SHOP_001,C0426,T03407,240.0,2025-11-09
SHOP_001,C0745,T03408,693.0,2025-11-09
SHOP_001,C0426,T03409,694.0,2025-11-09
SHOP_001,C0606,T03410,495.0,2025-11-09
SHOP_001,C0659,T03411,534.0,2025-11-09
SHOP_001,C0645,T03412,442.0,2025-11-09
SHOP_001,C0440,T03413,777.0,2025-11-09
SHOP_001,C0693,T03414,565.0,2025-11-09
SHOP_001,C0106,T03415,374.0,2025-11-09
SHOP_001,C0943,T03416,307.0,2025-11-09
SHOP_001,C0680,T03417,867.0,2025-11-09
SHOP_001,C0681,T03418,362.0,2025-11-09
SHOP_001,C0539,T03419,547.0,2025-11-09
SHOP_001,C0677,T03420,662.0,2025-11-09
SHOP_001,C0924,T03421,473.0,2025-11-09
SHOP_001,C0427,T03422,718.0,2025-11-09
SHOP_001,C0123,T03423,479.0,2025-11-09
SHOP_001,C0884,T03424,805.0,2025-11-09
SHOP_001,C0427,T03425,946.0,2025-11-09
SHOP_001,C0646,T03426,198.0,2025-11-09
SHOP_001,C0064,T03427,713.0,2025-11-09
SHOP_001,C0374,T03428,525.0,2025-11-09
SHOP_001,C0822,T03429,353.0,2025-11-09
SHOP_001,C0900,T03430,699.0,2025-11-09
SHOP_001,C0142,T03431,545.0,2025-11-09
SHOP_001,C0307,T03432,1225.0,2025-11-09
SHOP_001,C0997,T03433,433.0,2025-11-09
SHOP_001,C0718,T03434,939.0,2025-11-09
SHOP_001,C0343,T03435,282.0,2025-11-09
SHOP_001,C0034,T03436,662.0,2025-11-09
SHOP_001,C0246,T03437,476.0,2025-11-09
SHOP_001,C0831,T03438,611.0,2025-11-09
SHOP_001,C0681,T03439,301.0,2025-11-09
SHOP_001,C0440,T03440,946.0,2025-11-09
SHOP_001,C0855,T03441,732.0,2025-11-09
SHOP_001,C0609,T03442,407.0,2025-11-09
SHOP_001,C0633,T03443,815.0,2025-11-09
SHOP_001,C0433,T03444,488.0,2025-11-09
SHOP_001,C0153,T03445,706.0,2025-11-09
SHOP_001,C0691,T03446,447.0,2025-11-09
SHOP_001,C0282,T03447,703.0,2025-11-09
SHOP_001,C0433,T03448,424.0,2025-11-09
SHOP_001,C0889,T03449,411.0,2025-11-09
SHOP_001,C0728,T03450,586.0,2025-11-09
SHOP_001,C0736,T03451,445.0,2025-11-10
SHOP_001,C0900,T03452,551.0,2025-11-10
SHOP_001,C0322,T03453,592.0,2025-11-10
SHOP_001,C0943,T03454,579.0,2025-11-10
SHOP_001,C0674,T03455,530.0,2025-11-10
SHOP_001,C0835,T03456,351.0,2025-11-10
SHOP_001,C0231,T03457,668.0,2025-11-10
SHOP_001,C0830,T03458,1481.0,2025-11-10
SHOP_001,C0744,T03459,747.0,2025-11-10
SHOP_001,C0750,T03460,597.0,2025-11-10
SHOP_001,C0940,T03461,454.0,2025-11-10
SHOP_001,C0518,T03462,1041.0,2025-11-10
SHOP_001,C0288,T03463,1059.0,2025-11-10
SHOP_001,C0087,T03464,406.0,2025-11-10
SHOP_001,C0734,T03465,368.0,2025-11-10
SHOP_001,C0331,T03466,517.0,2025-11-10
SHOP_001,C0848,T03467,539.0,2025-11-10
SHOP_001,C0459,T03468,746.0,2025-11-10
SHOP_001,C0918,T03469,485.0,2025-11-10
SHOP_001,C0489,T03470,419.0,2025-11-10
SHOP_001,C0349,T03471,680.0,2025-11-11
SHOP_001,C0751,T03472,768.0,2025-11-11
SHOP_001,C0978,T03473,537.0,2025-11-11
SHOP_001,C0446,T03474,462.0,2025-11-11
SHOP_001,C0703,T03475,708.0,2025-11-11
SHOP_001,C0014,T03476,601.0,2025-11-11
SHOP_001,C0415,T03477,577.0,2025-11-11
SHOP_001,C0601,T03478,375.0,2025-11-11
SHOP_001,C0848,T03479,1112.0,2025-11-11
SHOP_001,C0396,T03480,439.0,2025-11-11
SHOP_001,C0901,T03481,424.0,2025-11-11
SHOP_001,C0183,T03482,954.0,2025-11-11
SHOP_001,C0329,T03483,461.0,2025-11-11
SHOP_001,C0900,T03484,771.0,2025-11-11
SHOP_001,C0589,T03485,918.0,2025-11-11
SHOP_001,C0490,T03486,293.0,2025-11-11
SHOP_001,C0694,T03487,691.0,2025-11-11
SHOP_001,C0755,T03488,608.0,2025-11-11
SHOP_001,C0710,T03489,892.0,2025-11-11
SHOP_001,C0847,T03490,433.0,2025-11-11
SHOP_001,C0329,T03491,496.0,2025-11-11
SHOP_001,C0606,T03492,323.0,2025-11-11
SHOP_001,C0089,T03493,453.0,2025-11-11
SHOP_001,C0909,T03494,492.0,2025-11-11
SHOP_001,C0131,T03495,372.0,2025-11-11
SHOP_001,C0416,T03496,243.0,2025-11-11
SHOP_001,C0539,T03497,629.0,2025-11-11
SHOP_001,C0388,T03498,804.0,2025-11-11
SHOP_001,C0873,T03499,980.0,2025-11-11
SHOP_001,C0699,T03500,553.0,2025-11-11
SHOP_001,C0841,T03501,583.0,2025-11-11
SHOP_001,C0943,T03502,515.0,2025-11-11
SHOP_001,C0574,T03503,483.0,2025-11-11
SHOP_001,C0808,T03504,386.0,2025-11-11
SHOP_001,C0967,T03505,275.0,2025-11-11
SHOP_001,C0603,T03506,413.0,2025-11-11
SHOP_001,C0217,T03507,334.0,2025-11-11
SHOP_001,C0216,T03508,451.0,2025-11-12
SHOP_001,C0694,T03509,728.0,2025-11-12
SHOP_001,C0586,T03510,675.0,2025-11-12
SHOP_001,C0352,T03511,559.0,2025-11-12
SHOP_001,C0716,T03512,356.0,2025-11-12
SHOP_001,C0808,T03513,462.0,2025-11-12
SHOP_001,C0427,T03514,724.0,2025-11-12
SHOP_001,C0206,T03515,622.0,2025-11-12
SHOP_001,C0834,T03516,620.0,2025-11-12
SHOP_001,C0835,T03517,341.0,2025-11-12
SHOP_001,C0407,T03518,478.0,2025-11-12
SHOP_001,C0723,T03519,278.0,2025-11-12
SHOP_001,C0622,T03520,921.0,2025-11-12
SHOP_001,C0349,T03521,472.0,2025-11-12
SHOP_001,C0526,T03522,1278.0,2025-11-12
SHOP_001,C0737,T03523,488.0,2025-11-12
SHOP_001,C0694,T03524,1026.0,2025-11-12
SHOP_001,C0323,T03525,824.0,2025-11-12
SHOP_001,C0242,T03526,1065.0,2025-11-12
SHOP_001,C0535,T03527,801.0,2025-11-12
SHOP_001,C0075,T03528,589.0,2025-11-12
SHOP_001,C0701,T03529,547.0,2025-11-12
SHOP_001,C0066,T03530,332.0,2025-11-12
SHOP_001,C0151,T03531,478.0,2025-11-12
SHOP_001,C0621,T03532,478.0,2025-11-12
SHOP_001,C0097,T03533,1050.0,2025-11-12
SHOP_001,C0530,T03534,425.0,2025-11-12
SHOP_001,C0939,T03535,997.0,2025-11-12
SHOP_001,C0805,T03536,493.0,2025-11-12
SHOP_001,C0685,T03537,382.0,2025-11-12
SHOP_001,C0105,T03538,737.0,2025-11-12
SHOP_001,C0352,T03539,638.0,2025-11-12
SHOP_001,C0305,T03540,733.0,2025-11-12
SHOP_001,C0848,T03541,584.0,2025-11-13
SHOP_001,C0671,T03542,419.0,2025-11-13
SHOP_001,C0965,T03543,475.0,2025-11-13
SHOP_001,C0401,T03544,599.0,2025-11-13
SHOP_001,C0717,T03545,555.0,2025-11-13
SHOP_001,C0288,T03546,920.0,2025-11-13
SHOP_001,C0639,T03547,366.0,2025-11-13
SHOP_001,C0229,T03548,691.0,2025-11-13
SHOP_001,C0631,T03549,504.0,2025-11-13
SHOP_001,C0383,T03550,662.0,2025-11-13
SHOP_001,C0686,T03551,492.0,2025-11-13
SHOP_001,C0525,T03552,777.0,2025-11-13
SHOP_001,C0402,T03553,521.0,2025-11-13
SHOP_001,C0554,T03554,391.0,2025-11-13
SHOP_001,C0694,T03555,658.0,2025-11-13
SHOP_001,C0681,T03556,331.0,2025-11-13
SHOP_001,C0433,T03557,461.0,2025-11-13
SHOP_001,C0284,T03558,700.0,2025-11-13
SHOP_001,C0681,T03559,481.0,2025-11-13
SHOP_001,C0044,T03560,315.0,2025-11-13
SHOP_001,C0229,T03561,1329.0,2025-11-13
SHOP_001,C0288,T03562,520.0,2025-11-13
SHOP_001,C0718,T03563,598.0,2025-11-13
SHOP_001,C0792,T03564,585.0,2025-11-13
SHOP_001,C0233,T03565,503.0,2025-11-13
SHOP_001,C0872,T03566,840.0,2025-11-13
SHOP_001,C0466,T03567,608.0,2025-11-13
SHOP_001,C0677,T03568,436.0,2025-11-13
SHOP_001,C0988,T03569,310.0,2025-11-13
SHOP_001,C0933,T03570,372.0,2025-11-13
SHOP_001,C0611,T03571,404.0,2025-11-14
SHOP_001,C0457,T03572,666.0,2025-11-14
SHOP_001,C0183,T03573,615.0,2025-11-14
SHOP_001,C0265,T03574,526.0,2025-11-14
SHOP_001,C0031,T03575,509.0,2025-11-14
SHOP_001,C0030,T03576,556.0,2025-11-14
SHOP_001,C0877,T03577,516.0,2025-11-14
SHOP_001,C0030,T03578,426.0,2025-11-14
SHOP_001,C0359,T03579,612.0,2025-11-14
SHOP_001,C0954,T03580,1041.0,2025-11-14
SHOP_001,C0703,T03581,635.0,2025-11-14
SHOP_001,C0315,T03582,729.0,2025-11-14
SHOP_001,C0030,T03583,388.0,2025-11-14
SHOP_001,C0205,T03584,588.0,2025-11-14
SHOP_001,C0896,T03585,252.0,2025-11-14
SHOP_001,C0362,T03586,1429.0,2025-11-14
SHOP_001,C0372,T03587,560.0,2025-11-14
SHOP_001,C0625,T03588,557.0,2025-11-14
SHOP_001,C0670,T03589,346.0,2025-11-14
SHOP_001,C0341,T03590,628.0,2025-11-14
SHOP_001,C0353,T03591,498.0,2025-11-14
SHOP_001,C0535,T03592,659.0,2025-11-14
SHOP_001,C0008,T03593,777.0,2025-11-14
SHOP_001,C0235,T03594,450.0,2025-11-14
SHOP_001,C0548,T03595,895.0,2025-11-14
SHOP_001,C0685,T03596,401.0,2025-11-14
SHOP_001,C0014,T03597,982.0,2025-11-14
SHOP_001,C0392,T03598,733.0,2025-11-14
SHOP_001,C0734,T03599,415.0,2025-11-14
SHOP_001,C0386,T03600,884.0,2025-11-15
SHOP_001,C0472,T03601,590.0,2025-11-15
SHOP_001,C0905,T03602,525.0,2025-11-15
SHOP_001,C0258,T03603,650.0,2025-11-15
SHOP_001,C0853,T03604,384.0,2025-11-15
SHOP_001,C0592,T03605,892.0,2025-11-15
SHOP_001,C0174,T03606,635.0,2025-11-15
SHOP_001,C0359,T03607,638.0,2025-11-15
SHOP_001,C0284,T03608,814.0,2025-11-15
SHOP_001,C0227,T03609,1165.0,2025-11-15
SHOP_001,C0950,T03610,998.0,2025-11-15
SHOP_001,C0495,T03611,908.0,2025-11-15
SHOP_001,C0683,T03612,492.0,2025-11-15
SHOP_001,C0946,T03613,404.0,2025-11-15
SHOP_001,C0030,T03614,359.0,2025-11-15
SHOP_001,C0996,T03615,478.0,2025-11-15
SHOP_001,C0847,T03616,292.0,2025-11-15
SHOP_001,C0331,T03617,384.0,2025-11-15
SHOP_001,C0089,T03618,346.0,2025-11-15
SHOP_001,C0582,T03619,536.0,2025-11-15
SHOP_001,C0762,T03620,575.0,2025-11-15
SHOP_001,C0692,T03621,754.0,2025-11-15
SHOP_001,C0477,T03622,522.0,2025-11-15
SHOP_001,C0327,T03623,426.0,2025-11-15
SHOP_001,C0059,T03624,676.0,2025-11-15
SHOP_001,C0304,T03625,475.0,2025-11-15
SHOP_001,C0366,T03626,734.0,2025-11-15
SHOP_001,C0097,T03627,711.0,2025-11-15
SHOP_001,C0157,T03628,341.0,2025-11-15
SHOP_001,C0681,T03629,375.0,2025-11-15
SHOP_001,C0768,T03630,596.0,2025-11-15
SHOP_001,C0370,T03631,650.0,2025-11-15
SHOP_001,C0763,T03632,605.0,2025-11-15
SHOP_001,C0903,T03633,954.0,2025-11-15
SHOP_001,C0881,T03634,474.0,2025-11-15
SHOP_001,C0875,T03635,317.0,2025-11-15
SHOP_001,C0378,T03636,643.0,2025-11-15
SHOP_001,C0295,T03637,507.0,2025-11-15
SHOP_001,C0729,T03638,500.0,2025-11-15
SHOP_001,C0174,T03639,1213.0,2025-11-15
SHOP_001,C0609,T03640,596.0,2025-11-15
SHOP_001,C0097,T03641,719.0,2025-11-15
SHOP_001,C0707,T03642,703.0,2025-11-15
SHOP_001,C0573,T03643,991.0,2025-11-15
SHOP_001,C0782,T03644,464.0,2025-11-16
SHOP_001,C0525,T03645,542.0,2025-11-16
SHOP_001,C0916,T03646,920.0,2025-11-16
SHOP_001,C0869,T03647,563.0,2025-11-16
SHOP_001,C0154,T03648,425.0,2025-11-16
SHOP_001,C0759,T03649,1296.0,2025-11-16
SHOP_001,C0708,T03650,1154.0,2025-11-16
SHOP_001,C0539,T03651,905.0,2025-11-16
SHOP_001,C0162,T03652,284.0,2025-11-16
SHOP_001,C0730,T03653,576.0,2025-11-16
SHOP_001,C0355,T03654,538.0,2025-11-16
SHOP_001,C0435,T03655,687.0,2025-11-16
SHOP_001,C0376,T03656,1014.0,2025-11-16
SHOP_001,C0371,T03657,779.0,2025-11-16
SHOP_001,C0797,T03658,840.0,2025-11-16
SHOP_001,C0456,T03659,806.0,2025-11-16
SHOP_001,C0332,T03660,231.0,2025-11-16
SHOP_001,C0374,T03661,737.0,2025-11-16
SHOP_001,C0524,T03662,462.0,2025-11-16
SHOP_001,C0159,T03663,322.0,2025-11-16
SHOP_001,C0080,T03664,600.0,2025-11-16
SHOP_001,C0726,T03665,392.0,2025-11-16
SHOP_001,C0396,T03666,653.0,2025-11-16
SHOP_001,C0246,T03667,664.0,2025-11-16
SHOP_001,C0718,T03668,797.0,2025-11-16
SHOP_001,C0943,T03669,829.0,2025-11-16
SHOP_001,C0703,T03670,306.0,2025-11-16
SHOP_001,C0569,T03671,795.0,2025-11-16
SHOP_001,C0483,T03672,293.0,2025-11-16
SHOP_001,C0484,T03673,786.0,2025-11-16
SHOP_001,C0271,T03674,618.0,2025-11-16
SHOP_001,C0881,T03675,534.0,2025-11-16
SHOP_001,C0220,T03676,547.0,2025-11-16
SHOP_001,C0943,T03677,563.0,2025-11-16
SHOP_001,C0918,T03678,507.0,2025-11-16
SHOP_001,C0550,T03679,642.0,2025-11-16
SHOP_001,C0294,T03680,473.0,2025-11-17
SHOP_001,C0679,T03681,581.0,2025-11-17
SHOP_001,C0031,T03682,677.0,2025-11-17
SHOP_001,C0019,T03683,592.0,2025-11-17
SHOP_001,C0039,T03684,409.0,2025-11-17
SHOP_001,C0605,T03685,851.0,2025-11-17
SHOP_001,C0375,T03686,590.0,2025-11-17
SHOP_001,C0734,T03687,474.0,2025-11-17
SHOP_001,C0676,T03688,432.0,2025-11-17
SHOP_001,C0078,T03689,592.0,2025-11-17
SHOP_001,C0080,T03690,773.0,2025-11-17
SHOP_001,C0518,T03691,1460.0,2025-11-17
SHOP_001,C0296,T03692,309.0,2025-11-17
SHOP_001,C0153,T03693,333.0,2025-11-17
SHOP_001,C0941,T03694,341.0,2025-11-17
SHOP_001,C0985,T03695,387.0,2025-11-17
SHOP_001,C0677,T03696,528.0,2025-11-17
SHOP_001,C0660,T03697,374.0,2025-11-17
SHOP_001,C0510,T03698,605.0,2025-11-17
SHOP_001,C0127,T03699,598.0,2025-11-18
SHOP_001,C0805,T03700,587.0,2025-11-18
SHOP_001,C0717,T03701,466.0,2025-11-18
SHOP_001,C0671,T03702,813.0,2025-11-18
SHOP_001,C0721,T03703,248.0,2025-11-18
SHOP_001,C0666,T03704,690.0,2025-11-18
SHOP_001,C0081,T03705,379.0,2025-11-18
SHOP_001,C0242,T03706,864.0,2025-11-18
SHOP_001,C0464,T03707,377.0,2025-11-18
SHOP_001,C0900,T03708,729.0,2025-11-18
SHOP_001,C0920,T03709,592.0,2025-11-18
SHOP_001,C0077,T03710,549.0,2025-11-18
SHOP_001,C0767,T03711,504.0,2025-11-18
SHOP_001,C0681,T03712,491.0,2025-11-18
SHOP_001,C0067,T03713,1090.0,2025-11-18
SHOP_001,C0392,T03714,341.0,2025-11-18
SHOP_001,C0227,T03715,737.0,2025-11-18
SHOP_001,C0728,T03716,1018.0,2025-11-18
SHOP_001,C0084,T03717,1026.0,2025-11-18
SHOP_001,C0808,T03718,454.0,2025-11-18
SHOP_001,C0694,T03719,651.0,2025-11-18
SHOP_001,C0710,T03720,798.0,2025-11-18
SHOP_001,C0666,T03721,525.0,2025-11-18
SHOP_001,C0802,T03722,713.0,2025-11-18
SHOP_001,C0908,T03723,392.0,2025-11-18
SHOP_001,C0266,T03724,228.0,2025-11-18
SHOP_001,C0267,T03725,471.0,2025-11-18
SHOP_001,C0526,T03726,348.0,2025-11-18
SHOP_001,C0874,T03727,657.0,2025-11-18
SHOP_001,C0457,T03728,580.0,2025-11-18
SHOP_001,C0919,T03729,336.0,2025-11-18
SHOP_001,C0667,T03730,488.0,2025-11-18
SHOP_001,C0888,T03731,642.0,2025-11-18
SHOP_001,C0109,T03732,552.0,2025-11-19
SHOP_001,C0407,T03733,623.0,2025-11-19
SHOP_001,C0610,T03734,972.0,2025-11-19
SHOP_001,C0505,T03735,490.0,2025-11-19
SHOP_001,C0677,T03736,623.0,2025-11-19
SHOP_001,C0842,T03737,388.0,2025-11-19
SHOP_001,C0239,T03738,384.0,2025-11-19
SHOP_001,C0448,T03739,495.0,2025-11-19
SHOP_001,C0768,T03740,652.0,2025-11-19
SHOP_001,C0763,T03741,679.0,2025-11-19
SHOP_001,C0768,T03742,784.0,2025-11-19
SHOP_001,C0254,T03743,261.0,2025-11-19
SHOP_001,C0530,T03744,333.0,2025-11-19
SHOP_001,C0014,T03745,996.0,2025-11-19
SHOP_001,C0410,T03746,433.0,2025-11-19
SHOP_001,C0493,T03747,655.0,2025-11-19
SHOP_001,C0298,T03748,583.0,2025-11-19
SHOP_001,C0569,T03749,416.0,2025-11-19
SHOP_001,C0340,T03750,1288.0,2025-11-19
SHOP_001,C0367,T03751,635.0,2025-11-19
SHOP_001,C0202,T03752,439.0,2025-11-19
SHOP_001,C0158,T03753,421.0,2025-11-19
SHOP_001,C0647,T03754,632.0,2025-11-19
SHOP_001,C0573,T03755,706.0,2025-11-19
SHOP_001,C0901,T03756,263.0,2025-11-19
SHOP_001,C0932,T03757,539.0,2025-11-19
SHOP_001,C0068,T03758,522.0,2025-11-19
SHOP_001,C0343,T03759,454.0,2025-11-19
SHOP_001,C0135,T03760,424.0,2025-11-19
SHOP_001,C0295,T03761,407.0,2025-11-19
SHOP_001,C0769,T03762,682.0,2025-11-19
SHOP_001,C0718,T03763,298.0,2025-11-19
SHOP_001,C0940,T03764,541.0,2025-11-19
SHOP_001,C0026,T03765,395.0,2025-11-19
SHOP_001,C0123,T03766,466.0,2025-11-19
SHOP_001,C0352,T03767,782.0,2025-11-20
SHOP_001,C0969,T03768,258.0,2025-11-20
SHOP_001,C0408,T03769,267.0,2025-11-20
SHOP_001,C0872,T03770,1282.0,2025-11-20
SHOP_001,C0744,T03771,547.0,2025-11-20
SHOP_001,C0737,T03772,747.0,2025-11-20
SHOP_001,C0665,T03773,342.0,2025-11-20
SHOP_001,C0805,T03774,254.0,2025-11-20
SHOP_001,C0183,T03775,758.0,2025-11-20
SHOP_001,C0408,T03776,469.0,2025-11-20
SHOP_001,C0901,T03777,424.0,2025-11-20
SHOP_001,C0469,T03778,241.0,2025-11-20
SHOP_001,C0063,T03779,319.0,2025-11-20
SHOP_001,C0493,T03780,516.0,2025-11-20
SHOP_001,C0904,T03781,759.0,2025-11-20
SHOP_001,C0745,T03782,292.0,2025-11-20
SHOP_001,C0084,T03783,1001.0,2025-11-20
SHOP_001,C0344,T03784,424.0,2025-11-20
SHOP_001,C0741,T03785,285.0,2025-11-20
SHOP_001,C0242,T03786,450.0,2025-11-20
SHOP_001,C0618,T03787,446.0,2025-11-20
SHOP_001,C0392,T03788,554.0,2025-11-20
SHOP_001,C0718,T03789,494.0,2025-11-20
SHOP_001,C0507,T03790,1398.0,2025-11-20
SHOP_001,C0229,T03791,313.0,2025-11-20
SHOP_001,C0626,T03792,765.0,2025-11-21
SHOP_001,C0160,T03793,1314.0,2025-11-21
SHOP_001,C0422,T03794,582.0,2025-11-21
SHOP_001,C0406,T03795,487.0,2025-11-21
SHOP_001,C0176,T03796,683.0,2025-11-21
SHOP_001,C0584,T03797,491.0,2025-11-21
SHOP_001,C0343,T03798,268.0,2025-11-21
SHOP_001,C0381,T03799,541.0,2025-11-21
SHOP_001,C0263,T03800,606.0,2025-11-21
SHOP_001,C0890,T03801,700.0,2025-11-21
SHOP_001,C0848,T03802,500.0,2025-11-21
SHOP_001,C0805,T03803,522.0,2025-11-21
SHOP_001,C0325,T03804,449.0,2025-11-21
SHOP_001,C0343,T03805,360.0,2025-11-21
SHOP_001,C0407,T03806,389.0,2025-11-21
SHOP_001,C0123,T03807,239.0,2025-11-21
SHOP_001,C0396,T03808,959.0,2025-11-21
SHOP_001,C0901,T03809,555.0,2025-11-21
SHOP_001,C0613,T03810,976.0,2025-11-21
SHOP_001,C0773,T03811,944.0,2025-11-21
SHOP_001,C0665,T03812,386.0,2025-11-21
SHOP_001,C0848,T03813,776.0,2025-11-21
SHOP_001,C0315,T03814,914.0,2025-11-21
SHOP_001,C0928,T03815,708.0,2025-11-21
SHOP_001,C0110,T03816,1000.0,2025-11-21
SHOP_001,C0666,T03817,453.0,2025-11-21
SHOP_001,C0671,T03818,1040.0,2025-11-21
SHOP_001,C0407,T03819,449.0,2025-11-21
SHOP_001,C0918,T03820,462.0,2025-11-21
SHOP_001,C0294,T03821,328.0,2025-11-21
SHOP_001,C0105,T03822,729.0,2025-11-21
SHOP_001,C0100,T03823,571.0,2025-11-21
SHOP_001,C0808,T03824,606.0,2025-11-21
SHOP_001,C0288,T03825,677.0,2025-11-22
SHOP_001,C0174,T03826,748.0,2025-11-22
SHOP_001,C0324,T03827,499.0,2025-11-22
SHOP_001,C0436,T03828,518.0,2025-11-22
SHOP_001,C0084,T03829,402.0,2025-11-22
SHOP_001,C0242,T03830,690.0,2025-11-22
SHOP_001,C0343,T03831,269.0,2025-11-22
SHOP_001,C0066,T03832,638.0,2025-11-22
SHOP_001,C0116,T03833,684.0,2025-11-22
SHOP_001,C0264,T03834,693.0,2025-11-22
SHOP_001,C0370,T03835,427.0,2025-11-22
SHOP_001,C0840,T03836,566.0,2025-11-22
SHOP_001,C0517,T03837,720.0,2025-11-22
SHOP_001,C0524,T03838,533.0,2025-11-22
SHOP_001,C0793,T03839,819.0,2025-11-22
SHOP_001,C0311,T03840,813.0,2025-11-22
SHOP_001,C0719,T03841,291.0,2025-11-22
SHOP_001,C0306,T03842,286.0,2025-11-22
SHOP_001,C0872,T03843,739.0,2025-11-22
SHOP_001,C0014,T03844,783.0,2025-11-22
SHOP_001,C0718,T03845,619.0,2025-11-22
SHOP_001,C0586,T03846,761.0,2025-11-22
SHOP_001,C0739,T03847,524.0,2025-11-22
SHOP_001,C0660,T03848,442.0,2025-11-22
SHOP_001,C0116,T03849,530.0,2025-11-22
SHOP_001,C0966,T03850,658.0,2025-11-22
SHOP_001,C0479,T03851,909.0,2025-11-22
SHOP_001,C0502,T03852,764.0,2025-11-22
SHOP_001,C0202,T03853,772.0,2025-11-23
SHOP_001,C0201,T03854,375.0,2025-11-23
SHOP_001,C0254,T03855,338.0,2025-11-23
SHOP_001,C0854,T03856,284.0,2025-11-23
SHOP_001,C0410,T03857,1097.0,2025-11-23
SHOP_001,C0189,T03858,657.0,2025-11-23
SHOP_001,C0919,T03859,981.0,2025-11-23
SHOP_001,C0967,T03860,864.0,2025-11-23
SHOP_001,C0432,T03861,544.0,2025-11-23
SHOP_001,C0183,T03862,774.0,2025-11-23
SHOP_001,C0102,T03863,613.0,2025-11-23
SHOP_001,C0351,T03864,816.0,2025-11-23
SHOP_001,C0080,T03865,714.0,2025-11-23
SHOP_001,C0353,T03866,618.0,2025-11-23
SHOP_001,C0549,T03867,1164.0,2025-11-23
SHOP_001,C0847,T03868,365.0,2025-11-23
SHOP_001,C0026,T03869,531.0,2025-11-23
SHOP_001,C0966,T03870,588.0,2025-11-23
SHOP_001,C0280,T03871,386.0,2025-11-23
SHOP_001,C0338,T03872,441.0,2025-11-23
SHOP_001,C0050,T03873,405.0,2025-11-23
SHOP_001,C0993,T03874,615.0,2025-11-23
SHOP_001,C0102,T03875,503.0,2025-11-23
SHOP_001,C0174,T03876,678.0,2025-11-23
SHOP_001,C0881,T03877,397.0,2025-11-23
SHOP_001,C0716,T03878,879.0,2025-11-23
SHOP_001,C0461,T03879,600.0,2025-11-23
SHOP_001,C0977,T03880,664.0,2025-11-23
SHOP_001,C0604,T03881,682.0,2025-11-23
SHOP_001,C0498,T03882,836.0,2025-11-23
SHOP_001,C0968,T03883,497.0,2025-11-24
SHOP_001,C0808,T03884,402.0,2025-11-24
SHOP_001,C0847,T03885,795.0,2025-11-24
SHOP_001,C0313,T03886,538.0,2025-11-24
SHOP_001,C0943,T03887,478.0,2025-11-24
SHOP_001,C0595,T03888,493.0,2025-11-24
SHOP_001,C0899,T03889,384.0,2025-11-24
SHOP_001,C0174,T03890,625.0,2025-11-24
SHOP_001,C0977,T03891,488.0,2025-11-24
SHOP_001,C0019,T03892,632.0,2025-11-24
SHOP_001,C0667,T03893,797.0,2025-11-24
SHOP_001,C0646,T03894,348.0,2025-11-24
SHOP_001,C0352,T03895,590.0,2025-11-24
SHOP_001,C0552,T03896,555.0,2025-11-24
SHOP_001,C0876,T03897,216.0,2025-11-24
SHOP_001,C0685,T03898,462.0,2025-11-24
SHOP_001,C0671,T03899,582.0,2025-11-24
SHOP_001,C0402,T03900,519.0,2025-11-24
SHOP_001,C0409,T03901,462.0,2025-11-24
SHOP_001,C0215,T03902,565.0,2025-11-24
SHOP_001,C0209,T03903,280.0,2025-11-24
SHOP_001,C0763,T03904,951.0,2025-11-24
SHOP_001,C0352,T03905,738.0,2025-11-24
SHOP_001,C0229,T03906,799.0,2025-11-24
SHOP_001,C0526,T03907,563.0,2025-11-24
SHOP_001,C0296,T03908,617.0,2025-11-24
SHOP_001,C0078,T03909,218.0,2025-11-24
SHOP_001,C0672,T03910,597.0,2025-11-24
SHOP_001,C0540,T03911,510.0,2025-11-24
SHOP_001,C0213,T03912,432.0,2025-11-24
SHOP_001,C0891,T03913,581.0,2025-11-24
SHOP_001,C0780,T03914,660.0,2025-11-24
SHOP_001,C0681,T03915,158.0,2025-11-24
SHOP_001,C0777,T03916,542.0,2025-11-24
SHOP_001,C0763,T03917,520.0,2025-11-24
SHOP_001,C0854,T03918,492.0,2025-11-24
SHOP_001,C0289,T03919,564.0,2025-11-24
SHOP_001,C0153,T03920,351.0,2025-11-24
SHOP_001,C0254,T03921,371.0,2025-11-25
SHOP_001,C0202,T03922,997.0,2025-11-25
SHOP_001,C0219,T03923,1170.0,2025-11-25
SHOP_001,C0847,T03924,403.0,2025-11-25
SHOP_001,C0742,T03925,454.0,2025-11-25
SHOP_001,C0854,T03926,308.0,2025-11-25
SHOP_001,C0754,T03927,630.0,2025-11-25
SHOP_001,C0178,T03928,235.0,2025-11-25
SHOP_001,C0940,T03929,540.0,2025-11-25
SHOP_001,C0721,T03930,481.0,2025-11-25
SHOP_001,C0768,T03931,549.0,2025-11-25
SHOP_001,C0420,T03932,503.0,2025-11-25
SHOP_001,C0936,T03933,644.0,2025-11-25
SHOP_001,C0765,T03934,237.0,2025-11-25
SHOP_001,C0213,T03935,442.0,2025-11-25
SHOP_001,C0077,T03936,440.0,2025-11-25
SHOP_001,C0089,T03937,438.0,2025-11-25
SHOP_001,C0205,T03938,415.0,2025-11-25
SHOP_001,C0949,T03939,289.0,2025-11-25
SHOP_001,C0741,T03940,261.0,2025-11-25
SHOP_001,C0801,T03941,966.0,2025-11-25
SHOP_001,C0183,T03942,627.0,2025-11-25
SHOP_001,C0512,T03943,489.0,2025-11-25
SHOP_001,C0340,T03944,467.0,2025-11-25
SHOP_001,C0158,T03945,562.0,2025-11-25
SHOP_001,C0015,T03946,467.0,2025-11-25
SHOP_001,C0933,T03947,242.0,2025-11-26
SHOP_001,C0353,T03948,493.0,2025-11-26
SHOP_001,C0144,T03949,251.0,2025-11-26
SHOP_001,C0353,T03950,914.0,2025-11-26
SHOP_001,C0855,T03951,465.0,2025-11-26
SHOP_001,C0753,T03952,1217.0,2025-11-26
SHOP_001,C0105,T03953,621.0,2025-11-26
SHOP_001,C0259,T03954,297.0,2025-11-26
SHOP_001,C0910,T03955,391.0,2025-11-26
SHOP_001,C0258,T03956,347.0,2025-11-26
SHOP_001,C0900,T03957,561.0,2025-11-26
SHOP_001,C0378,T03958,576.0,2025-11-26
SHOP_001,C0510,T03959,811.0,2025-11-26
SHOP_001,C0998,T03960,629.0,2025-11-26
SHOP_001,C0370,T03961,310.0,2025-11-26
SHOP_001,C0599,T03962,542.0,2025-11-26
SHOP_001,C0019,T03963,557.0,2025-11-26
SHOP_001,C0901,T03964,459.0,2025-11-26
SHOP_001,C0719,T03965,382.0,2025-11-26
SHOP_001,C0985,T03966,447.0,2025-11-26
SHOP_001,C0374,T03967,550.0,2025-11-26
SHOP_001,C0694,T03968,837.0,2025-11-26
SHOP_001,C0197,T03969,421.0,2025-11-26
SHOP_001,C0500,T03970,326.0,2025-11-26
SHOP_001,C0320,T03971,702.0,2025-11-26
SHOP_001,C0109,T03972,468.0,2025-11-26
SHOP_001,C0432,T03973,288.0,2025-11-26
SHOP_001,C0408,T03974,430.0,2025-11-26
SHOP_001,C0498,T03975,792.0,2025-11-26
SHOP_001,C0769,T03976,651.0,2025-11-26
SHOP_001,C0522,T03977,676.0,2025-11-26
SHOP_001,C0174,T03978,468.0,2025-11-26
SHOP_001,C0097,T03979,559.0,2025-11-26
SHOP_001,C0685,T03980,402.0,2025-11-26
SHOP_001,C0173,T03981,546.0,2025-11-26
SHOP_001,C0659,T03982,365.0,2025-11-26
SHOP_001,C0761,T03983,333.0,2025-11-26
SHOP_001,C0388,T03984,492.0,2025-11-26
SHOP_001,C0129,T03985,526.0,2025-11-26
SHOP_001,C0478,T03986,492.0,2025-11-26
SHOP_001,C0470,T03987,184.0,2025-11-27
SHOP_001,C0637,T03988,687.0,2025-11-27
SHOP_001,C0234,T03989,432.0,2025-11-27
SHOP_001,C0763,T03990,590.0,2025-11-27
SHOP_001,C0714,T03991,439.0,2025-11-27
SHOP_001,C0202,T03992,403.0,2025-11-27
SHOP_001,C0353,T03993,553.0,2025-11-27
SHOP_001,C0768,T03994,705.0,2025-11-27
SHOP_001,C0362,T03995,910.0,2025-11-27
SHOP_001,C0140,T03996,467.0,2025-11-27
SHOP_001,C0832,T03997,336.0,2025-11-27
SHOP_001,C0031,T03998,266.0,2025-11-27
SHOP_001,C0583,T03999,810.0,2025-11-27
SHOP_001,C0732,T04000,353.0,2025-11-27
SHOP_001,C0144,T04001,481.0,2025-11-27
SHOP_001,C0934,T04002,392.0,2025-11-27
SHOP_001,C0529,T04003,523.0,2025-11-27
SHOP_001,C0560,T04004,424.0,2025-11-27
SHOP_001,C0685,T04005,351.0,2025-11-27
SHOP_001,C0464,T04006,588.0,2025-11-27
SHOP_001,C0608,T04007,448.0,2025-11-27
SHOP_001,C0250,T04008,572.0,2025-11-27
SHOP_001,C0325,T04009,176.0,2025-11-27
SHOP_001,C0157,T04010,378.0,2025-11-27
SHOP_001,C0426,T04011,365.0,2025-11-27
SHOP_001,C0353,T04012,457.0,2025-11-27
SHOP_001,C0753,T04013,472.0,2025-11-27
SHOP_001,C0123,T04014,538.0,2025-11-27
SHOP_001,C0180,T04015,576.0,2025-11-27
SHOP_001,C0077,T04016,553.0,2025-11-27
SHOP_001,C0353,T04017,917.0,2025-11-27
SHOP_001,C0593,T04018,757.0,2025-11-27
SHOP_001,C0535,T04019,472.0,2025-11-27
SHOP_001,C0031,T04020,406.0,2025-11-27
SHOP_001,C0294,T04021,587.0,2025-11-27
SHOP_001,C0210,T04022,609.0,2025-11-27
SHOP_001,C0526,T04023,509.0,2025-11-27
SHOP_001,C0435,T04024,873.0,2025-11-27
SHOP_001,C0860,T04025,310.0,2025-11-27
SHOP_001,C0659,T04026,845.0,2025-11-28
SHOP_001,C0468,T04027,750.0,2025-11-28
SHOP_001,C0210,T04028,458.0,2025-11-28
SHOP_001,C0151,T04029,391.0,2025-11-28
SHOP_001,C0435,T04030,618.0,2025-11-28
SHOP_001,C0923,T04031,1064.0,2025-11-28
SHOP_001,C0030,T04032,602.0,2025-11-28
SHOP_001,C0456,T04033,661.0,2025-11-28
SHOP_001,C0128,T04034,521.0,2025-11-28
SHOP_001,C0943,T04035,353.0,2025-11-28
SHOP_001,C0331,T04036,467.0,2025-11-28
SHOP_001,C0648,T04037,473.0,2025-11-28
SHOP_001,C0728,T04038,451.0,2025-11-28
SHOP_001,C0316,T04039,587.0,2025-11-28
SHOP_001,C0854,T04040,373.0,2025-11-28
SHOP_001,C0808,T04041,691.0,2025-11-28
SHOP_001,C0763,T04042,601.0,2025-11-28
SHOP_001,C0752,T04043,639.0,2025-11-28
SHOP_001,C0987,T04044,672.0,2025-11-28
SHOP_001,C0294,T04045,415.0,2025-11-28
SHOP_001,C0940,T04046,629.0,2025-11-28
SHOP_001,C0504,T04047,724.0,2025-11-28
SHOP_001,C0530,T04048,576.0,2025-11-28
SHOP_001,C0530,T04049,565.0,2025-11-28
SHOP_001,C0411,T04050,376.0,2025-11-28
SHOP_001,C0390,T04051,559.0,2025-11-28
SHOP_001,C0203,T04052,545.0,2025-11-28
SHOP_001,C0809,T04053,477.0,2025-11-28
SHOP_001,C0325,T04054,788.0,2025-11-28
SHOP_001,C0546,T04055,1822.0,2025-11-28
SHOP_001,C0295,T04056,297.0,2025-11-28
SHOP_001,C0362,T04057,862.0,2025-11-28
SHOP_001,C0659,T04058,745.0,2025-11-28
SHOP_001,C0805,T04059,438.0,2025-11-28
SHOP_001,C0197,T04060,542.0,2025-11-28
SHOP_001,C0866,T04061,567.0,2025-11-28
SHOP_001,C0967,T04062,407.0,2025-11-28
SHOP_001,C0050,T04063,505.0,2025-11-28
SHOP_001,C0793,T04064,505.0,2025-11-28
SHOP_001,C0158,T04065,767.0,2025-11-28
SHOP_001,C0606,T04066,402.0,2025-11-28
SHOP_001,C0264,T04067,935.0,2025-11-29
SHOP_001,C0235,T04068,417.0,2025-11-29
SHOP_001,C0199,T04069,646.0,2025-11-29
SHOP_001,C0667,T04070,366.0,2025-11-29
SHOP_001,C0723,T04071,553.0,2025-11-29
SHOP_001,C0540,T04072,307.0,2025-11-29
SHOP_001,C0677,T04073,720.0,2025-11-29
SHOP_001,C0943,T04074,421.0,2025-11-29
SHOP_001,C0345,T04075,623.0,2025-11-29
SHOP_001,C0031,T04076,474.0,2025-11-29
SHOP_001,C0475,T04077,807.0,2025-11-29
SHOP_001,C0112,T04078,816.0,2025-11-29
SHOP_001,C0352,T04079,529.0,2025-11-29
SHOP_001,C0493,T04080,545.0,2025-11-29
SHOP_001,C0031,T04081,846.0,2025-11-29
SHOP_001,C0661,T04082,550.0,2025-11-29
SHOP_001,C0809,T04083,748.0,2025-11-29
SHOP_001,C0655,T04084,635.0,2025-11-29
SHOP_001,C0677,T04085,806.0,2025-11-29
SHOP_001,C0181,T04086,691.0,2025-11-29
SHOP_001,C0849,T04087,587.0,2025-11-29
SHOP_001,C0047,T04088,431.0,2025-11-29
SHOP_001,C0140,T04089,469.0,2025-11-29
SHOP_001,C0720,T04090,633.0,2025-11-29
SHOP_001,C0401,T04091,715.0,2025-11-29
SHOP_001,C0663,T04092,306.0,2025-11-29
SHOP_001,C0117,T04093,454.0,2025-11-29
SHOP_001,C0808,T04094,539.0,2025-11-29
SHOP_001,C0462,T04095,453.0,2025-11-29
SHOP_001,C0901,T04096,483.0,2025-11-29
SHOP_001,C0433,T04097,596.0,2025-11-29
SHOP_001,C0929,T04098,681.0,2025-11-29
SHOP_001,C0605,T04099,754.0,2025-11-30
SHOP_001,C0418,T04100,677.0,2025-11-30
SHOP_001,C0718,T04101,763.0,2025-11-30
SHOP_001,C0951,T04102,650.0,2025-11-30
SHOP_001,C0529,T04103,640.0,2025-11-30
SHOP_001,C0435,T04104,592.0,2025-11-30
SHOP_001,C0723,T04105,398.0,2025-11-30
SHOP_001,C0253,T04106,723.0,2025-11-30
SHOP_001,C0896,T04107,385.0,2025-11-30
SHOP_001,C0841,T04108,508.0,2025-11-30
SHOP_001,C0228,T04109,1303.0,2025-11-30
SHOP_001,C0061,T04110,794.0,2025-11-30
SHOP_001,C0295,T04111,228.0,2025-11-30
SHOP_001,C0763,T04112,1054.0,2025-11-30
SHOP_001,C0359,T04113,504.0,2025-11-30
SHOP_001,C0801,T04114,576.0,2025-11-30
SHOP_001,C0451,T04115,463.0,2025-11-30
SHOP_001,C0941,T04116,424.0,2025-11-30
SHOP_001,C0295,T04117,455.0,2025-11-30
SHOP_001,C0273,T04118,550.0,2025-11-30
SHOP_001,C0129,T04119,580.0,2025-11-30
SHOP_001,C0030,T04120,497.0,2025-11-30
SHOP_001,C0817,T04121,1323.0,2025-11-30
SHOP_001,C0446,T04122,330.0,2025-11-30
SHOP_001,C0738,T04123,467.0,2025-11-30
SHOP_001,C0929,T04124,594.0,2025-11-30
SHOP_001,C0036,T04125,539.0,2025-11-30
SHOP_001,C0181,T04126,493.0,2025-11-30
SHOP_001,C0671,T04127,821.0,2025-11-30
SHOP_001,C0019,T04128,498.0,2025-11-30
SHOP_001,C0202,T04129,616.0,2025-11-30
SHOP_001,C0950,T04130,563.0,2025-11-30
SHOP_001,C0768,T04131,742.0,2025-11-30
SHOP_001,C0831,T04132,598.0,2025-11-30
SHOP_001,C0472,T04133,315.0,2025-11-30
SHOP_001,C0530,T04134,659.0,2025-11-30
SHOP_001,C0632,T04135,340.0,2025-11-30
SHOP_001,C0969,T04136,807.0,2025-11-30
SHOP_001,C0211,T04137,379.0,2025-11-30
SHOP_001,C0399,T04138,567.0,2025-11-30
SHOP_001,C0685,T04139,303.0,2025-11-30
SHOP_001,C0769,T04140,1068.0,2025-11-30
SHOP_001,C0747,T04141,553.0,2025-11-30
SHOP_001,C0176,T04142,826.0,2025-11-30
SHOP_001,C0924,T04143,847.0,2025-11-30
SHOP_001,C0873,T04144,818.0,2025-11-30
SHOP_001,C0685,T04145,334.0,2025-11-30
SHOP_001,C0780,T04146,814.0,2025-11-30
SHOP_001,C0302,T04147,500.0,2025-11-30
SHOP_001,C0919,T04148,782.0,2025-11-30
SHOP_001,C0026,T04149,632.0,2025-11-30
SHOP_001,C0708,T04150,1184.0,2025-11-30
SHOP_001,C0732,T04151,715.0,2025-12-01
SHOP_001,C0353,T04152,744.0,2025-12-01
SHOP_001,C0426,T04153,348.0,2025-12-01
SHOP_001,C0211,T04154,473.0,2025-12-01
SHOP_001,C0950,T04155,651.0,2025-12-01
SHOP_001,C0083,T04156,560.0,2025-12-01
SHOP_001,C0571,T04157,275.0,2025-12-01
SHOP_001,C0515,T04158,647.0,2025-12-01
SHOP_001,C0019,T04159,560.0,2025-12-01
SHOP_001,C0591,T04160,523.0,2025-12-01
SHOP_001,C0520,T04161,450.0,2025-12-01
SHOP_001,C0927,T04162,880.0,2025-12-01
SHOP_001,C0031,T04163,451.0,2025-12-01
SHOP_001,C0539,T04164,475.0,2025-12-01
SHOP_001,C0835,T04165,558.0,2025-12-01
SHOP_001,C0588,T04166,504.0,2025-12-01
SHOP_001,C0694,T04167,1203.0,2025-12-01
SHOP_001,C0966,T04168,409.0,2025-12-01
SHOP_001,C0800,T04169,580.0,2025-12-01
SHOP_001,C0694,T04170,656.0,2025-12-01
SHOP_001,C0594,T04171,379.0,2025-12-01
SHOP_001,C0451,T04172,328.0,2025-12-01
SHOP_001,C0088,T04173,648.0,2025-12-01
SHOP_001,C0080,T04174,865.0,2025-12-01
SHOP_001,C0999,T04175,395.0,2025-12-01
SHOP_001,C0024,T04176,751.0,2025-12-01
SHOP_001,C0197,T04177,216.0,2025-12-01
SHOP_001,C0599,T04178,543.0,2025-12-01
SHOP_001,C0176,T04179,620.0,2025-12-01
SHOP_001,C0162,T04180,303.0,2025-12-01
SHOP_001,C0451,T04181,644.0,2025-12-01
SHOP_001,C0422,T04182,358.0,2025-12-02
SHOP_001,C0651,T04183,752.0,2025-12-02
SHOP_001,C0144,T04184,1110.0,2025-12-02
SHOP_001,C0409,T04185,474.0,2025-12-02
SHOP_001,C0359,T04186,513.0,2025-12-02
SHOP_001,C0693,T04187,695.0,2025-12-02
SHOP_001,C0227,T04188,483.0,2025-12-02
SHOP_001,C0677,T04189,871.0,2025-12-02
SHOP_001,C0254,T04190,214.0,2025-12-02
SHOP_001,C0009,T04191,867.0,2025-12-02
SHOP_001,C0985,T04192,685.0,2025-12-02
SHOP_001,C0181,T04193,755.0,2025-12-02
SHOP_001,C0763,T04194,359.0,2025-12-02
SHOP_001,C0899,T04195,575.0,2025-12-02
SHOP_001,C0050,T04196,289.0,2025-12-02
SHOP_001,C0656,T04197,1002.0,2025-12-02
SHOP_001,C0967,T04198,415.0,2025-12-02
SHOP_001,C0214,T04199,408.0,2025-12-02
SHOP_001,C0359,T04200,395.0,2025-12-02
SHOP_001,C0225,T04201,437.0,2025-12-02
SHOP_001,C0030,T04202,553.0,2025-12-02
SHOP_001,C0670,T04203,505.0,2025-12-02
SHOP_001,C0464,T04204,367.0,2025-12-02
SHOP_001,C0606,T04205,399.0,2025-12-02
SHOP_001,C0584,T04206,387.0,2025-12-03
SHOP_001,C0831,T04207,290.0,2025-12-03
SHOP_001,C0755,T04208,718.0,2025-12-03
SHOP_001,C0339,T04209,575.0,2025-12-03
SHOP_001,C0392,T04210,351.0,2025-12-03
SHOP_001,C0671,T04211,576.0,2025-12-03
SHOP_001,C0144,T04212,819.0,2025-12-03
SHOP_001,C0726,T04213,384.0,2025-12-03
SHOP_001,C0142,T04214,604.0,2025-12-03
SHOP_001,C0017,T04215,333.0,2025-12-03
SHOP_001,C0924,T04216,680.0,2025-12-03
SHOP_001,C0626,T04217,650.0,2025-12-03
SHOP_001,C0229,T04218,869.0,2025-12-03
SHOP_001,C0341,T04219,676.0,2025-12-03
SHOP_001,C0652,T04220,752.0,2025-12-03
SHOP_001,C0022,T04221,913.0,2025-12-03
SHOP_001,C0354,T04222,568.0,2025-12-03
SHOP_001,C0754,T04223,935.0,2025-12-03
SHOP_001,C0517,T04224,686.0,2025-12-03
SHOP_001,C0235,T04225,913.0,2025-12-03
SHOP_001,C0506,T04226,471.0,2025-12-03
SHOP_001,C0914,T04227,384.0,2025-12-03
SHOP_001,C0180,T04228,450.0,2025-12-03
SHOP_001,C0130,T04229,423.0,2025-12-03
SHOP_001,C0071,T04230,423.0,2025-12-03
SHOP_001,C0142,T04231,433.0,2025-12-04
SHOP_001,C0724,T04232,458.0,2025-12-04
SHOP_001,C0831,T04233,433.0,2025-12-04
SHOP_001,C0474,T04234,455.0,2025-12-04
SHOP_001,C0963,T04235,751.0,2025-12-04
SHOP_001,C0732,T04236,832.0,2025-12-04
SHOP_001,C0626,T04237,459.0,2025-12-04
SHOP_001,C0254,T04238,382.0,2025-12-04
SHOP_001,C0181,T04239,748.0,2025-12-04
SHOP_001,C0671,T04240,711.0,2025-12-04
SHOP_001,C0573,T04241,591.0,2025-12-04
SHOP_001,C0014,T04242,546.0,2025-12-04
SHOP_001,C0158,T04243,920.0,2025-12-04
SHOP_001,C0240,T04244,312.0,2025-12-04
SHOP_001,C0158,T04245,510.0,2025-12-04
SHOP_001,C0607,T04246,347.0,2025-12-04
SHOP_001,C0097,T04247,587.0,2025-12-04
SHOP_001,C0228,T04248,767.0,2025-12-04
SHOP_001,C0826,T04249,586.0,2025-12-04
SHOP_001,C0272,T04250,613.0,2025-12-04
SHOP_001,C0145,T04251,645.0,2025-12-04
SHOP_001,C0475,T04252,311.0,2025-12-04
SHOP_001,C0101,T04253,724.0,2025-12-04
SHOP_001,C0644,T04254,288.0,2025-12-04
SHOP_001,C0540,T04255,671.0,2025-12-04
SHOP_001,C0435,T04256,757.0,2025-12-04
SHOP_001,C0943,T04257,768.0,2025-12-04
SHOP_001,C0823,T04258,525.0,2025-12-04
SHOP_001,C0354,T04259,268.0,2025-12-04
SHOP_001,C0670,T04260,612.0,2025-12-04
SHOP_001,C0609,T04261,761.0,2025-12-04
SHOP_001,C0512,T04262,315.0,2025-12-04
SHOP_001,C0224,T04263,828.0,2025-12-04
SHOP_001,C0392,T04264,643.0,2025-12-04
SHOP_001,C0478,T04265,568.0,2025-12-04
SHOP_001,C0686,T04266,427.0,2025-12-05
SHOP_001,C0694,T04267,943.0,2025-12-05
SHOP_001,C0967,T04268,495.0,2025-12-05
SHOP_001,C0808,T04269,535.0,2025-12-05
SHOP_001,C0609,T04270,664.0,2025-12-05
SHOP_001,C0517,T04271,580.0,2025-12-05
SHOP_001,C0744,T04272,629.0,2025-12-05
SHOP_001,C0875,T04273,484.0,2025-12-05
SHOP_001,C0261,T04274,546.0,2025-12-05
SHOP_001,C0468,T04275,1095.0,2025-12-05
SHOP_001,C0211,T04276,535.0,2025-12-05
SHOP_001,C0209,T04277,599.0,2025-12-05
SHOP_001,C0328,T04278,553.0,2025-12-05
SHOP_001,C0651,T04279,587.0,2025-12-05
SHOP_001,C0736,T04280,387.0,2025-12-05
SHOP_001,C0006,T04281,475.0,2025-12-05
SHOP_001,C0940,T04282,395.0,2025-12-05
SHOP_001,C0180,T04283,439.0,2025-12-05
SHOP_001,C0105,T04284,1411.0,2025-12-05
SHOP_001,C0495,T04285,590.0,2025-12-05
SHOP_001,C0288,T04286,578.0,2025-12-05
SHOP_001,C0693,T04287,540.0,2025-12-05
SHOP_001,C0112,T04288,673.0,2025-12-05
SHOP_001,C0903,T04289,264.0,2025-12-05
SHOP_001,C0943,T04290,1138.0,2025-12-05
SHOP_001,C0318,T04291,263.0,2025-12-05
SHOP_001,C0201,T04292,742.0,2025-12-05
SHOP_001,C0846,T04293,358.0,2025-12-05
SHOP_001,C0677,T04294,586.0,2025-12-05
SHOP_001,C0808,T04295,518.0,2025-12-05
SHOP_001,C0072,T04296,460.0,2025-12-05
SHOP_001,C0353,T04297,1443.0,2025-12-05
SHOP_001,C0718,T04298,580.0,2025-12-05
SHOP_001,C0891,T04299,1170.0,2025-12-05
SHOP_001,C0901,T04300,331.0,2025-12-05
SHOP_001,C0884,T04301,515.0,2025-12-05
SHOP_001,C0862,T04302,430.0,2025-12-05
SHOP_001,C0426,T04303,279.0,2025-12-05
SHOP_001,C0694,T04304,1247.0,2025-12-05
SHOP_001,C0140,T04305,643.0,2025-12-05
SHOP_001,C0158,T04306,1200.0,2025-12-05
SHOP_001,C0826,T04307,293.0,2025-12-05
SHOP_001,C0692,T04308,747.0,2025-12-05
SHOP_001,C0618,T04309,322.0,2025-12-05
SHOP_001,C0716,T04310,601.0,2025-12-05
SHOP_001,C0236,T04311,626.0,2025-12-06
SHOP_001,C0035,T04312,679.0,2025-12-06
SHOP_001,C0851,T04313,304.0,2025-12-06
SHOP_001,C0621,T04314,445.0,2025-12-06
SHOP_001,C0518,T04315,1162.0,2025-12-06
SHOP_001,C0080,T04316,1187.0,2025-12-06
SHOP_001,C0609,T04317,639.0,2025-12-06
SHOP_001,C0949,T04318,692.0,2025-12-06
SHOP_001,C0651,T04319,556.0,2025-12-06
SHOP_001,C0066,T04320,503.0,2025-12-06
SHOP_001,C0680,T04321,1149.0,2025-12-06
SHOP_001,C0368,T04322,630.0,2025-12-06
SHOP_001,C0524,T04323,784.0,2025-12-06
SHOP_001,C0985,T04324,423.0,2025-12-06
SHOP_001,C0112,T04325,1196.0,2025-12-06
SHOP_001,C0749,T04326,320.0,2025-12-06
SHOP_001,C0590,T04327,828.0,2025-12-06
SHOP_001,C0386,T04328,437.0,2025-12-06
SHOP_001,C0263,T04329,426.0,2025-12-06
SHOP_001,C0230,T04330,660.0,2025-12-06
SHOP_001,C0943,T04331,632.0,2025-12-06
SHOP_001,C0231,T04332,965.0,2025-12-06
SHOP_001,C0997,T04333,769.0,2025-12-06
SHOP_001,C0227,T04334,505.0,2025-12-06
SHOP_001,C0919,T04335,438.0,2025-12-06
SHOP_001,C0751,T04336,576.0,2025-12-06
SHOP_001,C0744,T04337,673.0,2025-12-06
SHOP_001,C0604,T04338,782.0,2025-12-06
SHOP_001,C0671,T04339,596.0,2025-12-06
SHOP_001,C0294,T04340,516.0,2025-12-06
SHOP_001,C0352,T04341,785.0,2025-12-06
SHOP_001,C0969,T04342,600.0,2025-12-06
SHOP_001,C0967,T04343,595.0,2025-12-06
SHOP_001,C0019,T04344,846.0,2025-12-06
SHOP_001,C0295,T04345,440.0,2025-12-06
SHOP_001,C0753,T04346,622.0,2025-12-06
SHOP_001,C0376,T04347,1342.0,2025-12-06
SHOP_001,C0608,T04348,642.0,2025-12-06
SHOP_001,C0891,T04349,765.0,2025-12-06
SHOP_001,C0901,T04350,404.0,2025-12-06
SHOP_001,C0176,T04351,1179.0,2025-12-06
SHOP_001,C0901,T04352,674.0,2025-12-06
SHOP_001,C0179,T04353,670.0,2025-12-06
SHOP_001,C0552,T04354,980.0,2025-12-06
SHOP_001,C0485,T04355,1369.0,2025-12-06
SHOP_001,C0071,T04356,572.0,2025-12-06
SHOP_001,C0707,T04357,739.0,2025-12-06
SHOP_001,C0216,T04358,260.0,2025-12-06
SHOP_001,C0512,T04359,761.0,2025-12-06
SHOP_001,C0473,T04360,384.0,2025-12-07
SHOP_001,C0945,T04361,376.0,2025-12-07
SHOP_001,C0097,T04362,851.0,2025-12-07
SHOP_001,C0943,T04363,720.0,2025-12-07
SHOP_001,C0009,T04364,614.0,2025-12-07
SHOP_001,C0924,T04365,562.0,2025-12-07
SHOP_001,C0862,T04366,730.0,2025-12-07
SHOP_001,C0180,T04367,632.0,2025-12-07
SHOP_001,C0541,T04368,550.0,2025-12-07
SHOP_001,C0080,T04369,698.0,2025-12-07
SHOP_001,C0650,T04370,460.0,2025-12-07
SHOP_001,C0150,T04371,426.0,2025-12-07
SHOP_001,C0112,T04372,895.0,2025-12-07
SHOP_001,C0724,T04373,665.0,2025-12-07
SHOP_001,C0044,T04374,570.0,2025-12-07
SHOP_001,C0805,T04375,338.0,2025-12-07
SHOP_001,C0019,T04376,802.0,2025-12-07
SHOP_001,C0782,T04377,460.0,2025-12-07
SHOP_001,C0719,T04378,428.0,2025-12-07
SHOP_001,C0901,T04379,351.0,2025-12-07
SHOP_001,C0854,T04380,771.0,2025-12-07
SHOP_001,C0718,T04381,563.0,2025-12-07
SHOP_001,C0426,T04382,316.0,2025-12-07
SHOP_001,C0017,T04383,672.0,2025-12-07
SHOP_001,C0530,T04384,522.0,2025-12-07
SHOP_001,C0527,T04385,574.0,2025-12-07
SHOP_001,C0624,T04386,652.0,2025-12-07
SHOP_001,C0084,T04387,540.0,2025-12-07
SHOP_001,C0773,T04388,966.0,2025-12-08
SHOP_001,C0548,T04389,1082.0,2025-12-08
SHOP_001,C0150,T04390,524.0,2025-12-08
SHOP_001,C0609,T04391,885.0,2025-12-08
SHOP_001,C0263,T04392,684.0,2025-12-08
SHOP_001,C0188,T04393,329.0,2025-12-08
SHOP_001,C0432,T04394,539.0,2025-12-08
SHOP_001,C0688,T04395,476.0,2025-12-08
SHOP_001,C0029,T04396,805.0,2025-12-08
SHOP_001,C0073,T04397,614.0,2025-12-08
SHOP_001,C0520,T04398,253.0,2025-12-08
SHOP_001,C0097,T04399,523.0,2025-12-08
SHOP_001,C0206,T04400,711.0,2025-12-08
SHOP_001,C0263,T04401,624.0,2025-12-08
SHOP_001,C0440,T04402,475.0,2025-12-08
SHOP_001,C0808,T04403,380.0,2025-12-08
SHOP_001,C0202,T04404,491.0,2025-12-08
SHOP_001,C0870,T04405,577.0,2025-12-08
SHOP_001,C0077,T04406,654.0,2025-12-08
SHOP_001,C0218,T04407,973.0,2025-12-08
SHOP_001,C0066,T04408,386.0,2025-12-08
SHOP_001,C0611,T04409,644.0,2025-12-08
SHOP_001,C0394,T04410,523.0,2025-12-08
SHOP_001,C0133,T04411,663.0,2025-12-08
SHOP_001,C0693,T04412,586.0,2025-12-08
SHOP_001,C0024,T04413,471.0,2025-12-08
SHOP_001,C0738,T04414,770.0,2025-12-08
SHOP_001,C0570,T04415,764.0,2025-12-08
SHOP_001,C0609,T04416,538.0,2025-12-08
SHOP_001,C0704,T04417,525.0,2025-12-08
SHOP_001,C0153,T04418,824.0,2025-12-08
SHOP_001,C0352,T04419,534.0,2025-12-08
SHOP_001,C0174,T04420,454.0,2025-12-08
SHOP_001,C0285,T04421,326.0,2025-12-09
SHOP_001,C0881,T04422,361.0,2025-12-09
SHOP_001,C0919,T04423,315.0,2025-12-09
SHOP_001,C0728,T04424,851.0,2025-12-09
SHOP_001,C0901,T04425,357.0,2025-12-09
SHOP_001,C0295,T04426,349.0,2025-12-09
SHOP_001,C0451,T04427,472.0,2025-12-09
SHOP_001,C0494,T04428,427.0,2025-12-09
SHOP_001,C0460,T04429,475.0,2025-12-09
SHOP_001,C0670,T04430,457.0,2025-12-09
SHOP_001,C0636,T04431,508.0,2025-12-09
SHOP_001,C0855,T04432,303.0,2025-12-09
SHOP_001,C0844,T04433,554.0,2025-12-09
SHOP_001,C0464,T04434,404.0,2025-12-09
SHOP_001,C0003,T04435,428.0,2025-12-09
SHOP_001,C0847,T04436,745.0,2025-12-09
SHOP_001,C0909,T04437,449.0,2025-12-09
SHOP_001,C0162,T04438,585.0,2025-12-09
SHOP_001,C0084,T04439,1051.0,2025-12-09
SHOP_001,C0791,T04440,512.0,2025-12-09
SHOP_001,C0036,T04441,514.0,2025-12-09
SHOP_001,C0768,T04442,988.0,2025-12-09
SHOP_001,C0604,T04443,744.0,2025-12-09
SHOP_001,C0268,T04444,615.0,2025-12-09
SHOP_001,C0065,T04445,514.0,2025-12-09
SHOP_001,C0648,T04446,476.0,2025-12-09
SHOP_001,C0341,T04447,1009.0,2025-12-09
SHOP_001,C0014,T04448,1093.0,2025-12-09
SHOP_001,C0190,T04449,509.0,2025-12-09
SHOP_001,C0512,T04450,470.0,2025-12-09
SHOP_001,C0775,T04451,270.0,2025-12-10
SHOP_001,C0401,T04452,709.0,2025-12-10
SHOP_001,C0547,T04453,292.0,2025-12-10
SHOP_001,C0963,T04454,534.0,2025-12-10
SHOP_001,C0440,T04455,705.0,2025-12-10
SHOP_001,C0180,T04456,619.0,2025-12-10
SHOP_001,C0352,T04457,1075.0,2025-12-10
SHOP_001,C0809,T04458,440.0,2025-12-10
SHOP_001,C0785,T04459,453.0,2025-12-10
SHOP_001,C0677,T04460,528.0,2025-12-10
SHOP_001,C0353,T04461,694.0,2025-12-10
SHOP_001,C0590,T04462,692.0,2025-12-10
SHOP_001,C0927,T04463,490.0,2025-12-10
SHOP_001,C0580,T04464,684.0,2025-12-10
SHOP_001,C0518,T04465,818.0,2025-12-10
SHOP_001,C0754,T04466,847.0,2025-12-10
SHOP_001,C0831,T04467,505.0,2025-12-10
SHOP_001,C0144,T04468,677.0,2025-12-10
SHOP_001,C0359,T04469,534.0,2025-12-10
SHOP_001,C0084,T04470,801.0,2025-12-10
SHOP_001,C0940,T04471,354.0,2025-12-10
SHOP_001,C0603,T04472,460.0,2025-12-10
SHOP_001,C0037,T04473,757.0,2025-12-10
SHOP_001,C0590,T04474,349.0,2025-12-10
SHOP_001,C0308,T04475,629.0,2025-12-10
SHOP_001,C0638,T04476,703.0,2025-12-10
SHOP_001,C0548,T04477,561.0,2025-12-10
SHOP_001,C0144,T04478,478.0,2025-12-10
SHOP_001,C0737,T04479,584.0,2025-12-10
SHOP_001,C0704,T04480,301.0,2025-12-10
SHOP_001,C0373,T04481,475.0,2025-12-10
SHOP_001,C0773,T04482,806.0,2025-12-10
SHOP_001,C0153,T04483,617.0,2025-12-10
SHOP_001,C0202,T04484,885.0,2025-12-10
SHOP_001,C0956,T04485,431.0,2025-12-11
SHOP_001,C0307,T04486,709.0,2025-12-11
SHOP_001,C0535,T04487,592.0,2025-12-11
SHOP_001,C0461,T04488,678.0,2025-12-11
SHOP_001,C0529,T04489,594.0,2025-12-11
SHOP_001,C0938,T04490,1014.0,2025-12-11
SHOP_001,C0162,T04491,553.0,2025-12-11
SHOP_001,C0967,T04492,684.0,2025-12-11
SHOP_001,C0666,T04493,340.0,2025-12-11
SHOP_001,C0509,T04494,688.0,2025-12-11
SHOP_001,C0242,T04495,503.0,2025-12-11
SHOP_001,C0716,T04496,750.0,2025-12-11
SHOP_001,C0211,T04497,436.0,2025-12-11
SHOP_001,C0392,T04498,288.0,2025-12-11
SHOP_001,C0035,T04499,750.0,2025-12-11
SHOP_001,C0183,T04500,965.0,2025-12-11
SHOP_001,C0847,T04501,258.0,2025-12-11
SHOP_001,C0246,T04502,685.0,2025-12-11
SHOP_001,C0141,T04503,420.0,2025-12-11
SHOP_001,C0330,T04504,220.0,2025-12-11
SHOP_001,C0593,T04505,429.0,2025-12-11
SHOP_001,C0318,T04506,263.0,2025-12-11
SHOP_001,C0202,T04507,721.0,2025-12-11
SHOP_001,C0338,T04508,669.0,2025-12-11
SHOP_001,C0744,T04509,568.0,2025-12-11
SHOP_001,C0144,T04510,660.0,2025-12-11
SHOP_001,C0477,T04511,556.0,2025-12-11
SHOP_001,C0769,T04512,638.0,2025-12-11
SHOP_001,C0150,T04513,470.0,2025-12-11
SHOP_001,C0336,T04514,332.0,2025-12-11
SHOP_001,C0613,T04515,451.0,2025-12-11
SHOP_001,C0708,T04516,1175.0,2025-12-11
SHOP_001,C0657,T04517,1333.0,2025-12-12
SHOP_001,C0848,T04518,883.0,2025-12-12
SHOP_001,C0490,T04519,259.0,2025-12-12
SHOP_001,C0373,T04520,645.0,2025-12-12
SHOP_001,C0211,T04521,430.0,2025-12-12
SHOP_001,C0180,T04522,465.0,2025-12-12
SHOP_001,C0353,T04523,1111.0,2025-12-12
SHOP_001,C0625,T04524,620.0,2025-12-12
SHOP_001,C0220,T04525,701.0,2025-12-12
SHOP_001,C0768,T04526,578.0,2025-12-12
SHOP_001,C0901,T04527,559.0,2025-12-12
SHOP_001,C0426,T04528,411.0,2025-12-12
SHOP_001,C0174,T04529,573.0,2025-12-12
SHOP_001,C0192,T04530,467.0,2025-12-12
SHOP_001,C0306,T04531,657.0,2025-12-12
SHOP_001,C0965,T04532,499.0,2025-12-12
SHOP_001,C0525,T04533,1056.0,2025-12-12
SHOP_001,C0317,T04534,594.0,2025-12-12
SHOP_001,C0289,T04535,272.0,2025-12-12
SHOP_001,C0686,T04536,457.0,2025-12-12
SHOP_001,C0568,T04537,337.0,2025-12-12
SHOP_001,C0017,T04538,815.0,2025-12-12
SHOP_001,C0648,T04539,429.0,2025-12-12
SHOP_001,C0331,T04540,270.0,2025-12-12
SHOP_001,C0699,T04541,519.0,2025-12-12
SHOP_001,C0184,T04542,962.0,2025-12-12
SHOP_001,C0855,T04543,634.0,2025-12-12
SHOP_001,C0716,T04544,671.0,2025-12-12
SHOP_001,C0264,T04545,840.0,2025-12-12
SHOP_001,C0229,T04546,1040.0,2025-12-12
SHOP_001,C0266,T04547,404.0,2025-12-12
SHOP_001,C0408,T04548,501.0,2025-12-12
SHOP_001,C0490,T04549,344.0,2025-12-12
SHOP_001,C0691,T04550,499.0,2025-12-12
SHOP_001,C0718,T04551,521.0,2025-12-12
SHOP_001,C0626,T04552,587.0,2025-12-12
SHOP_001,C0282,T04553,542.0,2025-12-12
SHOP_001,C0466,T04554,816.0,2025-12-12
SHOP_001,C0539,T04555,648.0,2025-12-12
SHOP_001,C0613,T04556,887.0,2025-12-12
SHOP_001,C0325,T04557,516.0,2025-12-12
SHOP_001,C0295,T04558,563.0,2025-12-12
SHOP_001,C0119,T04559,496.0,2025-12-12
SHOP_001,C0084,T04560,720.0,2025-12-12
SHOP_001,C0738,T04561,873.0,2025-12-12
SHOP_001,C0579,T04562,320.0,2025-12-12
SHOP_001,C0873,T04563,872.0,2025-12-12
SHOP_001,C0998,T04564,763.0,2025-12-12
SHOP_001,C0809,T04565,854.0,2025-12-12
SHOP_001,C0032,T04566,985.0,2025-12-12
SHOP_001,C0651,T04567,391.0,2025-12-12
SHOP_001,C0247,T04568,905.0,2025-12-12
SHOP_001,C0928,T04569,516.0,2025-12-12
SHOP_001,C0723,T04570,547.0,2025-12-12
SHOP_001,C0106,T04571,369.0,2025-12-12
SHOP_001,C0517,T04572,515.0,2025-12-12
SHOP_001,C0681,T04573,309.0,2025-12-12
SHOP_001,C0968,T04574,726.0,2025-12-12
SHOP_001,C0645,T04575,576.0,2025-12-13
SHOP_001,C0768,T04576,876.0,2025-12-13
SHOP_001,C0031,T04577,384.0,2025-12-13
SHOP_001,C0691,T04578,463.0,2025-12-13
SHOP_001,C0157,T04579,443.0,2025-12-13
SHOP_001,C0130,T04580,834.0,2025-12-13
SHOP_001,C0591,T04581,346.0,2025-12-13
SHOP_001,C0687,T04582,406.0,2025-12-13
SHOP_001,C0492,T04583,937.0,2025-12-13
SHOP_001,C0407,T04584,300.0,2025-12-13
SHOP_001,C0144,T04585,429.0,2025-12-13
SHOP_001,C0202,T04586,911.0,2025-12-13
SHOP_001,C0777,T04587,720.0,2025-12-13
SHOP_001,C0487,T04588,774.0,2025-12-13
SHOP_001,C0066,T04589,533.0,2025-12-13
SHOP_001,C0718,T04590,695.0,2025-12-13
SHOP_001,C0943,T04591,458.0,2025-12-13
SHOP_001,C0312,T04592,730.0,2025-12-13
SHOP_001,C0073,T04593,746.0,2025-12-13
SHOP_001,C0791,T04594,716.0,2025-12-13
SHOP_001,C0662,T04595,286.0,2025-12-13
SHOP_001,C0685,T04596,330.0,2025-12-13
SHOP_001,C0692,T04597,882.0,2025-12-13
SHOP_001,C0997,T04598,778.0,2025-12-13
SHOP_001,C0768,T04599,800.0,2025-12-13
SHOP_001,C0456,T04600,338.0,2025-12-13
SHOP_001,C0390,T04601,538.0,2025-12-13
SHOP_001,C0229,T04602,623.0,2025-12-13
SHOP_001,C0285,T04603,482.0,2025-12-13
SHOP_001,C0919,T04604,641.0,2025-12-13
SHOP_001,C0732,T04605,721.0,2025-12-13
SHOP_001,C0227,T04606,259.0,2025-12-13
SHOP_001,C0718,T04607,675.0,2025-12-13
SHOP_001,C0868,T04608,446.0,2025-12-13
SHOP_001,C0594,T04609,624.0,2025-12-13
SHOP_001,C0181,T04610,354.0,2025-12-13
SHOP_001,C0097,T04611,737.0,2025-12-13
SHOP_001,C0789,T04612,470.0,2025-12-13
SHOP_001,C0847,T04613,508.0,2025-12-13
SHOP_001,C0777,T04614,490.0,2025-12-13
SHOP_001,C0088,T04615,512.0,2025-12-13
SHOP_001,C0986,T04616,621.0,2025-12-13
SHOP_001,C0685,T04617,533.0,2025-12-13
SHOP_001,C0724,T04618,429.0,2025-12-13
SHOP_001,C0643,T04619,671.0,2025-12-13
SHOP_001,C0985,T04620,519.0,2025-12-13
SHOP_001,C0464,T04621,341.0,2025-12-13
SHOP_001,C0475,T04622,493.0,2025-12-13
SHOP_001,C0066,T04623,524.0,2025-12-13
SHOP_001,C0677,T04624,549.0,2025-12-13
SHOP_001,C0296,T04625,493.0,2025-12-13
SHOP_001,C0822,T04626,329.0,2025-12-13
SHOP_001,C0767,T04627,403.0,2025-12-13
SHOP_001,C0304,T04628,414.0,2025-12-14
SHOP_001,C0002,T04629,716.0,2025-12-14
SHOP_001,C0529,T04630,991.0,2025-12-14
SHOP_001,C0881,T04631,552.0,2025-12-14
SHOP_001,C0939,T04632,615.0,2025-12-14
SHOP_001,C0782,T04633,536.0,2025-12-14
SHOP_001,C0943,T04634,431.0,2025-12-14
SHOP_001,C0738,T04635,513.0,2025-12-14
SHOP_001,C0426,T04636,396.0,2025-12-14
SHOP_001,C0159,T04637,671.0,2025-12-14
SHOP_001,C0086,T04638,727.0,2025-12-14
SHOP_001,C0097,T04639,910.0,2025-12-14
SHOP_001,C0847,T04640,482.0,2025-12-14
SHOP_001,C0443,T04641,384.0,2025-12-14
SHOP_001,C0900,T04642,437.0,2025-12-14
SHOP_001,C0530,T04643,752.0,2025-12-14
SHOP_001,C0799,T04644,619.0,2025-12-14
SHOP_001,C0780,T04645,1337.0,2025-12-14
SHOP_001,C0140,T04646,532.0,2025-12-14
SHOP_001,C0694,T04647,623.0,2025-12-14
SHOP_001,C0105,T04648,787.0,2025-12-14
SHOP_001,C0592,T04649,1230.0,2025-12-14
SHOP_001,C0609,T04650,471.0,2025-12-14
SHOP_001,C0186,T04651,384.0,2025-12-14
SHOP_001,C0985,T04652,607.0,2025-12-14
SHOP_001,C0014,T04653,786.0,2025-12-14
SHOP_001,C0937,T04654,607.0,2025-12-14
SHOP_001,C0609,T04655,641.0,2025-12-14
SHOP_001,C0666,T04656,463.0,2025-12-14
SHOP_001,C0345,T04657,485.0,2025-12-14
SHOP_001,C0277,T04658,913.0,2025-12-14
SHOP_001,C0850,T04659,498.0,2025-12-14
SHOP_001,C0968,T04660,560.0,2025-12-14
SHOP_001,C0772,T04661,476.0,2025-12-14
SHOP_001,C0677,T04662,599.0,2025-12-14
SHOP_001,C0681,T04663,355.0,2025-12-14
SHOP_001,C0343,T04664,345.0,2025-12-14
SHOP_001,C0785,T04665,747.0,2025-12-14
SHOP_001,C0295,T04666,473.0,2025-12-14
SHOP_001,C0213,T04667,299.0,2025-12-14
SHOP_001,C0968,T04668,380.0,2025-12-14
SHOP_001,C0685,T04669,383.0,2025-12-14
SHOP_001,C0811,T04670,430.0,2025-12-15
SHOP_001,C0353,T04671,574.0,2025-12-15
SHOP_001,C0360,T04672,260.0,2025-12-15
SHOP_001,C0979,T04673,504.0,2025-12-15
SHOP_001,C0793,T04674,503.0,2025-12-15
SHOP_001,C0529,T04675,341.0,2025-12-15
SHOP_001,C0719,T04676,314.0,2025-12-15
SHOP_001,C0580,T04677,661.0,2025-12-15
SHOP_001,C0305,T04678,654.0,2025-12-15
SHOP_001,C0097,T04679,781.0,2025-12-15
SHOP_001,C0530,T04680,853.0,2025-12-15
SHOP_001,C0066,T04681,297.0,2025-12-15
SHOP_001,C0762,T04682,782.0,2025-12-15
SHOP_001,C0870,T04683,451.0,2025-12-15
SHOP_001,C0061,T04684,570.0,2025-12-15
SHOP_001,C0648,T04685,406.0,2025-12-15
SHOP_001,C0818,T04686,483.0,2025-12-15
SHOP_001,C0881,T04687,401.0,2025-12-15
SHOP_001,C0353,T04688,575.0,2025-12-15
SHOP_001,C0872,T04689,1523.0,2025-12-15
SHOP_001,C0901,T04690,736.0,2025-12-15
SHOP_001,C0174,T04691,687.0,2025-12-15
SHOP_001,C0960,T04692,519.0,2025-12-15
SHOP_001,C0031,T04693,584.0,2025-12-15
SHOP_001,C0031,T04694,652.0,2025-12-15
SHOP_001,C0621,T04695,448.0,2025-12-15
SHOP_001,C0372,T04696,244.0,2025-12-15
SHOP_001,C0253,T04697,291.0,2025-12-15
SHOP_001,C0448,T04698,935.0,2025-12-15
SHOP_001,C0456,T04699,454.0,2025-12-15
SHOP_001,C0584,T04700,499.0,2025-12-15
SHOP_001,C0929,T04701,479.0,2025-12-15
SHOP_001,C0105,T04702,988.0,2025-12-15
SHOP_001,C0198,T04703,531.0,2025-12-15
SHOP_001,C0080,T04704,602.0,2025-12-15
SHOP_001,C0233,T04705,305.0,2025-12-15
SHOP_001,C0723,T04706,429.0,2025-12-16
SHOP_001,C0143,T04707,352.0,2025-12-16
SHOP_001,C0661,T04708,679.0,2025-12-16
SHOP_001,C0821,T04709,426.0,2025-12-16
SHOP_001,C0768,T04710,760.0,2025-12-16
SHOP_001,C0567,T04711,657.0,2025-12-16
SHOP_001,C0675,T04712,281.0,2025-12-16
SHOP_001,C0462,T04713,915.0,2025-12-16
SHOP_001,C0584,T04714,231.0,2025-12-16
SHOP_001,C0598,T04715,562.0,2025-12-16
SHOP_001,C0476,T04716,295.0,2025-12-16
SHOP_001,C0181,T04717,740.0,2025-12-16
SHOP_001,C0618,T04718,331.0,2025-12-16
SHOP_001,C0636,T04719,1088.0,2025-12-16
SHOP_001,C0694,T04720,689.0,2025-12-16
SHOP_001,C0897,T04721,667.0,2025-12-16
SHOP_001,C0686,T04722,537.0,2025-12-16
SHOP_001,C0722,T04723,505.0,2025-12-16
SHOP_001,C0809,T04724,538.0,2025-12-16
SHOP_001,C0105,T04725,823.0,2025-12-16
SHOP_001,C0901,T04726,554.0,2025-12-16
SHOP_001,C0780,T04727,764.0,2025-12-16
SHOP_001,C0078,T04728,544.0,2025-12-16
SHOP_001,C0694,T04729,796.0,2025-12-16
SHOP_001,C0242,T04730,982.0,2025-12-16
SHOP_001,C0359,T04731,619.0,2025-12-16
SHOP_001,C0086,T04732,653.0,2025-12-16
SHOP_001,C0312,T04733,841.0,2025-12-16
SHOP_001,C0135,T04734,337.0,2025-12-16
SHOP_001,C0192,T04735,350.0,2025-12-16
SHOP_001,C0791,T04736,734.0,2025-12-16
SHOP_001,C0768,T04737,477.0,2025-12-16
SHOP_001,C0388,T04738,447.0,2025-12-16
SHOP_001,C0202,T04739,523.0,2025-12-16
SHOP_001,C0109,T04740,361.0,2025-12-16
SHOP_001,C0370,T04741,497.0,2025-12-16
SHOP_001,C0666,T04742,370.0,2025-12-16
SHOP_001,C0294,T04743,437.0,2025-12-16
SHOP_001,C0690,T04744,527.0,2025-12-16
SHOP_001,C0143,T04745,387.0,2025-12-17
SHOP_001,C0503,T04746,327.0,2025-12-17
SHOP_001,C0097,T04747,1314.0,2025-12-17
SHOP_001,C0716,T04748,883.0,2025-12-17
SHOP_001,C0203,T04749,509.0,2025-12-17
SHOP_001,C0768,T04750,903.0,2025-12-17
SHOP_001,C0903,T04751,450.0,2025-12-17
SHOP_001,C0152,T04752,370.0,2025-12-17
SHOP_001,C0919,T04753,517.0,2025-12-17
SHOP_001,C0263,T04754,541.0,2025-12-17
SHOP_001,C0794,T04755,938.0,2025-12-17
SHOP_001,C0967,T04756,452.0,2025-12-17
SHOP_001,C0370,T04757,486.0,2025-12-17
SHOP_001,C0663,T04758,424.0,2025-12-17
SHOP_001,C0144,T04759,451.0,2025-12-17
SHOP_001,C0746,T04760,533.0,2025-12-17
SHOP_001,C0809,T04761,482.0,2025-12-17
SHOP_001,C0174,T04762,789.0,2025-12-17
SHOP_001,C0490,T04763,243.0,2025-12-17
SHOP_001,C0492,T04764,549.0,2025-12-17
SHOP_001,C0396,T04765,522.0,2025-12-17
SHOP_001,C0505,T04766,650.0,2025-12-17
SHOP_001,C0479,T04767,668.0,2025-12-17
SHOP_001,C0965,T04768,567.0,2025-12-17
SHOP_001,C0498,T04769,760.0,2025-12-17
SHOP_001,C0636,T04770,628.0,2025-12-17
SHOP_001,C0030,T04771,276.0,2025-12-17
SHOP_001,C0097,T04772,700.0,2025-12-18
SHOP_001,C0501,T04773,429.0,2025-12-18
SHOP_001,C0716,T04774,755.0,2025-12-18
SHOP_001,C0677,T04775,866.0,2025-12-18
SHOP_001,C0071,T04776,689.0,2025-12-18
SHOP_001,C0625,T04777,548.0,2025-12-18
SHOP_001,C0768,T04778,1063.0,2025-12-18
SHOP_001,C0503,T04779,436.0,2025-12-18
SHOP_001,C0231,T04780,1206.0,2025-12-18
SHOP_001,C0142,T04781,488.0,2025-12-18
SHOP_001,C0705,T04782,930.0,2025-12-18
SHOP_001,C0183,T04783,879.0,2025-12-18
SHOP_001,C0241,T04784,559.0,2025-12-18
SHOP_001,C0732,T04785,631.0,2025-12-18
SHOP_001,C0123,T04786,439.0,2025-12-18
SHOP_001,C0475,T04787,556.0,2025-12-18
SHOP_001,C0648,T04788,205.0,2025-12-18
SHOP_001,C0923,T04789,1399.0,2025-12-18
SHOP_001,C0525,T04790,1080.0,2025-12-18
SHOP_001,C0539,T04791,887.0,2025-12-18
SHOP_001,C0681,T04792,339.0,2025-12-18
SHOP_001,C0224,T04793,801.0,2025-12-18
SHOP_001,C0427,T04794,616.0,2025-12-18
SHOP_001,C0464,T04795,510.0,2025-12-18
SHOP_001,C0557,T04796,488.0,2025-12-18
SHOP_001,C0035,T04797,1121.0,2025-12-18
SHOP_001,C0227,T04798,496.0,2025-12-18
SHOP_001,C0581,T04799,740.0,2025-12-18
SHOP_001,C0759,T04800,656.0,2025-12-19
SHOP_001,C0280,T04801,353.0,2025-12-19
SHOP_001,C0671,T04802,621.0,2025-12-19
SHOP_001,C0432,T04803,769.0,2025-12-19
SHOP_001,C0162,T04804,429.0,2025-12-19
SHOP_001,C0315,T04805,872.0,2025-12-19
SHOP_001,C0153,T04806,854.0,2025-12-19
SHOP_001,C0647,T04807,934.0,2025-12-19
SHOP_001,C0830,T04808,857.0,2025-12-19
SHOP_001,C0175,T04809,474.0,2025-12-19
SHOP_001,C0424,T04810,481.0,2025-12-19
SHOP_001,C0174,T04811,1009.0,2025-12-19
SHOP_001,C0671,T04812,691.0,2025-12-19
SHOP_001,C0679,T04813,723.0,2025-12-19
SHOP_001,C0763,T04814,489.0,2025-12-19
SHOP_001,C0732,T04815,1284.0,2025-12-19
SHOP_001,C0629,T04816,584.0,2025-12-19
SHOP_001,C0666,T04817,951.0,2025-12-19
SHOP_001,C0908,T04818,631.0,2025-12-19
SHOP_001,C0360,T04819,589.0,2025-12-19
SHOP_001,C0242,T04820,836.0,2025-12-19
SHOP_001,C0716,T04821,466.0,2025-12-19
SHOP_001,C0961,T04822,982.0,2025-12-19
SHOP_001,C0322,T04823,622.0,2025-12-19
SHOP_001,C0493,T04824,590.0,2025-12-19
SHOP_001,C0227,T04825,735.0,2025-12-19
SHOP_001,C0258,T04826,436.0,2025-12-19
SHOP_001,C0353,T04827,520.0,2025-12-19
SHOP_001,C0782,T04828,362.0,2025-12-19
SHOP_001,C0355,T04829,746.0,2025-12-19
SHOP_001,C0409,T04830,469.0,2025-12-19
SHOP_001,C0066,T04831,414.0,2025-12-19
SHOP_001,C0373,T04832,417.0,2025-12-19
SHOP_001,C0884,T04833,753.0,2025-12-19
SHOP_001,C0718,T04834,531.0,2025-12-20
SHOP_001,C0598,T04835,298.0,2025-12-20
SHOP_001,C0831,T04836,636.0,2025-12-20
SHOP_001,C0526,T04837,724.0,2025-12-20
SHOP_001,C0129,T04838,556.0,2025-12-20
SHOP_001,C0685,T04839,302.0,2025-12-20
SHOP_001,C0084,T04840,543.0,2025-12-20
SHOP_001,C0133,T04841,725.0,2025-12-20
SHOP_001,C0144,T04842,558.0,2025-12-20
SHOP_001,C0219,T04843,818.0,2025-12-20
SHOP_001,C0750,T04844,607.0,2025-12-20
SHOP_001,C0031,T04845,421.0,2025-12-20
SHOP_001,C0768,T04846,1323.0,2025-12-20
SHOP_001,C0494,T04847,780.0,2025-12-20
SHOP_001,C0202,T04848,663.0,2025-12-20
SHOP_001,C0355,T04849,392.0,2025-12-20
SHOP_001,C0456,T04850,290.0,2025-12-20
SHOP_001,C0080,T04851,879.0,2025-12-20
SHOP_001,C0525,T04852,941.0,2025-12-20
SHOP_001,C0604,T04853,506.0,2025-12-20
SHOP_001,C0740,T04854,234.0,2025-12-20
SHOP_001,C0604,T04855,484.0,2025-12-20
SHOP_001,C0065,T04856,455.0,2025-12-20
SHOP_001,C0943,T04857,254.0,2025-12-20
SHOP_001,C0997,T04858,523.0,2025-12-20
SHOP_001,C0247,T04859,481.0,2025-12-20
SHOP_001,C0672,T04860,496.0,2025-12-20
SHOP_001,C0307,T04861,785.0,2025-12-20
SHOP_001,C0950,T04862,865.0,2025-12-20
SHOP_001,C0466,T04863,865.0,2025-12-20
SHOP_001,C0516,T04864,524.0,2025-12-20
SHOP_001,C0106,T04865,560.0,2025-12-20
SHOP_001,C0329,T04866,374.0,2025-12-20
SHOP_001,C0080,T04867,1229.0,2025-12-20
SHOP_001,C0728,T04868,718.0,2025-12-20
SHOP_001,C0219,T04869,1492.0,2025-12-20
SHOP_001,C0087,T04870,455.0,2025-12-20
SHOP_001,C0593,T04871,749.0,2025-12-20
SHOP_001,C0901,T04872,418.0,2025-12-20
SHOP_001,C0435,T04873,625.0,2025-12-20
SHOP_001,C0534,T04874,656.0,2025-12-20
SHOP_001,C0220,T04875,474.0,2025-12-20
SHOP_001,C0716,T04876,460.0,2025-12-20
SHOP_001,C0808,T04877,689.0,2025-12-20
SHOP_001,C0105,T04878,598.0,2025-12-20
SHOP_001,C0202,T04879,948.0,2025-12-20
SHOP_001,C0384,T04880,794.0,2025-12-20
SHOP_001,C0197,T04881,671.0,2025-12-20
SHOP_001,C0066,T04882,589.0,2025-12-20
SHOP_001,C0510,T04883,386.0,2025-12-20
SHOP_001,C0938,T04884,1153.0,2025-12-21
SHOP_001,C0512,T04885,712.0,2025-12-21
SHOP_001,C0648,T04886,412.0,2025-12-21
SHOP_001,C0686,T04887,575.0,2025-12-21
SHOP_001,C0508,T04888,704.0,2025-12-21
SHOP_001,C0277,T04889,470.0,2025-12-21
SHOP_001,C0498,T04890,819.0,2025-12-21
SHOP_001,C0605,T04891,501.0,2025-12-21
SHOP_001,C0213,T04892,536.0,2025-12-21
SHOP_001,C0681,T04893,578.0,2025-12-21
SHOP_001,C0669,T04894,756.0,2025-12-21
SHOP_001,C0791,T04895,456.0,2025-12-21
SHOP_001,C0239,T04896,989.0,2025-12-21
SHOP_001,C0736,T04897,522.0,2025-12-21
SHOP_001,C0188,T04898,638.0,2025-12-21
SHOP_001,C0078,T04899,530.0,2025-12-21
SHOP_001,C0961,T04900,366.0,2025-12-21
SHOP_001,C0359,T04901,870.0,2025-12-21
SHOP_001,C0956,T04902,728.0,2025-12-21
SHOP_001,C0349,T04903,343.0,2025-12-21
SHOP_001,C0997,T04904,546.0,2025-12-21
SHOP_001,C0143,T04905,219.0,2025-12-21
SHOP_001,C0671,T04906,916.0,2025-12-21
SHOP_001,C0943,T04907,334.0,2025-12-21
SHOP_001,C0493,T04908,620.0,2025-12-21
SHOP_001,C0950,T04909,681.0,2025-12-21
SHOP_001,C0694,T04910,1409.0,2025-12-21
SHOP_001,C0962,T04911,998.0,2025-12-21
SHOP_001,C0199,T04912,618.0,2025-12-21
SHOP_001,C0900,T04913,547.0,2025-12-21
SHOP_001,C0446,T04914,1286.0,2025-12-21
SHOP_001,C0254,T04915,261.0,2025-12-21
SHOP_001,C0803,T04916,324.0,2025-12-21
SHOP_001,C0990,T04917,635.0,2025-12-21
SHOP_001,C0144,T04918,390.0,2025-12-21
SHOP_001,C0900,T04919,641.0,2025-12-21
SHOP_001,C0524,T04920,386.0,2025-12-21
SHOP_001,C0213,T04921,637.0,2025-12-21
SHOP_001,C0646,T04922,616.0,2025-12-21
SHOP_001,C0014,T04923,570.0,2025-12-21
SHOP_001,C0556,T04924,773.0,2025-12-21
SHOP_001,C0242,T04925,503.0,2025-12-21
SHOP_001,C0618,T04926,337.0,2025-12-21
SHOP_001,C0136,T04927,559.0,2025-12-21
SHOP_001,C0671,T04928,798.0,2025-12-21
SHOP_001,C0305,T04929,941.0,2025-12-21
SHOP_001,C0939,T04930,695.0,2025-12-21
SHOP_001,C0499,T04931,885.0,2025-12-21
SHOP_001,C0426,T04932,370.0,2025-12-21
SHOP_001,C0808,T04933,647.0,2025-12-21
SHOP_001,C0503,T04934,461.0,2025-12-21
SHOP_001,C0666,T04935,617.0,2025-12-21
SHOP_001,C0259,T04936,615.0,2025-12-22
SHOP_001,C0718,T04937,745.0,2025-12-22
SHOP_001,C0601,T04938,296.0,2025-12-22
SHOP_001,C0158,T04939,603.0,2025-12-22
SHOP_001,C0088,T04940,576.0,2025-12-22
SHOP_001,C0467,T04941,718.0,2025-12-22
SHOP_001,C0183,T04942,1112.0,2025-12-22
SHOP_001,C0121,T04943,465.0,2025-12-22
SHOP_001,C0780,T04944,845.0,2025-12-22
SHOP_001,C0768,T04945,727.0,2025-12-22
SHOP_001,C0671,T04946,458.0,2025-12-22
SHOP_001,C0426,T04947,201.0,2025-12-22
SHOP_001,C0408,T04948,419.0,2025-12-22
SHOP_001,C0102,T04949,573.0,2025-12-22
SHOP_001,C0703,T04950,602.0,2025-12-22
SHOP_001,C0931,T04951,368.0,2025-12-22
SHOP_001,C0371,T04952,405.0,2025-12-22
SHOP_001,C0611,T04953,675.0,2025-12-22
SHOP_001,C0873,T04954,604.0,2025-12-22
SHOP_001,C0685,T04955,352.0,2025-12-22
SHOP_001,C0305,T04956,1233.0,2025-12-22
SHOP_001,C0135,T04957,597.0,2025-12-22
SHOP_001,C0355,T04958,562.0,2025-12-22
SHOP_001,C0478,T04959,885.0,2025-12-22
SHOP_001,C0854,T04960,564.0,2025-12-22
SHOP_001,C0289,T04961,501.0,2025-12-22
SHOP_001,C0378,T04962,856.0,2025-12-22
SHOP_001,C0705,T04963,399.0,2025-12-22
SHOP_001,C0246,T04964,677.0,2025-12-22
SHOP_001,C0854,T04965,754.0,2025-12-22
SHOP_001,C0677,T04966,665.0,2025-12-22
SHOP_001,C0392,T04967,269.0,2025-12-22
SHOP_001,C0348,T04968,477.0,2025-12-23
SHOP_001,C0562,T04969,636.0,2025-12-23
SHOP_001,C0379,T04970,351.0,2025-12-23
SHOP_001,C0518,T04971,668.0,2025-12-23
SHOP_001,C0518,T04972,649.0,2025-12-23
SHOP_001,C0494,T04973,524.0,2025-12-23
SHOP_001,C0226,T04974,314.0,2025-12-23
SHOP_001,C0426,T04975,331.0,2025-12-23
SHOP_001,C0102,T04976,379.0,2025-12-23
SHOP_001,C0505,T04977,441.0,2025-12-23
SHOP_001,C0353,T04978,702.0,2025-12-23
SHOP_001,C0593,T04979,503.0,2025-12-23
SHOP_001,C0490,T04980,441.0,2025-12-23
SHOP_001,C0686,T04981,280.0,2025-12-23
SHOP_001,C0002,T04982,771.0,2025-12-23
SHOP_001,C0448,T04983,596.0,2025-12-23
SHOP_001,C0754,T04984,902.0,2025-12-23
SHOP_001,C0409,T04985,282.0,2025-12-23
SHOP_001,C0206,T04986,532.0,2025-12-23
SHOP_001,C0733,T04987,795.0,2025-12-23
SHOP_001,C0078,T04988,832.0,2025-12-23
SHOP_001,C0831,T04989,655.0,2025-12-23
SHOP_001,C0870,T04990,436.0,2025-12-23
SHOP_001,C0123,T04991,461.0,2025-12-23
SHOP_001,C0771,T04992,906.0,2025-12-23
SHOP_001,C0469,T04993,340.0,2025-12-23
SHOP_001,C0188,T04994,340.0,2025-12-23
SHOP_001,C0960,T04995,505.0,2025-12-23
SHOP_001,C0478,T04996,837.0,2025-12-24
SHOP_001,C0945,T04997,343.0,2025-12-24
SHOP_001,C0686,T04998,468.0,2025-12-24
SHOP_001,C0666,T04999,608.0,2025-12-24
SHOP_001,C0362,T05000,517.0,2025-12-24
SHOP_001,C0997,T05001,497.0,2025-12-24
SHOP_001,C0855,T05002,547.0,2025-12-24
SHOP_001,C0838,T05003,861.0,2025-12-24
SHOP_001,C0466,T05004,1206.0,2025-12-24
SHOP_001,C0787,T05005,357.0,2025-12-24
SHOP_001,C0805,T05006,488.0,2025-12-24
SHOP_001,C0440,T05007,568.0,2025-12-24
SHOP_001,C0479,T05008,387.0,2025-12-24
SHOP_001,C0725,T05009,727.0,2025-12-24
SHOP_001,C0901,T05010,369.0,2025-12-24
SHOP_001,C0560,T05011,362.0,2025-12-24
SHOP_001,C0880,T05012,538.0,2025-12-24
SHOP_001,C0038,T05013,412.0,2025-12-24
SHOP_001,C0719,T05014,278.0,2025-12-24
SHOP_001,C0903,T05015,186.0,2025-12-24
SHOP_001,C0490,T05016,267.0,2025-12-24
SHOP_001,C0762,T05017,680.0,2025-12-24
SHOP_001,C0648,T05018,327.0,2025-12-24
SHOP_001,C0014,T05019,1251.0,2025-12-24
SHOP_001,C0805,T05020,437.0,2025-12-24
SHOP_001,C0940,T05021,392.0,2025-12-24
SHOP_001,C0724,T05022,495.0,2025-12-24
SHOP_001,C0739,T05023,670.0,2025-12-24
SHOP_001,C0744,T05024,820.0,2025-12-25
SHOP_001,C0924,T05025,454.0,2025-12-25
SHOP_001,C0655,T05026,327.0,2025-12-25
SHOP_001,C0484,T05027,646.0,2025-12-25
SHOP_001,C0984,T05028,370.0,2025-12-25
SHOP_001,C0758,T05029,559.0,2025-12-25
SHOP_001,C0809,T05030,458.0,2025-12-25
SHOP_001,C0080,T05031,582.0,2025-12-25
SHOP_001,C0297,T05032,512.0,2025-12-25
SHOP_001,C0771,T05033,390.0,2025-12-25
SHOP_001,C0348,T05034,409.0,2025-12-25
SHOP_001,C0505,T05035,446.0,2025-12-25
SHOP_001,C0705,T05036,965.0,2025-12-25
SHOP_001,C0153,T05037,478.0,2025-12-25
SHOP_001,C0477,T05038,502.0,2025-12-25
SHOP_001,C0694,T05039,1131.0,2025-12-25
SHOP_001,C0618,T05040,458.0,2025-12-25
SHOP_001,C0690,T05041,702.0,2025-12-25
SHOP_001,C0882,T05042,344.0,2025-12-25
SHOP_001,C0106,T05043,457.0,2025-12-25
SHOP_001,C0019,T05044,632.0,2025-12-25
SHOP_001,C0967,T05045,499.0,2025-12-25
SHOP_001,C0848,T05046,498.0,2025-12-25
SHOP_001,C0228,T05047,555.0,2025-12-25
SHOP_001,C0294,T05048,567.0,2025-12-25
SHOP_001,C0793,T05049,457.0,2025-12-25
SHOP_001,C0699,T05050,360.0,2025-12-25
SHOP_001,C0723,T05051,436.0,2025-12-25
SHOP_001,C0112,T05052,1042.0,2025-12-25
SHOP_001,C0080,T05053,687.0,2025-12-26
SHOP_001,C0305,T05054,1097.0,2025-12-26
SHOP_001,C0614,T05055,464.0,2025-12-26
SHOP_001,C0996,T05056,553.0,2025-12-26
SHOP_001,C0625,T05057,599.0,2025-12-26
SHOP_001,C0908,T05058,450.0,2025-12-26
SHOP_001,C0692,T05059,597.0,2025-12-26
SHOP_001,C0295,T05060,425.0,2025-12-26
SHOP_001,C0180,T05061,258.0,2025-12-26
SHOP_001,C0608,T05062,521.0,2025-12-26
SHOP_001,C0805,T05063,540.0,2025-12-26
SHOP_001,C0323,T05064,521.0,2025-12-26
SHOP_001,C0323,T05065,640.0,2025-12-26
SHOP_001,C0066,T05066,539.0,2025-12-26
SHOP_001,C0648,T05067,240.0,2025-12-26
SHOP_001,C0019,T05068,782.0,2025-12-26
SHOP_001,C0918,T05069,340.0,2025-12-26
SHOP_001,C0509,T05070,590.0,2025-12-26
SHOP_001,C0576,T05071,729.0,2025-12-26
SHOP_001,C0489,T05072,862.0,2025-12-26
SHOP_001,C0522,T05073,285.0,2025-12-26
SHOP_001,C0282,T05074,369.0,2025-12-26
SHOP_001,C0780,T05075,2174.0,2025-12-26
SHOP_001,C0671,T05076,790.0,2025-12-26
SHOP_001,C0139,T05077,305.0,2025-12-26
SHOP_001,C0869,T05078,575.0,2025-12-26
SHOP_001,C0615,T05079,360.0,2025-12-26
SHOP_001,C0539,T05080,601.0,2025-12-26
SHOP_001,C0186,T05081,494.0,2025-12-26
SHOP_001,C0102,T05082,1138.0,2025-12-26
SHOP_001,C0651,T05083,1049.0,2025-12-26
SHOP_001,C0841,T05084,887.0,2025-12-26
SHOP_001,C0498,T05085,1007.0,2025-12-26
SHOP_001,C0327,T05086,1158.0,2025-12-26
SHOP_001,C0030,T05087,514.0,2025-12-26
SHOP_001,C0848,T05088,767.0,2025-12-26
SHOP_001,C0979,T05089,863.0,2025-12-26
SHOP_001,C0372,T05090,534.0,2025-12-26
SHOP_001,C0015,T05091,760.0,2025-12-26
SHOP_001,C0139,T05092,328.0,2025-12-26
SHOP_001,C0671,T05093,662.0,2025-12-26
SHOP_001,C0122,T05094,678.0,2025-12-26
SHOP_001,C0808,T05095,427.0,2025-12-26
SHOP_001,C0247,T05096,830.0,2025-12-26
SHOP_001,C0716,T05097,675.0,2025-12-26
SHOP_001,C0518,T05098,574.0,2025-12-27
SHOP_001,C0747,T05099,460.0,2025-12-27
SHOP_001,C0321,T05100,219.0,2025-12-27
SHOP_001,C0458,T05101,790.0,2025-12-27
SHOP_001,C0012,T05102,1113.0,2025-12-27
SHOP_001,C0509,T05103,756.0,2025-12-27
SHOP_001,C0205,T05104,374.0,2025-12-27
SHOP_001,C0579,T05105,493.0,2025-12-27
SHOP_001,C0724,T05106,359.0,2025-12-27
SHOP_001,C0310,T05107,594.0,2025-12-27
SHOP_001,C0049,T05108,803.0,2025-12-27
SHOP_001,C0809,T05109,465.0,2025-12-27
SHOP_001,C0835,T05110,761.0,2025-12-27
SHOP_001,C0809,T05111,347.0,2025-12-27
SHOP_001,C0392,T05112,462.0,2025-12-27
SHOP_001,C0446,T05113,361.0,2025-12-27
SHOP_001,C0352,T05114,630.0,2025-12-27
SHOP_001,C0216,T05115,396.0,2025-12-27
SHOP_001,C0832,T05116,612.0,2025-12-27
SHOP_001,C0440,T05117,1236.0,2025-12-27
SHOP_001,C0460,T05118,216.0,2025-12-27
SHOP_001,C0031,T05119,779.0,2025-12-27
SHOP_001,C0762,T05120,305.0,2025-12-27
SHOP_001,C0019,T05121,898.0,2025-12-27
SHOP_001,C0009,T05122,563.0,2025-12-27
SHOP_001,C0966,T05123,417.0,2025-12-27
SHOP_001,C0264,T05124,689.0,2025-12-27
SHOP_001,C0752,T05125,622.0,2025-12-27
SHOP_001,C0808,T05126,669.0,2025-12-27
SHOP_001,C0997,T05127,514.0,2025-12-27
SHOP_001,C0924,T05128,393.0,2025-12-27
SHOP_001,C0604,T05129,666.0,2025-12-27
SHOP_001,C0696,T05130,552.0,2025-12-27
SHOP_001,C0647,T05131,1151.0,2025-12-27
SHOP_001,C0692,T05132,571.0,2025-12-27
SHOP_001,C0031,T05133,351.0,2025-12-27
SHOP_001,C0901,T05134,896.0,2025-12-27
SHOP_001,C0352,T05135,750.0,2025-12-27
SHOP_001,C0051,T05136,519.0,2025-12-27
SHOP_001,C0287,T05137,587.0,2025-12-27
SHOP_001,C0677,T05138,1788.0,2025-12-27
SHOP_001,C0174,T05139,724.0,2025-12-27
SHOP_001,C0268,T05140,772.0,2025-12-27
SHOP_001,C0177,T05141,511.0,2025-12-27
SHOP_001,C0213,T05142,789.0,2025-12-27
SHOP_001,C0862,T05143,590.0,2025-12-27
SHOP_001,C0809,T05144,476.0,2025-12-27
SHOP_001,C0772,T05145,653.0,2025-12-27
SHOP_001,C0476,T05146,384.0,2025-12-28
SHOP_001,C0153,T05147,741.0,2025-12-28
SHOP_001,C0809,T05148,598.0,2025-12-28
SHOP_001,C0407,T05149,492.0,2025-12-28
SHOP_001,C0401,T05150,856.0,2025-12-28
SHOP_001,C0261,T05151,787.0,2025-12-28
SHOP_001,C0752,T05152,279.0,2025-12-28
SHOP_001,C0879,T05153,1153.0,2025-12-28
SHOP_001,C0098,T05154,582.0,2025-12-28
SHOP_001,C0408,T05155,216.0,2025-12-28
SHOP_001,C0106,T05156,492.0,2025-12-28
SHOP_001,C0242,T05157,833.0,2025-12-28
SHOP_001,C0606,T05158,596.0,2025-12-28
SHOP_001,C0459,T05159,615.0,2025-12-28
SHOP_001,C0448,T05160,606.0,2025-12-28
SHOP_001,C0019,T05161,330.0,2025-12-28
SHOP_001,C0671,T05162,710.0,2025-12-28
SHOP_001,C0173,T05163,558.0,2025-12-28
SHOP_001,C0475,T05164,719.0,2025-12-28
SHOP_001,C0801,T05165,625.0,2025-12-28
SHOP_001,C0609,T05166,560.0,2025-12-28
SHOP_001,C0671,T05167,780.0,2025-12-28
SHOP_001,C0360,T05168,499.0,2025-12-28
SHOP_001,C0669,T05169,436.0,2025-12-28
SHOP_001,C0986,T05170,435.0,2025-12-28
SHOP_001,C0229,T05171,878.0,2025-12-28
SHOP_001,C0997,T05172,602.0,2025-12-28
SHOP_001,C0449,T05173,433.0,2025-12-28
SHOP_001,C0901,T05174,241.0,2025-12-28
SHOP_001,C0933,T05175,493.0,2025-12-28
SHOP_001,C0168,T05176,447.0,2025-12-28
SHOP_001,C0493,T05177,447.0,2025-12-28
SHOP_001,C0011,T05178,510.0,2025-12-28
SHOP_001,C0205,T05179,361.0,2025-12-28
SHOP_001,C0611,T05180,506.0,2025-12-28
SHOP_001,C0999,T05181,459.0,2025-12-28
SHOP_001,C0183,T05182,683.0,2025-12-28
SHOP_001,C0105,T05183,639.0,2025-12-28
SHOP_001,C0570,T05184,629.0,2025-12-28
SHOP_001,C0019,T05185,826.0,2025-12-28
SHOP_001,C0771,T05186,431.0,2025-12-28
SHOP_001,C0713,T05187,670.0,2025-12-28
SHOP_001,C0911,T05188,596.0,2025-12-28
SHOP_001,C0054,T05189,745.0,2025-12-28
SHOP_001,C0401,T05190,552.0,2025-12-29
SHOP_001,C0139,T05191,363.0,2025-12-29
SHOP_001,C0825,T05192,632.0,2025-12-29
SHOP_001,C0097,T05193,393.0,2025-12-29
SHOP_001,C0901,T05194,710.0,2025-12-29
SHOP_001,C0176,T05195,581.0,2025-12-29
SHOP_001,C0475,T05196,448.0,2025-12-29
SHOP_001,C0458,T05197,442.0,2025-12-29
SHOP_001,C0940,T05198,550.0,2025-12-29
SHOP_001,C0860,T05199,309.0,2025-12-29
SHOP_001,C0838,T05200,898.0,2025-12-29
SHOP_001,C0317,T05201,259.0,2025-12-29
SHOP_001,C0598,T05202,449.0,2025-12-29
SHOP_001,C0508,T05203,546.0,2025-12-29
SHOP_001,C0509,T05204,586.0,2025-12-29
SHOP_001,C0197,T05205,365.0,2025-12-29
SHOP_001,C0214,T05206,676.0,2025-12-29
SHOP_001,C0061,T05207,735.0,2025-12-29
SHOP_001,C0338,T05208,464.0,2025-12-29
SHOP_001,C0973,T05209,569.0,2025-12-29
SHOP_001,C0769,T05210,471.0,2025-12-29
SHOP_001,C0362,T05211,407.0,2025-12-29
SHOP_001,C0329,T05212,296.0,2025-12-29
SHOP_001,C0639,T05213,504.0,2025-12-30
SHOP_001,C0135,T05214,362.0,2025-12-30
SHOP_001,C0933,T05215,412.0,2025-12-30
SHOP_001,C0140,T05216,436.0,2025-12-30
SHOP_001,C0123,T05217,510.0,2025-12-30
SHOP_001,C0659,T05218,576.0,2025-12-30
SHOP_001,C0043,T05219,1136.0,2025-12-30
SHOP_001,C0242,T05220,585.0,2025-12-30
SHOP_001,C0512,T05221,520.0,2025-12-30
SHOP_001,C0967,T05222,390.0,2025-12-30
SHOP_001,C0352,T05223,716.0,2025-12-30
SHOP_001,C0901,T05224,431.0,2025-12-30
SHOP_001,C0560,T05225,276.0,2025-12-30
SHOP_001,C0791,T05226,472.0,2025-12-30
SHOP_001,C0466,T05227,814.0,2025-12-30
SHOP_001,C0307,T05228,762.0,2025-12-30
SHOP_001,C0827,T05229,379.0,2025-12-30
SHOP_001,C0490,T05230,564.0,2025-12-30
SHOP_001,C0292,T05231,412.0,2025-12-30
SHOP_001,C0967,T05232,417.0,2025-12-30
SHOP_001,C0609,T05233,1029.0,2025-12-30
SHOP_001,C0276,T05234,605.0,2025-12-30
SHOP_001,C0352,T05235,490.0,2025-12-30
SHOP_001,C0285,T05236,740.0,2025-12-30
SHOP_001,C0511,T05237,628.0,2025-12-30
SHOP_001,C0568,T05238,329.0,2025-12-30
SHOP_001,C0254,T05239,305.0,2025-12-30
SHOP_001,C0466,T05240,551.0,2025-12-30
SHOP_001,C0019,T05241,440.0,2025-12-30
SHOP_001,C0737,T05242,576.0,2025-12-30
SHOP_001,C0316,T05243,1011.0,2025-12-30
SHOP_001,C0862,T05244,423.0,2025-12-30
SHOP_001,C0311,T05245,283.0,2025-12-30
SHOP_001,C0435,T05246,659.0,2025-12-30
SHOP_001,C0732,T05247,725.0,2025-12-30
SHOP_001,C0073,T05248,486.0,2025-12-30
SHOP_001,C0408,T05249,536.0,2025-12-30
SHOP_001,C0331,T05250,360.0,2025-12-30
SHOP_001,C0613,T05251,571.0,2025-12-31
SHOP_001,C0781,T05252,527.0,2025-12-31
SHOP_001,C0242,T05253,924.0,2025-12-31
SHOP_001,C0456,T05254,348.0,2025-12-31
SHOP_001,C0901,T05255,300.0,2025-12-31
SHOP_001,C0702,T05256,271.0,2025-12-31
SHOP_001,C0490,T05257,538.0,2025-12-31
SHOP_001,C0489,T05258,701.0,2025-12-31
SHOP_001,C0440,T05259,333.0,2025-12-31
SHOP_001,C0054,T05260,702.0,2025-12-31
SHOP_001,C0132,T05261,606.0,2025-12-31
SHOP_001,C0590,T05262,365.0,2025-12-31
SHOP_001,C0584,T05263,646.0,2025-12-31
SHOP_001,C0626,T05264,474.0,2025-12-31
SHOP_001,C0129,T05265,716.0,2025-12-31
SHOP_001,C0705,T05266,477.0,2025-12-31
SHOP_001,C0328,T05267,260.0,2025-12-31
SHOP_001,C0990,T05268,373.0,2025-12-31
SHOP_001,C0459,T05269,676.0,2026-01-01
SHOP_001,C0960,T05270,766.0,2026-01-01
SHOP_001,C0409,T05271,671.0,2026-01-01
SHOP_001,C0019,T05272,662.0,2026-01-01
SHOP_001,C0216,T05273,344.0,2026-01-01
SHOP_001,C0338,T05274,650.0,2026-01-01
SHOP_001,C0019,T05275,696.0,2026-01-01
SHOP_001,C0012,T05276,1080.0,2026-01-01
SHOP_001,C0180,T05277,430.0,2026-01-01
SHOP_001,C0015,T05278,437.0,2026-01-01
SHOP_001,C0030,T05279,279.0,2026-01-01
SHOP_001,C0170,T05280,587.0,2026-01-01
SHOP_001,C0744,T05281,672.0,2026-01-02
SHOP_001,C0781,T05282,328.0,2026-01-02
SHOP_001,C0050,T05283,480.0,2026-01-02
SHOP_001,C0718,T05284,333.0,2026-01-02
SHOP_001,C0809,T05285,581.0,2026-01-02
SHOP_001,C0539,T05286,451.0,2026-01-02
SHOP_001,C0590,T05287,1027.0,2026-01-02
SHOP_001,C0590,T05288,525.0,2026-01-02
SHOP_001,C0940,T05289,595.0,2026-01-02
SHOP_001,C0901,T05290,523.0,2026-01-02
SHOP_001,C0448,T05291,853.0,2026-01-02
SHOP_001,C0741,T05292,330.0,2026-01-02
SHOP_001,C0943,T05293,632.0,2026-01-02
SHOP_001,C0707,T05294,1178.0,2026-01-02
SHOP_001,C0213,T05295,425.0,2026-01-02
SHOP_001,C0162,T05296,450.0,2026-01-03
SHOP_001,C0505,T05297,396.0,2026-01-03
SHOP_001,C0320,T05298,549.0,2026-01-03
SHOP_001,C0413,T05299,451.0,2026-01-03
SHOP_001,C0754,T05300,643.0,2026-01-03
SHOP_001,C0823,T05301,460.0,2026-01-03
SHOP_001,C0780,T05302,562.0,2026-01-03
SHOP_001,C0761,T05303,552.0,2026-01-03
SHOP_001,C0919,T05304,536.0,2026-01-03
SHOP_001,C0943,T05305,490.0,2026-01-03
SHOP_001,C0685,T05306,301.0,2026-01-03
SHOP_001,C0213,T05307,578.0,2026-01-03
SHOP_001,C0087,T05308,350.0,2026-01-03
SHOP_001,C0456,T05309,376.0,2026-01-03
SHOP_001,C0176,T05310,805.0,2026-01-03
SHOP_001,C0264,T05311,385.0,2026-01-03
SHOP_001,C0510,T05312,451.0,2026-01-03
SHOP_001,C0635,T05313,614.0,2026-01-03
SHOP_001,C0343,T05314,456.0,2026-01-03
SHOP_001,C0517,T05315,507.0,2026-01-03
SHOP_001,C0477,T05316,1056.0,2026-01-03
SHOP_001,C0852,T05317,428.0,2026-01-03
SHOP_001,C0644,T05318,643.0,2026-01-03
SHOP_001,C0235,T05319,506.0,2026-01-03
SHOP_001,C0766,T05320,374.0,2026-01-03
SHOP_001,C0587,T05321,889.0,2026-01-04
SHOP_001,C0300,T05322,746.0,2026-01-04
SHOP_001,C0041,T05323,545.0,2026-01-04
SHOP_001,C0036,T05324,466.0,2026-01-04
SHOP_001,C0569,T05325,476.0,2026-01-04
SHOP_001,C0140,T05326,419.0,2026-01-04
SHOP_001,C0686,T05327,382.0,2026-01-04
SHOP_001,C0512,T05328,661.0,2026-01-04
SHOP_001,C0652,T05329,726.0,2026-01-04
SHOP_001,C0763,T05330,603.0,2026-01-04
SHOP_001,C0529,T05331,862.0,2026-01-04
SHOP_001,C0308,T05332,532.0,2026-01-04
SHOP_001,C0694,T05333,882.0,2026-01-05
SHOP_001,C0754,T05334,427.0,2026-01-05
SHOP_001,C0140,T05335,378.0,2026-01-05
SHOP_001,C0939,T05336,653.0,2026-01-05
SHOP_001,C0530,T05337,421.0,2026-01-05
SHOP_001,C0233,T05338,330.0,2026-01-05
SHOP_001,C0386,T05339,702.0,2026-01-05
SHOP_001,C0784,T05340,501.0,2026-01-05
SHOP_001,C0402,T05341,289.0,2026-01-05
SHOP_001,C0374,T05342,488.0,2026-01-05
SHOP_001,C0505,T05343,558.0,2026-01-05
SHOP_001,C0644,T05344,307.0,2026-01-05
SHOP_001,C0656,T05345,483.0,2026-01-05
SHOP_001,C0652,T05346,976.0,2026-01-05
SHOP_001,C0277,T05347,484.0,2026-01-05
SHOP_001,C0539,T05348,524.0,2026-01-05
SHOP_001,C0724,T05349,761.0,2026-01-05
SHOP_001,C0832,T05350,492.0,2026-01-06
SHOP_001,C0649,T05351,315.0,2026-01-06
SHOP_001,C0390,T05352,288.0,2026-01-06
SHOP_001,C0334,T05353,432.0,2026-01-06
SHOP_001,C0791,T05354,644.0,2026-01-06
SHOP_001,C0142,T05355,532.0,2026-01-06
SHOP_001,C0408,T05356,355.0,2026-01-06
SHOP_001,C0294,T05357,406.0,2026-01-06
SHOP_001,C0144,T05358,507.0,2026-01-06
SHOP_001,C0820,T05359,272.0,2026-01-06
SHOP_001,C0671,T05360,664.0,2026-01-06
SHOP_001,C0409,T05361,1164.0,2026-01-07
SHOP_001,C0413,T05362,695.0,2026-01-07
SHOP_001,C0918,T05363,412.0,2026-01-07
SHOP_001,C0544,T05364,323.0,2026-01-07
SHOP_001,C0623,T05365,931.0,2026-01-07
SHOP_001,C0451,T05366,251.0,2026-01-07
SHOP_001,C0454,T05367,385.0,2026-01-07
SHOP_001,C0477,T05368,499.0,2026-01-07
SHOP_001,C0087,T05369,262.0,2026-01-07
SHOP_001,C0567,T05370,889.0,2026-01-07
SHOP_001,C0253,T05371,417.0,2026-01-07
SHOP_001,C0670,T05372,402.0,2026-01-07
SHOP_001,C0411,T05373,628.0,2026-01-07
SHOP_001,C0494,T05374,523.0,2026-01-07
SHOP_001,C0078,T05375,730.0,2026-01-07
SHOP_001,C0252,T05376,271.0,2026-01-07
SHOP_001,C0227,T05377,648.0,2026-01-07
SHOP_001,C0461,T05378,333.0,2026-01-07
SHOP_001,C0409,T05379,462.0,2026-01-07
SHOP_001,C0894,T05380,333.0,2026-01-07
SHOP_001,C0451,T05381,495.0,2026-01-07
SHOP_001,C0919,T05382,604.0,2026-01-07
SHOP_001,C0106,T05383,329.0,2026-01-07
SHOP_001,C0249,T05384,532.0,2026-01-07
SHOP_001,C0142,T05385,463.0,2026-01-07
SHOP_001,C0626,T05386,642.0,2026-01-07
SHOP_001,C0552,T05387,580.0,2026-01-07
SHOP_001,C0224,T05388,791.0,2026-01-07
SHOP_001,C0784,T05389,705.0,2026-01-08
SHOP_001,C0557,T05390,402.0,2026-01-08
SHOP_001,C0901,T05391,366.0,2026-01-08
SHOP_001,C0628,T05392,391.0,2026-01-08
SHOP_001,C0440,T05393,872.0,2026-01-08
SHOP_001,C0295,T05394,456.0,2026-01-08
SHOP_001,C0142,T05395,208.0,2026-01-08
SHOP_001,C0475,T05396,431.0,2026-01-08
SHOP_001,C0035,T05397,445.0,2026-01-08
SHOP_001,C0623,T05398,391.0,2026-01-08
SHOP_001,C0015,T05399,601.0,2026-01-08
SHOP_001,C0901,T05400,486.0,2026-01-08
SHOP_001,C0506,T05401,196.0,2026-01-08
SHOP_001,C0242,T05402,737.0,2026-01-08
SHOP_001,C0463,T05403,631.0,2026-01-08
SHOP_001,C0768,T05404,939.0,2026-01-08
SHOP_001,C0648,T05405,323.0,2026-01-08
SHOP_001,C0738,T05406,625.0,2026-01-08
SHOP_001,C0015,T05407,690.0,2026-01-08
SHOP_001,C0060,T05408,683.0,2026-01-09
SHOP_001,C0622,T05409,793.0,2026-01-09
SHOP_001,C0530,T05410,568.0,2026-01-09
SHOP_001,C0762,T05411,600.0,2026-01-09
SHOP_001,C0771,T05412,628.0,2026-01-09
SHOP_001,C0349,T05413,550.0,2026-01-09
SHOP_001,C0854,T05414,628.0,2026-01-09
SHOP_001,C0073,T05415,494.0,2026-01-09
SHOP_001,C0711,T05416,591.0,2026-01-09
SHOP_001,C0933,T05417,382.0,2026-01-09
SHOP_001,C0263,T05418,642.0,2026-01-09
SHOP_001,C0399,T05419,272.0,2026-01-09
SHOP_001,C0672,T05420,695.0,2026-01-09
SHOP_001,C0019,T05421,773.0,2026-01-09
SHOP_001,C0831,T05422,414.0,2026-01-09
SHOP_001,C0744,T05423,440.0,2026-01-09
SHOP_001,C0924,T05424,681.0,2026-01-09
SHOP_001,C0343,T05425,258.0,2026-01-09
SHOP_001,C0862,T05426,649.0,2026-01-09
SHOP_001,C0464,T05427,592.0,2026-01-09
SHOP_001,C0366,T05428,623.0,2026-01-09
SHOP_001,C0681,T05429,445.0,2026-01-09
SHOP_001,C0846,T05430,446.0,2026-01-09
SHOP_001,C0512,T05431,461.0,2026-01-09
SHOP_001,C0408,T05432,692.0,2026-01-09
SHOP_001,C0854,T05433,437.0,2026-01-09
SHOP_001,C0956,T05434,825.0,2026-01-09
SHOP_001,C0772,T05435,596.0,2026-01-09
SHOP_001,C0690,T05436,599.0,2026-01-09
SHOP_001,C0773,T05437,1005.0,2026-01-10
SHOP_001,C0176,T05438,683.0,2026-01-10
SHOP_001,C0202,T05439,556.0,2026-01-10
SHOP_001,C0217,T05440,629.0,2026-01-10
SHOP_001,C0409,T05441,551.0,2026-01-10
SHOP_001,C0659,T05442,851.0,2026-01-10
SHOP_001,C0525,T05443,593.0,2026-01-10
SHOP_001,C0408,T05444,383.0,2026-01-10
SHOP_001,C0586,T05445,971.0,2026-01-10
SHOP_001,C0647,T05446,873.0,2026-01-10
SHOP_001,C0088,T05447,1100.0,2026-01-10
SHOP_001,C0326,T05448,395.0,2026-01-10
SHOP_001,C0934,T05449,150.0,2026-01-10
SHOP_001,C0842,T05450,746.0,2026-01-10
SHOP_001,C0803,T05451,624.0,2026-01-10
SHOP_001,C0031,T05452,222.0,2026-01-10
SHOP_001,C0498,T05453,771.0,2026-01-10
SHOP_001,C0242,T05454,667.0,2026-01-10
SHOP_001,C0109,T05455,803.0,2026-01-10
SHOP_001,C0042,T05456,255.0,2026-01-10
SHOP_001,C0693,T05457,319.0,2026-01-10
SHOP_001,C0774,T05458,440.0,2026-01-10
SHOP_001,C0446,T05459,524.0,2026-01-10
SHOP_001,C0199,T05460,581.0,2026-01-10
SHOP_001,C0637,T05461,489.0,2026-01-10
SHOP_001,C0479,T05462,460.0,2026-01-10
SHOP_001,C0754,T05463,603.0,2026-01-10
SHOP_001,C0940,T05464,571.0,2026-01-10
SHOP_001,C0539,T05465,734.0,2026-01-10
SHOP_001,C0754,T05466,1104.0,2026-01-10
SHOP_001,C0660,T05467,549.0,2026-01-10
SHOP_001,C0924,T05468,669.0,2026-01-10
SHOP_001,C0754,T05469,721.0,2026-01-10
SHOP_001,C0176,T05470,846.0,2026-01-10
SHOP_001,C0794,T05471,302.0,2026-01-10
SHOP_001,C0521,T05472,698.0,2026-01-10
SHOP_001,C0667,T05473,468.0,2026-01-10
SHOP_001,C0042,T05474,542.0,2026-01-10
SHOP_001,C0341,T05475,559.0,2026-01-10
SHOP_001,C0322,T05476,708.0,2026-01-10
SHOP_001,C0173,T05477,291.0,2026-01-10
SHOP_001,C0808,T05478,651.0,2026-01-10
SHOP_001,C0634,T05479,506.0,2026-01-10
SHOP_001,C0617,T05480,756.0,2026-01-11
SHOP_001,C0848,T05481,885.0,2026-01-11
SHOP_001,C0685,T05482,337.0,2026-01-11
SHOP_001,C0943,T05483,653.0,2026-01-11
SHOP_001,C0299,T05484,430.0,2026-01-11
SHOP_001,C0426,T05485,523.0,2026-01-11
SHOP_001,C0440,T05486,834.0,2026-01-11
SHOP_001,C0090,T05487,749.0,2026-01-11
SHOP_001,C0951,T05488,633.0,2026-01-11
SHOP_001,C0032,T05489,589.0,2026-01-11
SHOP_001,C0518,T05490,936.0,2026-01-11
SHOP_001,C0489,T05491,488.0,2026-01-11
SHOP_001,C0744,T05492,593.0,2026-01-11
SHOP_001,C0611,T05493,495.0,2026-01-11
SHOP_001,C0498,T05494,590.0,2026-01-11
SHOP_001,C0078,T05495,535.0,2026-01-11
SHOP_001,C0162,T05496,468.0,2026-01-11
SHOP_001,C0246,T05497,625.0,2026-01-11
SHOP_001,C0197,T05498,587.0,2026-01-11
SHOP_001,C0227,T05499,456.0,2026-01-11
SHOP_001,C0456,T05500,406.0,2026-01-11
SHOP_001,C0051,T05501,282.0,2026-01-11
SHOP_001,C0087,T05502,511.0,2026-01-11
SHOP_001,C0708,T05503,959.0,2026-01-11
SHOP_001,C0451,T05504,369.0,2026-01-12
SHOP_001,C0780,T05505,468.0,2026-01-12
SHOP_001,C0288,T05506,364.0,2026-01-12
SHOP_001,C0977,T05507,486.0,2026-01-12
SHOP_001,C0078,T05508,499.0,2026-01-12
SHOP_001,C0793,T05509,419.0,2026-01-12
SHOP_001,C0770,T05510,604.0,2026-01-12
SHOP_001,C0409,T05511,621.0,2026-01-12
SHOP_001,C0438,T05512,273.0,2026-01-12
SHOP_001,C0135,T05513,400.0,2026-01-12
SHOP_001,C0678,T05514,364.0,2026-01-12
SHOP_001,C0803,T05515,244.0,2026-01-12
SHOP_001,C0862,T05516,547.0,2026-01-12
SHOP_001,C0690,T05517,876.0,2026-01-12
SHOP_001,C0790,T05518,481.0,2026-01-12
SHOP_001,C0680,T05519,1132.0,2026-01-12
SHOP_001,C0490,T05520,283.0,2026-01-12
SHOP_001,C0219,T05521,894.0,2026-01-12
SHOP_001,C0280,T05522,603.0,2026-01-12
SHOP_001,C0823,T05523,261.0,2026-01-12
SHOP_001,C0670,T05524,262.0,2026-01-13
SHOP_001,C0991,T05525,407.0,2026-01-13
SHOP_001,C0694,T05526,740.0,2026-01-13
SHOP_001,C0360,T05527,493.0,2026-01-13
SHOP_001,C0831,T05528,620.0,2026-01-13
SHOP_001,C0848,T05529,546.0,2026-01-13
SHOP_001,C0295,T05530,296.0,2026-01-13
SHOP_001,C0716,T05531,666.0,2026-01-13
SHOP_001,C0047,T05532,321.0,2026-01-13
SHOP_001,C0897,T05533,502.0,2026-01-13
SHOP_001,C0664,T05534,427.0,2026-01-14
SHOP_001,C0784,T05535,464.0,2026-01-14
SHOP_001,C0073,T05536,593.0,2026-01-14
SHOP_001,C0942,T05537,514.0,2026-01-14
SHOP_001,C0110,T05538,589.0,2026-01-14
SHOP_001,C0759,T05539,903.0,2026-01-14
SHOP_001,C0123,T05540,302.0,2026-01-14
SHOP_001,C0129,T05541,808.0,2026-01-14
SHOP_001,C0246,T05542,573.0,2026-01-14
SHOP_001,C0054,T05543,690.0,2026-01-14
SHOP_001,C0228,T05544,556.0,2026-01-14
SHOP_001,C0295,T05545,321.0,2026-01-14
SHOP_001,C0066,T05546,534.0,2026-01-14
SHOP_001,C0671,T05547,577.0,2026-01-14
SHOP_001,C0931,T05548,284.0,2026-01-14
SHOP_001,C0063,T05549,303.0,2026-01-14
SHOP_001,C0489,T05550,518.0,2026-01-14
SHOP_001,C0033,T05551,481.0,2026-01-14
SHOP_001,C0690,T05552,644.0,2026-01-14
SHOP_001,C0910,T05553,698.0,2026-01-14
SHOP_001,C0410,T05554,702.0,2026-01-14
SHOP_001,C0622,T05555,877.0,2026-01-14
SHOP_001,C0779,T05556,352.0,2026-01-15
SHOP_001,C0304,T05557,359.0,2026-01-15
SHOP_001,C0882,T05558,368.0,2026-01-15
SHOP_001,C0970,T05559,423.0,2026-01-15
SHOP_001,C0943,T05560,577.0,2026-01-15
SHOP_001,C0190,T05561,900.0,2026-01-15
SHOP_001,C0066,T05562,392.0,2026-01-15
SHOP_001,C0939,T05563,756.0,2026-01-15
SHOP_001,C0735,T05564,778.0,2026-01-15
SHOP_001,C0097,T05565,661.0,2026-01-15
SHOP_001,C0435,T05566,590.0,2026-01-15
SHOP_001,C0768,T05567,711.0,2026-01-15
SHOP_001,C0039,T05568,550.0,2026-01-15
SHOP_001,C0953,T05569,699.0,2026-01-15
SHOP_001,C0181,T05570,823.0,2026-01-15
SHOP_001,C0636,T05571,957.0,2026-01-15
SHOP_001,C0036,T05572,559.0,2026-01-15
SHOP_001,C0027,T05573,516.0,2026-01-16
SHOP_001,C0762,T05574,724.0,2026-01-16
SHOP_001,C0593,T05575,463.0,2026-01-16
SHOP_001,C0728,T05576,575.0,2026-01-16
SHOP_001,C0543,T05577,527.0,2026-01-16
SHOP_001,C0370,T05578,458.0,2026-01-16
SHOP_001,C0694,T05579,1430.0,2026-01-16
SHOP_001,C0831,T05580,883.0,2026-01-16
SHOP_001,C0295,T05581,375.0,2026-01-16
SHOP_001,C0784,T05582,614.0,2026-01-16
SHOP_001,C0791,T05583,431.0,2026-01-16
SHOP_001,C0087,T05584,282.0,2026-01-16
SHOP_001,C0285,T05585,415.0,2026-01-16
SHOP_001,C0237,T05586,364.0,2026-01-16
SHOP_001,C0453,T05587,968.0,2026-01-16
SHOP_001,C0352,T05588,468.0,2026-01-16
SHOP_001,C0779,T05589,518.0,2026-01-16
SHOP_001,C0446,T05590,709.0,2026-01-16
SHOP_001,C0502,T05591,953.0,2026-01-16
SHOP_001,C0801,T05592,984.0,2026-01-17
SHOP_001,C0846,T05593,373.0,2026-01-17
SHOP_001,C0449,T05594,310.0,2026-01-17
SHOP_001,C0188,T05595,617.0,2026-01-17
SHOP_001,C0848,T05596,551.0,2026-01-17
SHOP_001,C0390,T05597,334.0,2026-01-17
SHOP_001,C0529,T05598,833.0,2026-01-17
SHOP_001,C0362,T05599,877.0,2026-01-17
SHOP_001,C0628,T05600,643.0,2026-01-17
SHOP_001,C0451,T05601,444.0,2026-01-17
SHOP_001,C0073,T05602,724.0,2026-01-17
SHOP_001,C0469,T05603,492.0,2026-01-17
SHOP_001,C0678,T05604,312.0,2026-01-17
SHOP_001,C0219,T05605,794.0,2026-01-17
SHOP_001,C0899,T05606,471.0,2026-01-17
SHOP_001,C0090,T05607,724.0,2026-01-17
SHOP_001,C0206,T05608,778.0,2026-01-17
SHOP_001,C0805,T05609,412.0,2026-01-17
SHOP_001,C0150,T05610,565.0,2026-01-17
SHOP_001,C0687,T05611,408.0,2026-01-17
SHOP_001,C0144,T05612,651.0,2026-01-17
SHOP_001,C0485,T05613,467.0,2026-01-17
SHOP_001,C0343,T05614,258.0,2026-01-17
SHOP_001,C0946,T05615,559.0,2026-01-17
SHOP_001,C0205,T05616,417.0,2026-01-17
SHOP_001,C0510,T05617,505.0,2026-01-18
SHOP_001,C0005,T05618,652.0,2026-01-18
SHOP_001,C0426,T05619,358.0,2026-01-18
SHOP_001,C0901,T05620,452.0,2026-01-18
SHOP_001,C0030,T05621,423.0,2026-01-18
SHOP_001,C0288,T05622,718.0,2026-01-18
SHOP_001,C0854,T05623,263.0,2026-01-18
SHOP_001,C0503,T05624,368.0,2026-01-18
SHOP_001,C0352,T05625,429.0,2026-01-18
SHOP_001,C0142,T05626,455.0,2026-01-18
SHOP_001,C0728,T05627,665.0,2026-01-18
SHOP_001,C0406,T05628,757.0,2026-01-18
SHOP_001,C0513,T05629,566.0,2026-01-18
SHOP_001,C0901,T05630,550.0,2026-01-18
SHOP_001,C0242,T05631,592.0,2026-01-18
SHOP_001,C0881,T05632,590.0,2026-01-18
SHOP_001,C0512,T05633,775.0,2026-01-18
SHOP_001,C0939,T05634,808.0,2026-01-18
SHOP_001,C0227,T05635,1221.0,2026-01-18
SHOP_001,C0536,T05636,443.0,2026-01-18
SHOP_001,C0153,T05637,785.0,2026-01-18
SHOP_001,C0600,T05638,834.0,2026-01-18
SHOP_001,C0080,T05639,1196.0,2026-01-18
SHOP_001,C0355,T05640,419.0,2026-01-18
SHOP_001,C0049,T05641,484.0,2026-01-18
SHOP_001,C0798,T05642,591.0,2026-01-18
SHOP_001,C0985,T05643,395.0,2026-01-18
SHOP_001,C0714,T05644,488.0,2026-01-18
SHOP_001,C0409,T05645,448.0,2026-01-18
SHOP_001,C0547,T05646,555.0,2026-01-18
SHOP_001,C0621,T05647,429.0,2026-01-18
SHOP_001,C0355,T05648,628.0,2026-01-18
SHOP_001,C0959,T05649,815.0,2026-01-18
SHOP_001,C0394,T05650,478.0,2026-01-18
SHOP_001,C0364,T05651,629.0,2026-01-18
SHOP_001,C0571,T05652,549.0,2026-01-18
SHOP_001,C0027,T05653,818.0,2026-01-18
SHOP_001,C0648,T05654,380.0,2026-01-19
SHOP_001,C0787,T05655,365.0,2026-01-19
SHOP_001,C0657,T05656,860.0,2026-01-19
SHOP_001,C0409,T05657,444.0,2026-01-19
SHOP_001,C0246,T05658,601.0,2026-01-19
SHOP_001,C0841,T05659,844.0,2026-01-19
SHOP_001,C0609,T05660,765.0,2026-01-19
SHOP_001,C0671,T05661,1128.0,2026-01-19
SHOP_001,C0568,T05662,240.0,2026-01-19
SHOP_001,C0940,T05663,541.0,2026-01-19
SHOP_001,C0798,T05664,269.0,2026-01-19
SHOP_001,C0490,T05665,281.0,2026-01-19
SHOP_001,C0435,T05666,622.0,2026-01-19
SHOP_001,C0176,T05667,716.0,2026-01-19
SHOP_001,C0850,T05668,712.0,2026-01-19
SHOP_001,C0773,T05669,862.0,2026-01-19
SHOP_001,C0985,T05670,381.0,2026-01-19
SHOP_001,C0433,T05671,635.0,2026-01-19
SHOP_001,C0227,T05672,333.0,2026-01-20
SHOP_001,C0875,T05673,481.0,2026-01-20
SHOP_001,C0472,T05674,520.0,2026-01-20
SHOP_001,C0873,T05675,845.0,2026-01-20
SHOP_001,C0505,T05676,443.0,2026-01-20
SHOP_001,C0940,T05677,466.0,2026-01-20
SHOP_001,C0846,T05678,345.0,2026-01-20
SHOP_001,C0466,T05679,650.0,2026-01-20
SHOP_001,C0399,T05680,542.0,2026-01-20
SHOP_001,C0353,T05681,520.0,2026-01-20
SHOP_001,C0151,T05682,290.0,2026-01-20
SHOP_001,C0026,T05683,776.0,2026-01-20
SHOP_001,C0459,T05684,877.0,2026-01-20
SHOP_001,C0809,T05685,441.0,2026-01-20
SHOP_001,C0512,T05686,438.0,2026-01-20
SHOP_001,C0791,T05687,581.0,2026-01-20
SHOP_001,C0311,T05688,268.0,2026-01-21
SHOP_001,C0758,T05689,508.0,2026-01-21
SHOP_001,C0220,T05690,699.0,2026-01-21
SHOP_001,C0771,T05691,771.0,2026-01-21
SHOP_001,C0031,T05692,448.0,2026-01-21
SHOP_001,C0791,T05693,350.0,2026-01-21
SHOP_001,C0860,T05694,423.0,2026-01-21
SHOP_001,C0710,T05695,424.0,2026-01-21
SHOP_001,C0352,T05696,625.0,2026-01-21
SHOP_001,C0654,T05697,447.0,2026-01-21
SHOP_001,C0706,T05698,741.0,2026-01-21
SHOP_001,C0508,T05699,712.0,2026-01-21
SHOP_001,C0158,T05700,585.0,2026-01-21
SHOP_001,C0753,T05701,410.0,2026-01-21
SHOP_001,C0254,T05702,1086.0,2026-01-21
SHOP_001,C0567,T05703,343.0,2026-01-21
SHOP_001,C0144,T05704,459.0,2026-01-22
SHOP_001,C0252,T05705,325.0,2026-01-22
SHOP_001,C0219,T05706,762.0,2026-01-22
SHOP_001,C0910,T05707,500.0,2026-01-22
SHOP_001,C0659,T05708,430.0,2026-01-22
SHOP_001,C0525,T05709,719.0,2026-01-22
SHOP_001,C0359,T05710,524.0,2026-01-22
SHOP_001,C0966,T05711,447.0,2026-01-22
SHOP_001,C0644,T05712,545.0,2026-01-22
SHOP_001,C0758,T05713,553.0,2026-01-22
SHOP_001,C0508,T05714,659.0,2026-01-22
SHOP_001,C0547,T05715,402.0,2026-01-22
SHOP_001,C0257,T05716,484.0,2026-01-22
SHOP_001,C0744,T05717,624.0,2026-01-22
SHOP_001,C0435,T05718,559.0,2026-01-22
SHOP_001,C0976,T05719,712.0,2026-01-22
SHOP_001,C0645,T05720,496.0,2026-01-23
SHOP_001,C0685,T05721,310.0,2026-01-23
SHOP_001,C0205,T05722,430.0,2026-01-23
SHOP_001,C0692,T05723,775.0,2026-01-23
SHOP_001,C0848,T05724,871.0,2026-01-23
SHOP_001,C0524,T05725,750.0,2026-01-23
SHOP_001,C0355,T05726,642.0,2026-01-23
SHOP_001,C0948,T05727,1227.0,2026-01-23
SHOP_001,C0625,T05728,577.0,2026-01-23
SHOP_001,C0340,T05729,693.0,2026-01-23
SHOP_001,C0285,T05730,290.0,2026-01-23
SHOP_001,C0567,T05731,498.0,2026-01-23
SHOP_001,C0696,T05732,742.0,2026-01-23
SHOP_001,C0295,T05733,651.0,2026-01-23
SHOP_001,C0084,T05734,772.0,2026-01-23
SHOP_001,C0915,T05735,596.0,2026-01-23
SHOP_001,C0933,T05736,587.0,2026-01-23
SHOP_001,C0276,T05737,423.0,2026-01-23
SHOP_001,C0807,T05738,312.0,2026-01-23
SHOP_001,C0056,T05739,410.0,2026-01-24
SHOP_001,C0606,T05740,548.0,2026-01-24
SHOP_001,C0916,T05741,457.0,2026-01-24
SHOP_001,C0174,T05742,378.0,2026-01-24
SHOP_001,C0181,T05743,595.0,2026-01-24
SHOP_001,C0670,T05744,709.0,2026-01-24
SHOP_001,C0716,T05745,484.0,2026-01-24
SHOP_001,C0648,T05746,343.0,2026-01-24
SHOP_001,C0699,T05747,413.0,2026-01-24
SHOP_001,C0469,T05748,591.0,2026-01-24
SHOP_001,C0140,T05749,683.0,2026-01-24
SHOP_001,C0116,T05750,580.0,2026-01-24
SHOP_001,C0900,T05751,554.0,2026-01-24
SHOP_001,C0805,T05752,646.0,2026-01-24
SHOP_001,C0829,T05753,454.0,2026-01-24
SHOP_001,C0254,T05754,321.0,2026-01-24
SHOP_001,C0322,T05755,615.0,2026-01-24
SHOP_001,C0583,T05756,436.0,2026-01-24
SHOP_001,C0994,T05757,533.0,2026-01-24
SHOP_001,C0685,T05758,361.0,2026-01-24
SHOP_001,C0848,T05759,642.0,2026-01-24
SHOP_001,C0569,T05760,778.0,2026-01-24
SHOP_001,C0548,T05761,708.0,2026-01-24
SHOP_001,C0852,T05762,270.0,2026-01-25
SHOP_001,C0242,T05763,565.0,2026-01-25
SHOP_001,C0757,T05764,469.0,2026-01-25
SHOP_001,C0318,T05765,294.0,2026-01-25
SHOP_001,C0940,T05766,380.0,2026-01-25
SHOP_001,C0817,T05767,905.0,2026-01-25
SHOP_001,C0490,T05768,958.0,2026-01-25
SHOP_001,C0174,T05769,552.0,2026-01-25
SHOP_001,C0775,T05770,352.0,2026-01-25
SHOP_001,C0762,T05771,790.0,2026-01-25
SHOP_001,C0472,T05772,559.0,2026-01-25
SHOP_001,C0933,T05773,179.0,2026-01-25
SHOP_001,C0288,T05774,469.0,2026-01-25
SHOP_001,C0123,T05775,796.0,2026-01-25
SHOP_001,C0644,T05776,458.0,2026-01-25
SHOP_001,C0370,T05777,261.0,2026-01-25
SHOP_001,C0061,T05778,482.0,2026-01-25
SHOP_001,C0940,T05779,381.0,2026-01-25
SHOP_001,C0838,T05780,923.0,2026-01-25
SHOP_001,C0479,T05781,374.0,2026-01-25
SHOP_001,C0716,T05782,789.0,2026-01-25
SHOP_001,C0648,T05783,332.0,2026-01-25
SHOP_001,C0104,T05784,503.0,2026-01-25
SHOP_001,C0715,T05785,398.0,2026-01-25
SHOP_001,C0754,T05786,446.0,2026-01-25
SHOP_001,C0897,T05787,361.0,2026-01-25
SHOP_001,C0805,T05788,241.0,2026-01-25
SHOP_001,C0940,T05789,337.0,2026-01-25
SHOP_001,C0354,T05790,493.0,2026-01-25
SHOP_001,C0111,T05791,326.0,2026-01-25
SHOP_001,C0275,T05792,718.0,2026-01-25
SHOP_001,C0685,T05793,424.0,2026-01-25
SHOP_001,C0296,T05794,827.0,2026-01-26
SHOP_001,C0524,T05795,525.0,2026-01-26
SHOP_001,C0979,T05796,434.0,2026-01-26
SHOP_001,C0848,T05797,641.0,2026-01-26
SHOP_001,C0105,T05798,719.0,2026-01-26
SHOP_001,C0311,T05799,252.0,2026-01-26
SHOP_001,C0396,T05800,399.0,2026-01-26
SHOP_001,C0263,T05801,583.0,2026-01-26
SHOP_001,C0515,T05802,865.0,2026-01-26
SHOP_001,C0987,T05803,461.0,2026-01-26
SHOP_001,C0966,T05804,332.0,2026-01-26
SHOP_001,C0902,T05805,321.0,2026-01-26
SHOP_001,C0206,T05806,621.0,2026-01-26
SHOP_001,C0234,T05807,591.0,2026-01-26
SHOP_001,C0839,T05808,988.0,2026-01-26
SHOP_001,C0434,T05809,541.0,2026-01-26
SHOP_001,C0223,T05810,898.0,2026-01-26
SHOP_001,C0741,T05811,476.0,2026-01-26
SHOP_001,C0990,T05812,570.0,2026-01-26
SHOP_001,C0374,T05813,495.0,2026-01-26
SHOP_001,C0582,T05814,243.0,2026-01-26
SHOP_001,C0495,T05815,680.0,2026-01-26
SHOP_001,C0676,T05816,304.0,2026-01-26
SHOP_001,C0035,T05817,303.0,2026-01-26
SHOP_001,C0578,T05818,220.0,2026-01-27
SHOP_001,C0912,T05819,938.0,2026-01-27
SHOP_001,C0900,T05820,621.0,2026-01-27
SHOP_001,C0073,T05821,606.0,2026-01-27
SHOP_001,C0707,T05822,474.0,2026-01-27
SHOP_001,C0741,T05823,228.0,2026-01-27
SHOP_001,C0285,T05824,440.0,2026-01-27
SHOP_001,C0408,T05825,1138.0,2026-01-27
SHOP_001,C0728,T05826,437.0,2026-01-27
SHOP_001,C0771,T05827,716.0,2026-01-27
SHOP_001,C0618,T05828,642.0,2026-01-27
SHOP_001,C0548,T05829,603.0,2026-01-27
SHOP_001,C0231,T05830,721.0,2026-01-27
SHOP_001,C0739,T05831,449.0,2026-01-27
SHOP_001,C0105,T05832,425.0,2026-01-27
SHOP_001,C0552,T05833,920.0,2026-01-27
SHOP_001,C0936,T05834,805.0,2026-01-27
SHOP_001,C0719,T05835,360.0,2026-01-27
SHOP_001,C0880,T05836,503.0,2026-01-27
SHOP_001,C0440,T05837,542.0,2026-01-27
SHOP_001,C0047,T05838,439.0,2026-01-27
SHOP_001,C0019,T05839,672.0,2026-01-27
SHOP_001,C0459,T05840,780.0,2026-01-27
SHOP_001,C0648,T05841,479.0,2026-01-28
SHOP_001,C0261,T05842,517.0,2026-01-28
SHOP_001,C0663,T05843,475.0,2026-01-28
SHOP_001,C0744,T05844,482.0,2026-01-28
SHOP_001,C0353,T05845,410.0,2026-01-28
SHOP_001,C0960,T05846,274.0,2026-01-28
SHOP_001,C0509,T05847,552.0,2026-01-28
SHOP_001,C0047,T05848,635.0,2026-01-28
SHOP_001,C0277,T05849,907.0,2026-01-28
SHOP_001,C0295,T05850,250.0,2026-01-28
SHOP_001,C0276,T05851,466.0,2026-01-28
SHOP_001,C0718,T05852,816.0,2026-01-28
SHOP_001,C0734,T05853,620.0,2026-01-28
SHOP_001,C0227,T05854,700.0,2026-01-28
SHOP_001,C0881,T05855,388.0,2026-01-28
SHOP_001,C0943,T05856,657.0,2026-01-28
SHOP_001,C0191,T05857,542.0,2026-01-28
SHOP_001,C0891,T05858,353.0,2026-01-28
SHOP_001,C0496,T05859,487.0,2026-01-28
SHOP_001,C0588,T05860,362.0,2026-01-29
SHOP_001,C0938,T05861,734.0,2026-01-29
SHOP_001,C0176,T05862,946.0,2026-01-29
SHOP_001,C0824,T05863,547.0,2026-01-29
SHOP_001,C0448,T05864,642.0,2026-01-29
SHOP_001,C0125,T05865,362.0,2026-01-29
SHOP_001,C0427,T05866,310.0,2026-01-29
SHOP_001,C0526,T05867,566.0,2026-01-29
SHOP_001,C0822,T05868,319.0,2026-01-29
SHOP_001,C0967,T05869,418.0,2026-01-29
SHOP_001,C0388,T05870,332.0,2026-01-29
SHOP_001,C0202,T05871,681.0,2026-01-29
SHOP_001,C0736,T05872,703.0,2026-01-29
SHOP_001,C0019,T05873,693.0,2026-01-29
SHOP_001,C0503,T05874,542.0,2026-01-29
SHOP_001,C0560,T05875,680.0,2026-01-29
SHOP_001,C0432,T05876,509.0,2026-01-30
SHOP_001,C0609,T05877,420.0,2026-01-30
SHOP_001,C0476,T05878,234.0,2026-01-30
SHOP_001,C0797,T05879,404.0,2026-01-30
SHOP_001,C0216,T05880,440.0,2026-01-30
SHOP_001,C0331,T05881,438.0,2026-01-30
SHOP_001,C0451,T05882,407.0,2026-01-30
SHOP_001,C0900,T05883,446.0,2026-01-30
SHOP_001,C0144,T05884,668.0,2026-01-30
SHOP_001,C0978,T05885,587.0,2026-01-30
SHOP_001,C0353,T05886,737.0,2026-01-30
SHOP_001,C0901,T05887,444.0,2026-01-30
SHOP_001,C0655,T05888,664.0,2026-01-30
SHOP_001,C0343,T05889,602.0,2026-01-30
SHOP_001,C0768,T05890,660.0,2026-01-30
SHOP_001,C0066,T05891,432.0,2026-01-30
SHOP_001,C0951,T05892,1140.0,2026-01-30
SHOP_001,C0925,T05893,1284.0,2026-01-30
SHOP_001,C0671,T05894,667.0,2026-01-30
SHOP_001,C0209,T05895,511.0,2026-01-30
SHOP_001,C0895,T05896,637.0,2026-01-30
SHOP_001,C0331,T05897,346.0,2026-01-30
SHOP_001,C0721,T05898,313.0,2026-01-30
SHOP_001,C0939,T05899,722.0,2026-01-30
SHOP_001,C0847,T05900,517.0,2026-01-31
SHOP_001,C0219,T05901,559.0,2026-01-31
SHOP_001,C0197,T05902,562.0,2026-01-31
SHOP_001,C0609,T05903,458.0,2026-01-31
SHOP_001,C0437,T05904,476.0,2026-01-31
SHOP_001,C0576,T05905,415.0,2026-01-31
SHOP_001,C0352,T05906,971.0,2026-01-31
SHOP_001,C0956,T05907,523.0,2026-01-31
SHOP_001,C0569,T05908,1055.0,2026-01-31
SHOP_001,C0247,T05909,691.0,2026-01-31
SHOP_001,C0940,T05910,388.0,2026-01-31
SHOP_001,C0143,T05911,320.0,2026-01-31
SHOP_001,C0962,T05912,624.0,2026-01-31
SHOP_001,C0872,T05913,921.0,2026-01-31
SHOP_001,C0169,T05914,733.0,2026-01-31
SHOP_001,C0133,T05915,947.0,2026-01-31
SHOP_001,C0308,T05916,658.0,2026-01-31
SHOP_001,C0466,T05917,880.0,2026-01-31
SHOP_001,C0627,T05918,807.0,2026-01-31
SHOP_001,C0493,T05919,831.0,2026-01-31
SHOP_001,C0830,T05920,646.0,2026-01-31
SHOP_001,C0781,T05921,635.0,2026-01-31
SHOP_001,C0716,T05922,758.0,2026-01-31
SHOP_001,C0973,T05923,687.0,2026-01-31
SHOP_001,C0019,T05924,1122.0,2026-01-31
SHOP_001,C0622,T05925,521.0,2026-01-31
SHOP_001,C0987,T05926,695.0,2026-01-31
SHOP_001,C0345,T05927,1182.0,2026-01-31
SHOP_001,C0247,T05928,784.0,2026-01-31
SHOP_001,C0707,T05929,538.0,2026-01-31
SHOP_001,C0406,T05930,447.0,2026-01-31
SHOP_001,C0392,T05931,309.0,2026-01-31
SHOP_001,C0919,T05932,607.0,2026-02-01
SHOP_001,C0838,T05933,596.0,2026-02-01
SHOP_001,C0174,T05934,535.0,2026-02-01
SHOP_001,C0848,T05935,476.0,2026-02-01
SHOP_001,C0220,T05936,464.0,2026-02-01
SHOP_001,C0606,T05937,501.0,2026-02-01
SHOP_001,C0283,T05938,724.0,2026-02-01
SHOP_001,C0805,T05939,1082.0,2026-02-01
SHOP_001,C0820,T05940,382.0,2026-02-01
SHOP_001,C0150,T05941,295.0,2026-02-01
SHOP_001,C0648,T05942,326.0,2026-02-01
SHOP_001,C0745,T05943,994.0,2026-02-01
SHOP_001,C0504,T05944,561.0,2026-02-01
SHOP_001,C0636,T05945,885.0,2026-02-01
SHOP_001,C0102,T05946,713.0,2026-02-01
SHOP_001,C0083,T05947,564.0,2026-02-01
SHOP_001,C0768,T05948,603.0,2026-02-01
SHOP_001,C0693,T05949,797.0,2026-02-01
SHOP_001,C0370,T05950,728.0,2026-02-01
SHOP_001,C0180,T05951,534.0,2026-02-01
SHOP_001,C0707,T05952,825.0,2026-02-01
SHOP_001,C0912,T05953,431.0,2026-02-01
SHOP_001,C0791,T05954,379.0,2026-02-01
SHOP_001,C0791,T05955,933.0,2026-02-01
SHOP_001,C0017,T05956,437.0,2026-02-02
SHOP_001,C0454,T05957,559.0,2026-02-02
SHOP_001,C0078,T05958,703.0,2026-02-02
SHOP_001,C0557,T05959,263.0,2026-02-02
SHOP_001,C0031,T05960,536.0,2026-02-02
SHOP_001,C0035,T05961,552.0,2026-02-02
SHOP_001,C0771,T05962,814.0,2026-02-02
SHOP_001,C0395,T05963,585.0,2026-02-02
SHOP_001,C0426,T05964,217.0,2026-02-02
SHOP_001,C0948,T05965,651.0,2026-02-02
SHOP_001,C0407,T05966,455.0,2026-02-02
SHOP_001,C0894,T05967,289.0,2026-02-02
SHOP_001,C0277,T05968,291.0,2026-02-02
SHOP_001,C0158,T05969,720.0,2026-02-02
SHOP_001,C0671,T05970,1144.0,2026-02-02
SHOP_001,C0873,T05971,686.0,2026-02-02
SHOP_001,C0810,T05972,395.0,2026-02-02
SHOP_001,C0128,T05973,538.0,2026-02-02
SHOP_001,C0030,T05974,444.0,2026-02-02
SHOP_001,C0707,T05975,669.0,2026-02-02
SHOP_001,C0900,T05976,629.0,2026-02-02
SHOP_001,C0353,T05977,582.0,2026-02-02
SHOP_001,C0295,T05978,326.0,2026-02-02
SHOP_001,C0901,T05979,569.0,2026-02-02
SHOP_001,C0261,T05980,631.0,2026-02-03
SHOP_001,C0109,T05981,578.0,2026-02-03
SHOP_001,C0879,T05982,319.0,2026-02-03
SHOP_001,C0940,T05983,459.0,2026-02-03
SHOP_001,C0396,T05984,423.0,2026-02-03
SHOP_001,C0918,T05985,1007.0,2026-02-03
SHOP_001,C0030,T05986,584.0,2026-02-03
SHOP_001,C0157,T05987,391.0,2026-02-03
SHOP_001,C0213,T05988,307.0,2026-02-03
SHOP_001,C0289,T05989,394.0,2026-02-03
SHOP_001,C0197,T05990,501.0,2026-02-03
SHOP_001,C0848,T05991,657.0,2026-02-03
SHOP_001,C0544,T05992,618.0,2026-02-03
SHOP_001,C0495,T05993,728.0,2026-02-03
SHOP_001,C0872,T05994,765.0,2026-02-03
SHOP_001,C0035,T05995,410.0,2026-02-03
SHOP_001,C0311,T05996,250.0,2026-02-03
SHOP_001,C0353,T05997,614.0,2026-02-03
SHOP_001,C0831,T05998,596.0,2026-02-03
SHOP_001,C0399,T05999,273.0,2026-02-04
SHOP_001,C0539,T06000,876.0,2026-02-04
SHOP_001,C0685,T06001,235.0,2026-02-04
SHOP_001,C0510,T06002,325.0,2026-02-04
SHOP_001,C0181,T06003,495.0,2026-02-04
SHOP_001,C0724,T06004,516.0,2026-02-04
SHOP_001,C0943,T06005,389.0,2026-02-04
SHOP_001,C0413,T06006,560.0,2026-02-04
SHOP_001,C0263,T06007,609.0,2026-02-04
SHOP_001,C0677,T06008,1155.0,2026-02-04
SHOP_001,C0400,T06009,374.0,2026-02-04
SHOP_001,C0962,T06010,1325.0,2026-02-04
SHOP_001,C0123,T06011,380.0,2026-02-04
SHOP_001,C0174,T06012,568.0,2026-02-04
SHOP_001,C0560,T06013,335.0,2026-02-04
SHOP_001,C0074,T06014,532.0,2026-02-04
SHOP_001,C0985,T06015,296.0,2026-02-04
SHOP_001,C0591,T06016,541.0,2026-02-05
SHOP_001,C0655,T06017,679.0,2026-02-05
SHOP_001,C0227,T06018,624.0,2026-02-05
SHOP_001,C0105,T06019,598.0,2026-02-05
SHOP_001,C0078,T06020,281.0,2026-02-05
SHOP_001,C0870,T06021,619.0,2026-02-05
SHOP_001,C0791,T06022,498.0,2026-02-05
SHOP_001,C0744,T06023,936.0,2026-02-05
SHOP_001,C0793,T06024,546.0,2026-02-05
SHOP_001,C0030,T06025,689.0,2026-02-05
SHOP_001,C0768,T06026,543.0,2026-02-05
SHOP_001,C0205,T06027,444.0,2026-02-05
SHOP_001,C0122,T06028,311.0,2026-02-05
SHOP_001,C0771,T06029,434.0,2026-02-05
SHOP_001,C0352,T06030,859.0,2026-02-05
SHOP_001,C0666,T06031,431.0,2026-02-05
SHOP_001,C0199,T06032,995.0,2026-02-05
SHOP_001,C0600,T06033,631.0,2026-02-06
SHOP_001,C0341,T06034,647.0,2026-02-06
SHOP_001,C0489,T06035,879.0,2026-02-06
SHOP_001,C0908,T06036,658.0,2026-02-06
SHOP_001,C0512,T06037,439.0,2026-02-06
SHOP_001,C0478,T06038,555.0,2026-02-06
SHOP_001,C0343,T06039,225.0,2026-02-06
SHOP_001,C0361,T06040,1232.0,2026-02-06
SHOP_001,C0597,T06041,525.0,2026-02-06
SHOP_001,C0636,T06042,789.0,2026-02-06
SHOP_001,C0065,T06043,535.0,2026-02-06
SHOP_001,C0670,T06044,401.0,2026-02-06
SHOP_001,C0271,T06045,447.0,2026-02-06
SHOP_001,C0490,T06046,744.0,2026-02-06
SHOP_001,C0409,T06047,452.0,2026-02-06
SHOP_001,C0707,T06048,991.0,2026-02-06
SHOP_001,C0604,T06049,818.0,2026-02-06
SHOP_001,C0769,T06050,848.0,2026-02-06
SHOP_001,C0831,T06051,423.0,2026-02-06
SHOP_001,C0017,T06052,631.0,2026-02-06
SHOP_001,C0105,T06053,818.0,2026-02-06
SHOP_001,C0729,T06054,691.0,2026-02-06
SHOP_001,C0405,T06055,711.0,2026-02-07
SHOP_001,C0011,T06056,510.0,2026-02-07
SHOP_001,C0584,T06057,537.0,2026-02-07
SHOP_001,C0744,T06058,409.0,2026-02-07
SHOP_001,C0180,T06059,537.0,2026-02-07
SHOP_001,C0503,T06060,378.0,2026-02-07
SHOP_001,C0793,T06061,481.0,2026-02-07
SHOP_001,C0479,T06062,484.0,2026-02-07
SHOP_001,C0295,T06063,358.0,2026-02-07
SHOP_001,C0873,T06064,903.0,2026-02-07
SHOP_001,C0985,T06065,444.0,2026-02-07
SHOP_001,C0583,T06066,435.0,2026-02-07
SHOP_001,C0078,T06067,312.0,2026-02-07
SHOP_001,C0844,T06068,851.0,2026-02-07
SHOP_001,C0073,T06069,781.0,2026-02-07
SHOP_001,C0102,T06070,781.0,2026-02-07
SHOP_001,C0049,T06071,904.0,2026-02-07
SHOP_001,C0882,T06072,221.0,2026-02-07
SHOP_001,C0295,T06073,372.0,2026-02-07
SHOP_001,C0687,T06074,531.0,2026-02-07
SHOP_001,C0745,T06075,790.0,2026-02-07
SHOP_001,C0519,T06076,336.0,2026-02-07
SHOP_001,C0544,T06077,519.0,2026-02-07
SHOP_001,C0058,T06078,651.0,2026-02-07
SHOP_001,C0985,T06079,377.0,2026-02-07
SHOP_001,C0967,T06080,788.0,2026-02-07
SHOP_001,C0933,T06081,486.0,2026-02-07
SHOP_001,C0498,T06082,482.0,2026-02-08
SHOP_001,C0315,T06083,759.0,2026-02-08
SHOP_001,C0242,T06084,812.0,2026-02-08
SHOP_001,C0704,T06085,557.0,2026-02-08
SHOP_001,C0801,T06086,870.0,2026-02-08
SHOP_001,C0677,T06087,909.0,2026-02-08
SHOP_001,C0903,T06088,384.0,2026-02-08
SHOP_001,C0343,T06089,389.0,2026-02-08
SHOP_001,C0066,T06090,378.0,2026-02-08
SHOP_001,C0719,T06091,300.0,2026-02-08
SHOP_001,C0557,T06092,364.0,2026-02-08
SHOP_001,C0943,T06093,424.0,2026-02-08
SHOP_001,C0506,T06094,385.0,2026-02-08
SHOP_001,C0077,T06095,772.0,2026-02-08
SHOP_001,C0176,T06096,1152.0,2026-02-08
SHOP_001,C0903,T06097,502.0,2026-02-08
SHOP_001,C0392,T06098,442.0,2026-02-08
SHOP_001,C0308,T06099,822.0,2026-02-08
SHOP_001,C0887,T06100,376.0,2026-02-08
SHOP_001,C0664,T06101,535.0,2026-02-08
SHOP_001,C0713,T06102,745.0,2026-02-09
SHOP_001,C0031,T06103,385.0,2026-02-09
SHOP_001,C0769,T06104,358.0,2026-02-09
SHOP_001,C0969,T06105,481.0,2026-02-09
SHOP_001,C0746,T06106,919.0,2026-02-09
SHOP_001,C0158,T06107,824.0,2026-02-09
SHOP_001,C0950,T06108,877.0,2026-02-09
SHOP_001,C0590,T06109,757.0,2026-02-09
SHOP_001,C0229,T06110,760.0,2026-02-09
SHOP_001,C0767,T06111,340.0,2026-02-09
SHOP_001,C0084,T06112,762.0,2026-02-09
SHOP_001,C0223,T06113,750.0,2026-02-09
SHOP_001,C0080,T06114,838.0,2026-02-09
SHOP_001,C0391,T06115,272.0,2026-02-10
SHOP_001,C0782,T06116,500.0,2026-02-10
SHOP_001,C0343,T06117,208.0,2026-02-10
SHOP_001,C0539,T06118,558.0,2026-02-10
SHOP_001,C0948,T06119,461.0,2026-02-10
SHOP_001,C0992,T06120,1005.0,2026-02-10
SHOP_001,C0288,T06121,825.0,2026-02-10
SHOP_001,C0693,T06122,705.0,2026-02-10
SHOP_001,C0948,T06123,513.0,2026-02-10
SHOP_001,C0648,T06124,402.0,2026-02-10
SHOP_001,C0194,T06125,954.0,2026-02-10
SHOP_001,C0805,T06126,402.0,2026-02-10
SHOP_001,C0070,T06127,545.0,2026-02-10
SHOP_001,C0928,T06128,1445.0,2026-02-10
SHOP_001,C0671,T06129,942.0,2026-02-10
SHOP_001,C0737,T06130,807.0,2026-02-10
SHOP_001,C0244,T06131,612.0,2026-02-10
SHOP_001,C0440,T06132,381.0,2026-02-10
SHOP_001,C0707,T06133,565.0,2026-02-10
SHOP_001,C0294,T06134,451.0,2026-02-10
SHOP_001,C0544,T06135,510.0,2026-02-10
SHOP_001,C0459,T06136,701.0,2026-02-10
SHOP_001,C0900,T06137,425.0,2026-02-10
SHOP_001,C0392,T06138,514.0,2026-02-10
SHOP_001,C0562,T06139,599.0,2026-02-10
SHOP_001,C0022,T06140,453.0,2026-02-11
SHOP_001,C0943,T06141,472.0,2026-02-11
SHOP_001,C0914,T06142,362.0,2026-02-11
SHOP_001,C0045,T06143,435.0,2026-02-11
SHOP_001,C0078,T06144,556.0,2026-02-11
SHOP_001,C0208,T06145,422.0,2026-02-11
SHOP_001,C0808,T06146,532.0,2026-02-11
SHOP_001,C0073,T06147,699.0,2026-02-11
SHOP_001,C0097,T06148,779.0,2026-02-11
SHOP_001,C0757,T06149,567.0,2026-02-11
SHOP_001,C0940,T06150,500.0,2026-02-11
SHOP_001,C0110,T06151,612.0,2026-02-11
SHOP_001,C0690,T06152,958.0,2026-02-11
SHOP_001,C0539,T06153,522.0,2026-02-11
SHOP_001,C0540,T06154,475.0,2026-02-11
SHOP_001,C0724,T06155,462.0,2026-02-12
SHOP_001,C0146,T06156,522.0,2026-02-12
SHOP_001,C0940,T06157,350.0,2026-02-12
SHOP_001,C0771,T06158,357.0,2026-02-12
SHOP_001,C0791,T06159,396.0,2026-02-12
SHOP_001,C0295,T06160,332.0,2026-02-12
SHOP_001,C0428,T06161,652.0,2026-02-12
SHOP_001,C0294,T06162,251.0,2026-02-12
SHOP_001,C0805,T06163,440.0,2026-02-12
SHOP_001,C0707,T06164,845.0,2026-02-12
SHOP_001,C0289,T06165,511.0,2026-02-12
SHOP_001,C0566,T06166,390.0,2026-02-12
SHOP_001,C0005,T06167,815.0,2026-02-12
SHOP_001,C0227,T06168,728.0,2026-02-12
SHOP_001,C0435,T06169,1158.0,2026-02-12
SHOP_001,C0860,T06170,353.0,2026-02-12
SHOP_001,C0850,T06171,758.0,2026-02-12
SHOP_001,C0901,T06172,368.0,2026-02-12
SHOP_001,C0872,T06173,515.0,2026-02-12
SHOP_001,C0490,T06174,461.0,2026-02-12
SHOP_001,C0683,T06175,274.0,2026-02-12
SHOP_001,C0410,T06176,1333.0,2026-02-12
SHOP_001,C0230,T06177,710.0,2026-02-12
SHOP_001,C0939,T06178,694.0,2026-02-13
SHOP_001,C0019,T06179,1375.0,2026-02-13
SHOP_001,C0344,T06180,248.0,2026-02-13
SHOP_001,C0327,T06181,1031.0,2026-02-13
SHOP_001,C0718,T06182,526.0,2026-02-13
SHOP_001,C0583,T06183,227.0,2026-02-13
SHOP_001,C0928,T06184,933.0,2026-02-13
SHOP_001,C0227,T06185,445.0,2026-02-13
SHOP_001,C0271,T06186,425.0,2026-02-13
SHOP_001,C0647,T06187,522.0,2026-02-13
SHOP_001,C0784,T06188,880.0,2026-02-13
SHOP_001,C0968,T06189,766.0,2026-02-13
SHOP_001,C0847,T06190,324.0,2026-02-13
SHOP_001,C0716,T06191,566.0,2026-02-13
SHOP_001,C0159,T06192,521.0,2026-02-13
SHOP_001,C0896,T06193,332.0,2026-02-13
SHOP_001,C0399,T06194,469.0,2026-02-13
SHOP_001,C0131,T06195,477.0,2026-02-13
SHOP_001,C0798,T06196,562.0,2026-02-13
SHOP_001,C0466,T06197,973.0,2026-02-13
SHOP_001,C0908,T06198,244.0,2026-02-14
SHOP_001,C0112,T06199,853.0,2026-02-14
SHOP_001,C0531,T06200,608.0,2026-02-14
SHOP_001,C0588,T06201,433.0,2026-02-14
SHOP_001,C0635,T06202,916.0,2026-02-14
SHOP_001,C0877,T06203,355.0,2026-02-14
SHOP_001,C0644,T06204,602.0,2026-02-14
SHOP_001,C0539,T06205,757.0,2026-02-14
SHOP_001,C0228,T06206,1301.0,2026-02-14
SHOP_001,C0440,T06207,401.0,2026-02-14
SHOP_001,C0468,T06208,992.0,2026-02-14
SHOP_001,C0242,T06209,522.0,2026-02-14
SHOP_001,C0087,T06210,574.0,2026-02-14
SHOP_001,C0218,T06211,592.0,2026-02-14
SHOP_001,C0456,T06212,444.0,2026-02-14
SHOP_001,C0918,T06213,440.0,2026-02-14
SHOP_001,C0900,T06214,402.0,2026-02-14
SHOP_001,C0019,T06215,560.0,2026-02-14
SHOP_001,C0966,T06216,481.0,2026-02-14
SHOP_001,C0026,T06217,974.0,2026-02-14
SHOP_001,C0417,T06218,712.0,2026-02-14
SHOP_001,C0744,T06219,196.0,2026-02-14
SHOP_001,C0409,T06220,301.0,2026-02-14
SHOP_001,C0557,T06221,424.0,2026-02-14
SHOP_001,C0493,T06222,513.0,2026-02-14
SHOP_001,C0146,T06223,360.0,2026-02-14
SHOP_001,C0263,T06224,466.0,2026-02-14
SHOP_001,C0031,T06225,521.0,2026-02-14
SHOP_001,C0008,T06226,785.0,2026-02-14
SHOP_001,C0601,T06227,280.0,2026-02-15
SHOP_001,C0236,T06228,668.0,2026-02-15
SHOP_001,C0984,T06229,511.0,2026-02-15
SHOP_001,C0670,T06230,384.0,2026-02-15
SHOP_001,C0548,T06231,430.0,2026-02-15
SHOP_001,C0683,T06232,456.0,2026-02-15
SHOP_001,C0999,T06233,290.0,2026-02-15
SHOP_001,C0071,T06234,643.0,2026-02-15
SHOP_001,C0469,T06235,281.0,2026-02-15
SHOP_001,C0242,T06236,907.0,2026-02-15
SHOP_001,C0435,T06237,1105.0,2026-02-15
SHOP_001,C0660,T06238,510.0,2026-02-15
SHOP_001,C0030,T06239,319.0,2026-02-15
SHOP_001,C0768,T06240,662.0,2026-02-15
SHOP_001,C0386,T06241,800.0,2026-02-15
SHOP_001,C0086,T06242,1647.0,2026-02-15
SHOP_001,C0024,T06243,348.0,2026-02-15
SHOP_001,C0230,T06244,659.0,2026-02-15
SHOP_001,C0139,T06245,345.0,2026-02-15
SHOP_001,C0694,T06246,1019.0,2026-02-15
SHOP_001,C0591,T06247,493.0,2026-02-15
SHOP_001,C0172,T06248,646.0,2026-02-15
SHOP_001,C0774,T06249,366.0,2026-02-15
SHOP_001,C0185,T06250,575.0,2026-02-15
SHOP_001,C0446,T06251,300.0,2026-02-15
SHOP_001,C0479,T06252,813.0,2026-02-15
SHOP_001,C0967,T06253,711.0,2026-02-15
SHOP_001,C0657,T06254,958.0,2026-02-15
SHOP_001,C0556,T06255,392.0,2026-02-16
SHOP_001,C0943,T06256,564.0,2026-02-16
SHOP_001,C0824,T06257,375.0,2026-02-16
SHOP_001,C0734,T06258,631.0,2026-02-16
SHOP_001,C0246,T06259,423.0,2026-02-16
SHOP_001,C0809,T06260,642.0,2026-02-16
SHOP_001,C0738,T06261,1312.0,2026-02-16
SHOP_001,C0705,T06262,352.0,2026-02-16
SHOP_001,C0495,T06263,441.0,2026-02-16
SHOP_001,C0532,T06264,491.0,2026-02-16
SHOP_001,C0359,T06265,800.0,2026-02-16
SHOP_001,C0144,T06266,572.0,2026-02-16
SHOP_001,C0490,T06267,726.0,2026-02-16
SHOP_001,C0512,T06268,402.0,2026-02-16
SHOP_001,C0396,T06269,603.0,2026-02-16
SHOP_001,C0662,T06270,297.0,2026-02-16
SHOP_001,C0188,T06271,618.0,2026-02-16
SHOP_001,C0026,T06272,684.0,2026-02-16
SHOP_001,C0971,T06273,535.0,2026-02-16
SHOP_001,C0100,T06274,369.0,2026-02-16
SHOP_001,C0490,T06275,302.0,2026-02-17
SHOP_001,C0808,T06276,530.0,2026-02-17
SHOP_001,C0870,T06277,328.0,2026-02-17
SHOP_001,C0967,T06278,351.0,2026-02-17
SHOP_001,C0456,T06279,591.0,2026-02-17
SHOP_001,C0295,T06280,445.0,2026-02-17
SHOP_001,C0372,T06281,396.0,2026-02-17
SHOP_001,C0266,T06282,357.0,2026-02-17
SHOP_001,C0949,T06283,663.0,2026-02-17
SHOP_001,C0468,T06284,503.0,2026-02-17
SHOP_001,C0900,T06285,598.0,2026-02-17
SHOP_001,C0648,T06286,470.0,2026-02-17
SHOP_001,C0897,T06287,375.0,2026-02-17
SHOP_001,C0105,T06288,499.0,2026-02-17
SHOP_001,C0990,T06289,465.0,2026-02-17
SHOP_001,C0809,T06290,607.0,2026-02-17
SHOP_001,C0078,T06291,349.0,2026-02-17
SHOP_001,C0035,T06292,391.0,2026-02-17
SHOP_001,C0648,T06293,336.0,2026-02-17
SHOP_001,C0591,T06294,456.0,2026-02-17
SHOP_001,C0478,T06295,529.0,2026-02-17
SHOP_001,C0719,T06296,256.0,2026-02-17
SHOP_001,C0317,T06297,364.0,2026-02-17
SHOP_001,C0901,T06298,377.0,2026-02-17
SHOP_001,C0188,T06299,580.0,2026-02-17
SHOP_001,C0997,T06300,835.0,2026-02-17
SHOP_001,C0105,T06301,594.0,2026-02-17
SHOP_001,C0140,T06302,365.0,2026-02-18
SHOP_001,C0254,T06303,444.0,2026-02-18
SHOP_001,C0966,T06304,537.0,2026-02-18
SHOP_001,C0625,T06305,797.0,2026-02-18
SHOP_001,C0103,T06306,637.0,2026-02-18
SHOP_001,C0996,T06307,481.0,2026-02-18
SHOP_001,C0685,T06308,247.0,2026-02-18
SHOP_001,C0714,T06309,293.0,2026-02-18
SHOP_001,C0378,T06310,518.0,2026-02-18
SHOP_001,C0028,T06311,778.0,2026-02-18
SHOP_001,C0426,T06312,343.0,2026-02-18
SHOP_001,C0879,T06313,615.0,2026-02-18
SHOP_001,C0203,T06314,345.0,2026-02-18
SHOP_001,C0503,T06315,381.0,2026-02-18
SHOP_001,C0458,T06316,501.0,2026-02-18
SHOP_001,C0173,T06317,489.0,2026-02-18
SHOP_001,C0466,T06318,759.0,2026-02-18
SHOP_001,C0088,T06319,719.0,2026-02-18
SHOP_001,C0027,T06320,624.0,2026-02-18
SHOP_001,C0768,T06321,430.0,2026-02-19
SHOP_001,C0041,T06322,286.0,2026-02-19
SHOP_001,C0613,T06323,350.0,2026-02-19
SHOP_001,C0399,T06324,529.0,2026-02-19
SHOP_001,C0703,T06325,616.0,2026-02-19
SHOP_001,C0030,T06326,287.0,2026-02-19
SHOP_001,C0772,T06327,499.0,2026-02-19
SHOP_001,C0293,T06328,956.0,2026-02-19
SHOP_001,C0903,T06329,606.0,2026-02-19
SHOP_001,C0487,T06330,409.0,2026-02-19
SHOP_001,C0707,T06331,701.0,2026-02-19
SHOP_001,C0255,T06332,295.0,2026-02-19
SHOP_001,C0777,T06333,396.0,2026-02-19
SHOP_001,C0716,T06334,917.0,2026-02-19
SHOP_001,C0478,T06335,794.0,2026-02-19
SHOP_001,C0495,T06336,887.0,2026-02-19
SHOP_001,C0737,T06337,780.0,2026-02-19
SHOP_001,C0123,T06338,581.0,2026-02-19
SHOP_001,C0279,T06339,464.0,2026-02-19
SHOP_001,C0372,T06340,1060.0,2026-02-19
SHOP_001,C0708,T06341,570.0,2026-02-19
SHOP_001,C0794,T06342,868.0,2026-02-19
SHOP_001,C0761,T06343,449.0,2026-02-19
SHOP_001,C0854,T06344,322.0,2026-02-19
SHOP_001,C0677,T06345,1071.0,2026-02-19
SHOP_001,C0309,T06346,383.0,2026-02-19
SHOP_001,C0322,T06347,992.0,2026-02-19
SHOP_001,C0432,T06348,461.0,2026-02-19
SHOP_001,C0224,T06349,1781.0,2026-02-20
SHOP_001,C0254,T06350,459.0,2026-02-20
SHOP_001,C0088,T06351,799.0,2026-02-20
SHOP_001,C0206,T06352,791.0,2026-02-20
SHOP_001,C0459,T06353,532.0,2026-02-20
SHOP_001,C0345,T06354,631.0,2026-02-20
SHOP_001,C0019,T06355,720.0,2026-02-20
SHOP_001,C0329,T06356,348.0,2026-02-20
SHOP_001,C0223,T06357,447.0,2026-02-20
SHOP_001,C0353,T06358,598.0,2026-02-20
SHOP_001,C0498,T06359,592.0,2026-02-20
SHOP_001,C0016,T06360,1005.0,2026-02-20
SHOP_001,C0525,T06361,586.0,2026-02-20
SHOP_001,C0789,T06362,529.0,2026-02-20
SHOP_001,C0839,T06363,634.0,2026-02-20
SHOP_001,C0714,T06364,339.0,2026-02-20
SHOP_001,C0541,T06365,1052.0,2026-02-20
SHOP_001,C0426,T06366,430.0,2026-02-20
SHOP_001,C0657,T06367,515.0,2026-02-20
SHOP_001,C0183,T06368,685.0,2026-02-20
SHOP_001,C0716,T06369,499.0,2026-02-20
SHOP_001,C0590,T06370,395.0,2026-02-20
SHOP_001,C0198,T06371,748.0,2026-02-20
SHOP_001,C0019,T06372,799.0,2026-02-21
SHOP_001,C0352,T06373,889.0,2026-02-21
SHOP_001,C0718,T06374,725.0,2026-02-21
SHOP_001,C0873,T06375,744.0,2026-02-21
SHOP_001,C0793,T06376,381.0,2026-02-21
SHOP_001,C0242,T06377,878.0,2026-02-21
SHOP_001,C0703,T06378,565.0,2026-02-21
SHOP_001,C0610,T06379,1159.0,2026-02-21
SHOP_001,C0140,T06380,420.0,2026-02-21
SHOP_001,C0433,T06381,613.0,2026-02-21
SHOP_001,C0830,T06382,782.0,2026-02-21
SHOP_001,C0315,T06383,908.0,2026-02-21
SHOP_001,C0585,T06384,599.0,2026-02-21
SHOP_001,C0392,T06385,303.0,2026-02-21
SHOP_001,C0242,T06386,885.0,2026-02-21
SHOP_001,C0212,T06387,721.0,2026-02-21
SHOP_001,C0864,T06388,315.0,2026-02-21
SHOP_001,C0030,T06389,376.0,2026-02-21
SHOP_001,C0685,T06390,237.0,2026-02-21
SHOP_001,C0997,T06391,740.0,2026-02-21
SHOP_001,C0440,T06392,704.0,2026-02-21
SHOP_001,C0805,T06393,937.0,2026-02-21
SHOP_001,C0353,T06394,953.0,2026-02-21
SHOP_001,C0295,T06395,561.0,2026-02-21
SHOP_001,C0499,T06396,411.0,2026-02-21
SHOP_001,C0529,T06397,640.0,2026-02-21
SHOP_001,C0426,T06398,422.0,2026-02-22
SHOP_001,C0768,T06399,963.0,2026-02-22
SHOP_001,C0908,T06400,403.0,2026-02-22
SHOP_001,C0483,T06401,316.0,2026-02-22
SHOP_001,C0732,T06402,540.0,2026-02-22
SHOP_001,C0548,T06403,657.0,2026-02-22
SHOP_001,C0563,T06404,318.0,2026-02-22
SHOP_001,C0490,T06405,465.0,2026-02-22
SHOP_001,C0982,T06406,624.0,2026-02-22
SHOP_001,C0495,T06407,904.0,2026-02-22
SHOP_001,C0014,T06408,1034.0,2026-02-22
SHOP_001,C0777,T06409,571.0,2026-02-22
SHOP_001,C0270,T06410,273.0,2026-02-22
SHOP_001,C0084,T06411,779.0,2026-02-22
SHOP_001,C0732,T06412,1103.0,2026-02-22
SHOP_001,C0718,T06413,432.0,2026-02-22
SHOP_001,C0415,T06414,1091.0,2026-02-22
SHOP_001,C0435,T06415,709.0,2026-02-22
SHOP_001,C0294,T06416,379.0,2026-02-22
SHOP_001,C0143,T06417,399.0,2026-02-22
SHOP_001,C0848,T06418,831.0,2026-02-22
SHOP_001,C0294,T06419,400.0,2026-02-22
SHOP_001,C0493,T06420,490.0,2026-02-22
SHOP_001,C0073,T06421,393.0,2026-02-22
SHOP_001,C0019,T06422,652.0,2026-02-23
SHOP_001,C0818,T06423,456.0,2026-02-23
SHOP_001,C0517,T06424,512.0,2026-02-23
SHOP_001,C0983,T06425,1799.0,2026-02-23
SHOP_001,C0634,T06426,568.0,2026-02-23
SHOP_001,C0931,T06427,312.0,2026-02-23
SHOP_001,C0014,T06428,653.0,2026-02-23
SHOP_001,C0848,T06429,684.0,2026-02-23
SHOP_001,C0178,T06430,312.0,2026-02-23
SHOP_001,C0826,T06431,414.0,2026-02-23
SHOP_001,C0901,T06432,325.0,2026-02-23
SHOP_001,C0649,T06433,480.0,2026-02-23
SHOP_001,C0089,T06434,530.0,2026-02-23
SHOP_001,C0485,T06435,601.0,2026-02-23
SHOP_001,C0897,T06436,729.0,2026-02-23
SHOP_001,C0039,T06437,536.0,2026-02-23
SHOP_001,C0855,T06438,280.0,2026-02-23
SHOP_001,C0503,T06439,396.0,2026-02-23
SHOP_001,C0277,T06440,626.0,2026-02-23
SHOP_001,C0805,T06441,301.0,2026-02-23
SHOP_001,C0343,T06442,180.0,2026-02-24
SHOP_001,C0822,T06443,233.0,2026-02-24
SHOP_001,C0583,T06444,300.0,2026-02-24
SHOP_001,C0295,T06445,375.0,2026-02-24
SHOP_001,C0063,T06446,339.0,2026-02-24
SHOP_001,C0692,T06447,903.0,2026-02-24
SHOP_001,C0741,T06448,438.0,2026-02-24
SHOP_001,C0263,T06449,1047.0,2026-02-24
SHOP_001,C0625,T06450,434.0,2026-02-24
SHOP_001,C0805,T06451,206.0,2026-02-24
SHOP_001,C0340,T06452,418.0,2026-02-24
SHOP_001,C0968,T06453,550.0,2026-02-24
SHOP_001,C0102,T06454,486.0,2026-02-24
SHOP_001,C0247,T06455,871.0,2026-02-24
SHOP_001,C0586,T06456,622.0,2026-02-24
SHOP_001,C0777,T06457,658.0,2026-02-24
SHOP_001,C0459,T06458,903.0,2026-02-24
SHOP_001,C0626,T06459,942.0,2026-02-24
SHOP_001,C0324,T06460,300.0,2026-02-24
SHOP_001,C0142,T06461,356.0,2026-02-24
SHOP_001,C0524,T06462,482.0,2026-02-24
SHOP_001,C0258,T06463,290.0,2026-02-25
SHOP_001,C0105,T06464,717.0,2026-02-25
SHOP_001,C0435,T06465,657.0,2026-02-25
SHOP_001,C0716,T06466,479.0,2026-02-25
SHOP_001,C0598,T06467,150.0,2026-02-25
SHOP_001,C0440,T06468,470.0,2026-02-25
SHOP_001,C0918,T06469,572.0,2026-02-25
SHOP_001,C0412,T06470,482.0,2026-02-25
SHOP_001,C0064,T06471,657.0,2026-02-25
SHOP_001,C0332,T06472,401.0,2026-02-25
SHOP_001,C0051,T06473,724.0,2026-02-25
SHOP_001,C0874,T06474,570.0,2026-02-25
SHOP_001,C0966,T06475,368.0,2026-02-25
SHOP_001,C0787,T06476,354.0,2026-02-25
SHOP_001,C0664,T06477,391.0,2026-02-25
SHOP_001,C0901,T06478,759.0,2026-02-25
SHOP_001,C0015,T06479,631.0,2026-02-25
SHOP_001,C0173,T06480,365.0,2026-02-25
SHOP_001,C0333,T06481,568.0,2026-02-25
SHOP_001,C0352,T06482,759.0,2026-02-25
SHOP_001,C0901,T06483,697.0,2026-02-25
SHOP_001,C0918,T06484,596.0,2026-02-25
SHOP_001,C0665,T06485,629.0,2026-02-25
SHOP_001,C0176,T06486,490.0,2026-02-26
SHOP_001,C0887,T06487,324.0,2026-02-26
SHOP_001,C0763,T06488,356.0,2026-02-26
SHOP_001,C0499,T06489,708.0,2026-02-26
SHOP_001,C0646,T06490,652.0,2026-02-26
SHOP_001,C0512,T06491,368.0,2026-02-26
SHOP_001,C0342,T06492,492.0,2026-02-26
SHOP_001,C0568,T06493,373.0,2026-02-26
SHOP_001,C0308,T06494,771.0,2026-02-26
SHOP_001,C0809,T06495,901.0,2026-02-26
SHOP_001,C0927,T06496,453.0,2026-02-26
SHOP_001,C0647,T06497,660.0,2026-02-26
SHOP_001,C0701,T06498,1055.0,2026-02-26
SHOP_001,C0560,T06499,582.0,2026-02-26
SHOP_001,C0832,T06500,461.0,2026-02-26
SHOP_001,C0769,T06501,520.0,2026-02-26
SHOP_001,C0512,T06502,312.0,2026-02-26
SHOP_001,C0255,T06503,487.0,2026-02-26
SHOP_001,C0242,T06504,702.0,2026-02-26
SHOP_001,C0160,T06505,545.0,2026-02-26
SHOP_001,C0258,T06506,465.0,2026-02-26
SHOP_001,C0139,T06507,241.0,2026-02-26
SHOP_001,C0197,T06508,411.0,2026-02-26
SHOP_001,C0386,T06509,843.0,2026-02-26
SHOP_001,C0435,T06510,955.0,2026-02-26
SHOP_001,C0513,T06511,613.0,2026-02-26
SHOP_001,C0771,T06512,549.0,2026-02-26
SHOP_001,C0106,T06513,467.0,2026-02-26
SHOP_001,C0176,T06514,813.0,2026-02-26
SHOP_001,C0033,T06515,679.0,2026-02-26
SHOP_001,C0805,T06516,426.0,2026-02-26
SHOP_001,C0388,T06517,736.0,2026-02-27
SHOP_001,C0077,T06518,482.0,2026-02-27
SHOP_001,C0995,T06519,482.0,2026-02-27
SHOP_001,C0493,T06520,776.0,2026-02-27
SHOP_001,C0084,T06521,502.0,2026-02-27
SHOP_001,C0097,T06522,877.0,2026-02-27
SHOP_001,C0242,T06523,946.0,2026-02-27
SHOP_001,C0477,T06524,582.0,2026-02-27
SHOP_001,C0425,T06525,537.0,2026-02-27
SHOP_001,C0855,T06526,416.0,2026-02-27
SHOP_001,C0760,T06527,848.0,2026-02-27
SHOP_001,C0716,T06528,609.0,2026-02-27
SHOP_001,C0424,T06529,508.0,2026-02-27
SHOP_001,C0602,T06530,542.0,2026-02-27
SHOP_001,C0353,T06531,964.0,2026-02-27
SHOP_001,C0900,T06532,408.0,2026-02-27
SHOP_001,C0424,T06533,670.0,2026-02-27
SHOP_001,C0115,T06534,732.0,2026-02-27
SHOP_001,C0435,T06535,747.0,2026-02-28
SHOP_001,C0501,T06536,719.0,2026-02-28
SHOP_001,C0966,T06537,625.0,2026-02-28
SHOP_001,C0900,T06538,490.0,2026-02-28
SHOP_001,C0968,T06539,392.0,2026-02-28
SHOP_001,C0625,T06540,596.0,2026-02-28
SHOP_001,C0325,T06541,477.0,2026-02-28
SHOP_001,C0768,T06542,622.0,2026-02-28
SHOP_001,C0288,T06543,789.0,2026-02-28
SHOP_001,C0144,T06544,1010.0,2026-02-28
SHOP_001,C0080,T06545,1403.0,2026-02-28
SHOP_001,C0725,T06546,298.0,2026-02-28
SHOP_001,C0277,T06547,829.0,2026-02-28
SHOP_001,C0945,T06548,441.0,2026-02-28
SHOP_001,C0787,T06549,385.0,2026-02-28
SHOP_001,C0424,T06550,556.0,2026-02-28
SHOP_001,C0123,T06551,379.0,2026-02-28
SHOP_001,C0054,T06552,786.0,2026-02-28
SHOP_001,C0412,T06553,831.0,2026-02-28
SHOP_001,C0180,T06554,623.0,2026-02-28
SHOP_001,C0398,T06555,525.0,2026-02-28
SHOP_001,C0769,T06556,581.0,2026-02-28
SHOP_001,C0422,T06557,1052.0,2026-02-28
SHOP_001,C0547,T06558,697.0,2026-02-28
SHOP_001,C0174,T06559,948.0,2026-02-28
SHOP_001,C0943,T06560,444.0,2026-02-28
SHOP_001,C0129,T06561,677.0,2026-02-28
SHOP_001,C0628,T06562,1156.0,2026-02-28
SHOP_001,C0030,T06563,524.0,2026-02-28
SHOP_001,C0672,T06564,801.0,2026-02-28
SHOP_001,C0723,T06565,627.0,2026-02-28
SHOP_001,C0066,T06566,753.0,2026-02-28
SHOP_001,C0281,T06567,344.0,2026-02-28
SHOP_001,C0901,T06568,377.0,2026-02-28
SHOP_001,C0460,T06569,299.0,2026-02-28
SHOP_001,C0623,T06570,625.0,2026-02-28
SHOP_001,C0254,T06571,303.0,2026-02-28
SHOP_001,C0411,T06572,673.0,2026-03-01
SHOP_001,C0703,T06573,769.0,2026-03-01
SHOP_001,C0208,T06574,443.0,2026-03-01
SHOP_001,C0011,T06575,549.0,2026-03-01
SHOP_001,C0762,T06576,637.0,2026-03-01
SHOP_001,C0493,T06577,386.0,2026-03-01
SHOP_001,C0307,T06578,750.0,2026-03-01
SHOP_001,C0490,T06579,555.0,2026-03-01
SHOP_001,C0066,T06580,471.0,2026-03-01
SHOP_001,C0610,T06581,860.0,2026-03-01
SHOP_001,C0136,T06582,730.0,2026-03-01
SHOP_001,C0933,T06583,273.0,2026-03-01
SHOP_001,C0849,T06584,428.0,2026-03-01
SHOP_001,C0687,T06585,499.0,2026-03-01
SHOP_001,C0866,T06586,628.0,2026-03-01
SHOP_001,C0195,T06587,582.0,2026-03-01
SHOP_001,C0352,T06588,465.0,2026-03-01
SHOP_001,C0705,T06589,431.0,2026-03-01
SHOP_001,C0426,T06590,559.0,2026-03-01
SHOP_001,C0855,T06591,397.0,2026-03-01
SHOP_001,C0844,T06592,730.0,2026-03-01
SHOP_001,C0323,T06593,603.0,2026-03-01
SHOP_001,C0783,T06594,540.0,2026-03-01
SHOP_001,C0174,T06595,1033.0,2026-03-01
SHOP_001,C0409,T06596,364.0,2026-03-01
SHOP_001,C0353,T06597,963.0,2026-03-01
SHOP_001,C0105,T06598,625.0,2026-03-01
SHOP_001,C0105,T06599,610.0,2026-03-02
SHOP_001,C0227,T06600,668.0,2026-03-02
SHOP_001,C0143,T06601,357.0,2026-03-02
SHOP_001,C0771,T06602,491.0,2026-03-02
SHOP_001,C0492,T06603,566.0,2026-03-02
SHOP_001,C0973,T06604,471.0,2026-03-02
SHOP_001,C0163,T06605,685.0,2026-03-02
SHOP_001,C0432,T06606,706.0,2026-03-02
SHOP_001,C0555,T06607,356.0,2026-03-02
SHOP_001,C0459,T06608,878.0,2026-03-02
SHOP_001,C0028,T06609,597.0,2026-03-02
SHOP_001,C0583,T06610,454.0,2026-03-02
SHOP_001,C0509,T06611,518.0,2026-03-02
SHOP_001,C0091,T06612,329.0,2026-03-02
SHOP_001,C0780,T06613,483.0,2026-03-02
SHOP_001,C0678,T06614,337.0,2026-03-02
SHOP_001,C0781,T06615,450.0,2026-03-03
SHOP_001,C0550,T06616,476.0,2026-03-03
SHOP_001,C0867,T06617,405.0,2026-03-03
SHOP_001,C0498,T06618,777.0,2026-03-03
SHOP_001,C0618,T06619,221.0,2026-03-03
SHOP_001,C0392,T06620,453.0,2026-03-03
SHOP_001,C0201,T06621,1185.0,2026-03-03
SHOP_001,C0677,T06622,597.0,2026-03-03
SHOP_001,C0406,T06623,563.0,2026-03-03
SHOP_001,C0943,T06624,412.0,2026-03-03
SHOP_001,C0807,T06625,303.0,2026-03-03
SHOP_001,C0718,T06626,379.0,2026-03-03
SHOP_001,C0525,T06627,700.0,2026-03-03
SHOP_001,C0475,T06628,408.0,2026-03-03
SHOP_001,C0496,T06629,469.0,2026-03-04
SHOP_001,C0181,T06630,585.0,2026-03-04
SHOP_001,C0220,T06631,261.0,2026-03-04
SHOP_001,C0962,T06632,609.0,2026-03-04
SHOP_001,C0635,T06633,416.0,2026-03-04
SHOP_001,C0525,T06634,717.0,2026-03-04
SHOP_001,C0517,T06635,444.0,2026-03-04
SHOP_001,C0595,T06636,1219.0,2026-03-04
SHOP_001,C0928,T06637,653.0,2026-03-04
SHOP_001,C0671,T06638,1460.0,2026-03-04
SHOP_001,C0800,T06639,431.0,2026-03-04
SHOP_001,C0677,T06640,590.0,2026-03-04
SHOP_001,C0626,T06641,606.0,2026-03-04
SHOP_001,C0719,T06642,552.0,2026-03-04
SHOP_001,C0024,T06643,264.0,2026-03-04
SHOP_001,C0630,T06644,816.0,2026-03-04
SHOP_001,C0710,T06645,1049.0,2026-03-04
SHOP_001,C0477,T06646,252.0,2026-03-04
SHOP_001,C0446,T06647,373.0,2026-03-04
SHOP_001,C0396,T06648,372.0,2026-03-04
SHOP_001,C0711,T06649,542.0,2026-03-04
SHOP_001,C0768,T06650,630.0,2026-03-04
SHOP_001,C0852,T06651,426.0,2026-03-04
SHOP_001,C0237,T06652,655.0,2026-03-04
SHOP_001,C0369,T06653,607.0,2026-03-04
SHOP_001,C0049,T06654,522.0,2026-03-05
SHOP_001,C0711,T06655,238.0,2026-03-05
SHOP_001,C0842,T06656,332.0,2026-03-05
SHOP_001,C0339,T06657,438.0,2026-03-05
SHOP_001,C0027,T06658,516.0,2026-03-05
SHOP_001,C0862,T06659,358.0,2026-03-05
SHOP_001,C0080,T06660,1021.0,2026-03-05
SHOP_001,C0339,T06661,402.0,2026-03-05
SHOP_001,C0997,T06662,893.0,2026-03-05
SHOP_001,C0805,T06663,344.0,2026-03-05
SHOP_001,C0882,T06664,309.0,2026-03-05
SHOP_001,C0694,T06665,1014.0,2026-03-05
SHOP_001,C0308,T06666,605.0,2026-03-05
SHOP_001,C0338,T06667,330.0,2026-03-05
SHOP_001,C0402,T06668,481.0,2026-03-05
SHOP_001,C0111,T06669,324.0,2026-03-05
SHOP_001,C0661,T06670,544.0,2026-03-05
SHOP_001,C0791,T06671,751.0,2026-03-05
SHOP_001,C0732,T06672,483.0,2026-03-05
SHOP_001,C0767,T06673,375.0,2026-03-05
SHOP_001,C0325,T06674,370.0,2026-03-05
SHOP_001,C0112,T06675,817.0,2026-03-05
SHOP_001,C0694,T06676,531.0,2026-03-05
SHOP_001,C0967,T06677,450.0,2026-03-06
SHOP_001,C0463,T06678,910.0,2026-03-06
SHOP_001,C0109,T06679,383.0,2026-03-06
SHOP_001,C0494,T06680,465.0,2026-03-06
SHOP_001,C0966,T06681,719.0,2026-03-06
SHOP_001,C0236,T06682,867.0,2026-03-06
SHOP_001,C0535,T06683,573.0,2026-03-06
SHOP_001,C0753,T06684,1277.0,2026-03-06
SHOP_001,C0586,T06685,604.0,2026-03-06
SHOP_001,C0490,T06686,438.0,2026-03-06
SHOP_001,C0852,T06687,501.0,2026-03-06
SHOP_001,C0295,T06688,338.0,2026-03-06
SHOP_001,C0336,T06689,709.0,2026-03-06
SHOP_001,C0630,T06690,525.0,2026-03-06
SHOP_001,C0753,T06691,601.0,2026-03-06
SHOP_001,C0198,T06692,378.0,2026-03-06
SHOP_001,C0119,T06693,491.0,2026-03-06
SHOP_001,C0288,T06694,739.0,2026-03-06
SHOP_001,C0710,T06695,1123.0,2026-03-06
SHOP_001,C0087,T06696,533.0,2026-03-06
SHOP_001,C0754,T06697,729.0,2026-03-06
SHOP_001,C0761,T06698,570.0,2026-03-06
SHOP_001,C0112,T06699,589.0,2026-03-06
SHOP_001,C0989,T06700,387.0,2026-03-06
SHOP_001,C0671,T06701,456.0,2026-03-06
SHOP_001,C0406,T06702,937.0,2026-03-06
SHOP_001,C0435,T06703,585.0,2026-03-06
SHOP_001,C0370,T06704,590.0,2026-03-06
SHOP_001,C0320,T06705,656.0,2026-03-07
SHOP_001,C0129,T06706,395.0,2026-03-07
SHOP_001,C0071,T06707,808.0,2026-03-07
SHOP_001,C0397,T06708,546.0,2026-03-07
SHOP_001,C0839,T06709,1423.0,2026-03-07
SHOP_001,C0105,T06710,591.0,2026-03-07
SHOP_001,C0080,T06711,1428.0,2026-03-07
SHOP_001,C0979,T06712,708.0,2026-03-07
SHOP_001,C0469,T06713,289.0,2026-03-07
SHOP_001,C0216,T06714,656.0,2026-03-07
SHOP_001,C0763,T06715,644.0,2026-03-07
SHOP_001,C0967,T06716,463.0,2026-03-07
SHOP_001,C0528,T06717,447.0,2026-03-07
SHOP_001,C0956,T06718,474.0,2026-03-07
SHOP_001,C0677,T06719,1310.0,2026-03-07
SHOP_001,C0690,T06720,720.0,2026-03-07
SHOP_001,C0714,T06721,419.0,2026-03-07
SHOP_001,C0557,T06722,458.0,2026-03-07
SHOP_001,C0525,T06723,666.0,2026-03-07
SHOP_001,C0433,T06724,638.0,2026-03-07
SHOP_001,C0476,T06725,542.0,2026-03-07
SHOP_001,C0288,T06726,611.0,2026-03-07
SHOP_001,C0721,T06727,639.0,2026-03-07
SHOP_001,C0864,T06728,329.0,2026-03-07
SHOP_001,C0580,T06729,714.0,2026-03-07
SHOP_001,C0353,T06730,407.0,2026-03-07
SHOP_001,C0657,T06731,815.0,2026-03-07
SHOP_001,C0769,T06732,741.0,2026-03-08
SHOP_001,C0987,T06733,488.0,2026-03-08
SHOP_001,C0672,T06734,867.0,2026-03-08
SHOP_001,C0479,T06735,525.0,2026-03-08
SHOP_001,C0019,T06736,334.0,2026-03-08
SHOP_001,C0406,T06737,687.0,2026-03-08
SHOP_001,C0013,T06738,544.0,2026-03-08
SHOP_001,C0885,T06739,549.0,2026-03-08
SHOP_001,C0710,T06740,938.0,2026-03-08
SHOP_001,C0334,T06741,919.0,2026-03-08
SHOP_001,C0073,T06742,517.0,2026-03-08
SHOP_001,C0114,T06743,509.0,2026-03-08
SHOP_001,C0815,T06744,476.0,2026-03-08
SHOP_001,C0263,T06745,668.0,2026-03-08
SHOP_001,C0415,T06746,387.0,2026-03-08
SHOP_001,C0384,T06747,653.0,2026-03-08
SHOP_001,C0254,T06748,591.0,2026-03-08
SHOP_001,C0477,T06749,532.0,2026-03-08
SHOP_001,C0142,T06750,408.0,2026-03-08
SHOP_001,C0928,T06751,738.0,2026-03-08
SHOP_001,C0901,T06752,524.0,2026-03-08
SHOP_001,C0719,T06753,431.0,2026-03-08
SHOP_001,C0451,T06754,262.0,2026-03-08
SHOP_001,C0478,T06755,441.0,2026-03-08
SHOP_001,C0338,T06756,564.0,2026-03-08
SHOP_001,C0176,T06757,823.0,2026-03-08
SHOP_001,C0014,T06758,941.0,2026-03-08
SHOP_001,C0744,T06759,601.0,2026-03-08
SHOP_001,C0373,T06760,834.0,2026-03-08
SHOP_001,C0961,T06761,653.0,2026-03-08
SHOP_001,C0162,T06762,381.0,2026-03-08
SHOP_001,C0649,T06763,493.0,2026-03-08
SHOP_001,C0745,T06764,353.0,2026-03-08
SHOP_001,C0377,T06765,611.0,2026-03-09
SHOP_001,C0968,T06766,407.0,2026-03-09
SHOP_001,C0753,T06767,645.0,2026-03-09
SHOP_001,C0780,T06768,674.0,2026-03-09
SHOP_001,C0528,T06769,388.0,2026-03-09
SHOP_001,C0293,T06770,469.0,2026-03-09
SHOP_001,C0090,T06771,525.0,2026-03-09
SHOP_001,C0157,T06772,271.0,2026-03-09
SHOP_001,C0657,T06773,773.0,2026-03-09
SHOP_001,C0087,T06774,204.0,2026-03-09
SHOP_001,C0847,T06775,456.0,2026-03-09
SHOP_001,C0577,T06776,481.0,2026-03-09
SHOP_001,C0661,T06777,812.0,2026-03-09
SHOP_001,C0088,T06778,888.0,2026-03-09
SHOP_001,C0996,T06779,549.0,2026-03-09
SHOP_001,C0916,T06780,411.0,2026-03-09
SHOP_001,C0937,T06781,579.0,2026-03-09
SHOP_001,C0327,T06782,684.0,2026-03-09
SHOP_001,C0990,T06783,746.0,2026-03-09
SHOP_001,C0613,T06784,326.0,2026-03-09
SHOP_001,C0537,T06785,1007.0,2026-03-09
SHOP_001,C0029,T06786,358.0,2026-03-10
SHOP_001,C0036,T06787,463.0,2026-03-10
SHOP_001,C0951,T06788,872.0,2026-03-10
SHOP_001,C0529,T06789,546.0,2026-03-10
SHOP_001,C0768,T06790,704.0,2026-03-10
SHOP_001,C0525,T06791,421.0,2026-03-10
SHOP_001,C0721,T06792,392.0,2026-03-10
SHOP_001,C0216,T06793,305.0,2026-03-10
SHOP_001,C0486,T06794,604.0,2026-03-10
SHOP_001,C0277,T06795,761.0,2026-03-10
SHOP_001,C0625,T06796,693.0,2026-03-10
SHOP_001,C0088,T06797,647.0,2026-03-10
SHOP_001,C0787,T06798,516.0,2026-03-10
SHOP_001,C0622,T06799,582.0,2026-03-10
SHOP_001,C0985,T06800,385.0,2026-03-10
SHOP_001,C0254,T06801,425.0,2026-03-10
SHOP_001,C0718,T06802,315.0,2026-03-10
SHOP_001,C0948,T06803,859.0,2026-03-10
SHOP_001,C0438,T06804,495.0,2026-03-10
SHOP_001,C0691,T06805,399.0,2026-03-10
SHOP_001,C0427,T06806,836.0,2026-03-10
SHOP_001,C0927,T06807,553.0,2026-03-10
SHOP_001,C0325,T06808,416.0,2026-03-11
SHOP_001,C0943,T06809,509.0,2026-03-11
SHOP_001,C0705,T06810,671.0,2026-03-11
SHOP_001,C0432,T06811,416.0,2026-03-11
SHOP_001,C0649,T06812,388.0,2026-03-11
SHOP_001,C0850,T06813,474.0,2026-03-11
SHOP_001,C0723,T06814,360.0,2026-03-11
SHOP_001,C0550,T06815,620.0,2026-03-11
SHOP_001,C0352,T06816,416.0,2026-03-11
SHOP_001,C0805,T06817,364.0,2026-03-11
SHOP_001,C0396,T06818,398.0,2026-03-11
SHOP_001,C0967,T06819,392.0,2026-03-11
SHOP_001,C0919,T06820,365.0,2026-03-11
SHOP_001,C0282,T06821,343.0,2026-03-11
SHOP_001,C0714,T06822,580.0,2026-03-11
SHOP_001,C0721,T06823,391.0,2026-03-11
SHOP_001,C0864,T06824,263.0,2026-03-11
SHOP_001,C0106,T06825,467.0,2026-03-11
SHOP_001,C0918,T06826,808.0,2026-03-11
SHOP_001,C0432,T06827,301.0,2026-03-11
SHOP_001,C0248,T06828,331.0,2026-03-11
SHOP_001,C0080,T06829,471.0,2026-03-11
SHOP_001,C0625,T06830,551.0,2026-03-11
SHOP_001,C0849,T06831,913.0,2026-03-11
SHOP_001,C0919,T06832,598.0,2026-03-11
SHOP_001,C0685,T06833,477.0,2026-03-11
SHOP_001,C0849,T06834,613.0,2026-03-11
SHOP_001,C0414,T06835,283.0,2026-03-11
SHOP_001,C0791,T06836,722.0,2026-03-12
SHOP_001,C0647,T06837,583.0,2026-03-12
SHOP_001,C0493,T06838,336.0,2026-03-12
SHOP_001,C0771,T06839,605.0,2026-03-12
SHOP_001,C0448,T06840,525.0,2026-03-12
SHOP_001,C0958,T06841,459.0,2026-03-12
SHOP_001,C0693,T06842,618.0,2026-03-12
SHOP_001,C0757,T06843,942.0,2026-03-12
SHOP_001,C0630,T06844,605.0,2026-03-12
SHOP_001,C0396,T06845,358.0,2026-03-12
SHOP_001,C0453,T06846,711.0,2026-03-12
SHOP_001,C0166,T06847,863.0,2026-03-12
SHOP_001,C0805,T06848,375.0,2026-03-12
SHOP_001,C0771,T06849,530.0,2026-03-12
SHOP_001,C0707,T06850,557.0,2026-03-12
SHOP_001,C0615,T06851,505.0,2026-03-12
SHOP_001,C0931,T06852,374.0,2026-03-12
SHOP_001,C0049,T06853,931.0,2026-03-12
SHOP_001,C0200,T06854,288.0,2026-03-12
SHOP_001,C0202,T06855,446.0,2026-03-12
SHOP_001,C0471,T06856,317.0,2026-03-12
SHOP_001,C0475,T06857,394.0,2026-03-12
SHOP_001,C0130,T06858,408.0,2026-03-12
SHOP_001,C0271,T06859,404.0,2026-03-12
SHOP_001,C0651,T06860,353.0,2026-03-12
SHOP_001,C0089,T06861,561.0,2026-03-12
SHOP_001,C0621,T06862,447.0,2026-03-12
SHOP_001,C0610,T06863,950.0,2026-03-12
SHOP_001,C0679,T06864,479.0,2026-03-13
SHOP_001,C0420,T06865,922.0,2026-03-13
SHOP_001,C0414,T06866,381.0,2026-03-13
SHOP_001,C0396,T06867,774.0,2026-03-13
SHOP_001,C0950,T06868,664.0,2026-03-13
SHOP_001,C0613,T06869,578.0,2026-03-13
SHOP_001,C0584,T06870,591.0,2026-03-13
SHOP_001,C0854,T06871,454.0,2026-03-13
SHOP_001,C0879,T06872,1472.0,2026-03-13
SHOP_001,C0939,T06873,932.0,2026-03-13
SHOP_001,C0838,T06874,782.0,2026-03-13
SHOP_001,C0793,T06875,596.0,2026-03-13
SHOP_001,C0685,T06876,417.0,2026-03-13
SHOP_001,C0852,T06877,482.0,2026-03-13
SHOP_001,C0325,T06878,405.0,2026-03-13
SHOP_001,C0940,T06879,449.0,2026-03-13
SHOP_001,C0407,T06880,667.0,2026-03-13
SHOP_001,C0872,T06881,637.0,2026-03-14
SHOP_001,C0440,T06882,602.0,2026-03-14
SHOP_001,C0587,T06883,566.0,2026-03-14
SHOP_001,C0116,T06884,408.0,2026-03-14
SHOP_001,C0583,T06885,429.0,2026-03-14
SHOP_001,C0426,T06886,297.0,2026-03-14
SHOP_001,C0818,T06887,285.0,2026-03-14
SHOP_001,C0492,T06888,664.0,2026-03-14
SHOP_001,C0349,T06889,688.0,2026-03-14
SHOP_001,C0345,T06890,754.0,2026-03-14
SHOP_001,C0950,T06891,1155.0,2026-03-14
SHOP_001,C0124,T06892,359.0,2026-03-14
SHOP_001,C0522,T06893,1076.0,2026-03-14
SHOP_001,C0903,T06894,541.0,2026-03-14
SHOP_001,C0707,T06895,478.0,2026-03-14
SHOP_001,C0421,T06896,408.0,2026-03-14
SHOP_001,C0625,T06897,1086.0,2026-03-14
SHOP_001,C0174,T06898,642.0,2026-03-14
SHOP_001,C0791,T06899,367.0,2026-03-15
SHOP_001,C0661,T06900,817.0,2026-03-15
SHOP_001,C0791,T06901,490.0,2026-03-15
SHOP_001,C0352,T06902,659.0,2026-03-15
SHOP_001,C0961,T06903,366.0,2026-03-15
SHOP_001,C0524,T06904,469.0,2026-03-15
SHOP_001,C0809,T06905,440.0,2026-03-15
SHOP_001,C0079,T06906,696.0,2026-03-15
SHOP_001,C0380,T06907,478.0,2026-03-15
SHOP_001,C0357,T06908,1121.0,2026-03-15
SHOP_001,C0144,T06909,525.0,2026-03-15
SHOP_001,C0144,T06910,560.0,2026-03-15
SHOP_001,C0723,T06911,434.0,2026-03-15
SHOP_001,C0495,T06912,819.0,2026-03-15
SHOP_001,C0734,T06913,531.0,2026-03-15
SHOP_001,C0723,T06914,394.0,2026-03-15
SHOP_001,C0882,T06915,484.0,2026-03-15
SHOP_001,C0490,T06916,564.0,2026-03-15
SHOP_001,C0091,T06917,728.0,2026-03-15
SHOP_001,C0987,T06918,600.0,2026-03-15
SHOP_001,C0247,T06919,719.0,2026-03-15
SHOP_001,C0524,T06920,784.0,2026-03-15
SHOP_001,C0940,T06921,291.0,2026-03-15
SHOP_001,C0862,T06922,397.0,2026-03-15
SHOP_001,C0678,T06923,230.0,2026-03-15
SHOP_001,C0498,T06924,600.0,2026-03-15
SHOP_001,C0150,T06925,370.0,2026-03-15
SHOP_001,C0732,T06926,591.0,2026-03-15
SHOP_001,C0771,T06927,681.0,2026-03-15
SHOP_001,C0432,T06928,547.0,2026-03-15
SHOP_001,C0258,T06929,1015.0,2026-03-15
SHOP_001,C0286,T06930,399.0,2026-03-15
SHOP_001,C0803,T06931,286.0,2026-03-16
SHOP_001,C0030,T06932,295.0,2026-03-16
SHOP_001,C0919,T06933,784.0,2026-03-16
SHOP_001,C0141,T06934,902.0,2026-03-16
SHOP_001,C0099,T06935,673.0,2026-03-16
SHOP_001,C0584,T06936,498.0,2026-03-16
SHOP_001,C0928,T06937,610.0,2026-03-16
SHOP_001,C0723,T06938,241.0,2026-03-16
SHOP_001,C0353,T06939,426.0,2026-03-16
SHOP_001,C0574,T06940,503.0,2026-03-16
SHOP_001,C0407,T06941,370.0,2026-03-16
SHOP_001,C0838,T06942,1097.0,2026-03-16
SHOP_001,C0754,T06943,923.0,2026-03-16
SHOP_001,C0789,T06944,922.0,2026-03-16
SHOP_001,C0693,T06945,482.0,2026-03-16
SHOP_001,C0660,T06946,388.0,2026-03-16
SHOP_001,C0346,T06947,399.0,2026-03-16
SHOP_001,C0027,T06948,450.0,2026-03-16
SHOP_001,C0854,T06949,413.0,2026-03-16
SHOP_001,C0218,T06950,421.0,2026-03-16
SHOP_001,C0478,T06951,260.0,2026-03-16
SHOP_001,C0475,T06952,403.0,2026-03-16
SHOP_001,C0769,T06953,766.0,2026-03-16
SHOP_001,C0294,T06954,349.0,2026-03-16
SHOP_001,C0022,T06955,546.0,2026-03-16
SHOP_001,C0121,T06956,549.0,2026-03-16
SHOP_001,C0929,T06957,624.0,2026-03-16
SHOP_001,C0772,T06958,676.0,2026-03-16
SHOP_001,C0667,T06959,370.0,2026-03-17
SHOP_001,C0930,T06960,573.0,2026-03-17
SHOP_001,C0658,T06961,822.0,2026-03-17
SHOP_001,C0370,T06962,409.0,2026-03-17
SHOP_001,C0940,T06963,513.0,2026-03-17
SHOP_001,C0943,T06964,553.0,2026-03-17
SHOP_001,C0358,T06965,1157.0,2026-03-17
SHOP_001,C0509,T06966,683.0,2026-03-17
SHOP_001,C0601,T06967,306.0,2026-03-17
SHOP_001,C0325,T06968,371.0,2026-03-17
SHOP_001,C0144,T06969,528.0,2026-03-17
SHOP_001,C0402,T06970,350.0,2026-03-17
SHOP_001,C0263,T06971,478.0,2026-03-17
SHOP_001,C0446,T06972,472.0,2026-03-17
SHOP_001,C0066,T06973,416.0,2026-03-17
SHOP_001,C0015,T06974,805.0,2026-03-17
SHOP_001,C0648,T06975,725.0,2026-03-17
SHOP_001,C0180,T06976,377.0,2026-03-17
SHOP_001,C0451,T06977,408.0,2026-03-17
SHOP_001,C0329,T06978,215.0,2026-03-18
SHOP_001,C0091,T06979,420.0,2026-03-18
SHOP_001,C0458,T06980,565.0,2026-03-18
SHOP_001,C0097,T06981,596.0,2026-03-18
SHOP_001,C0172,T06982,577.0,2026-03-18
SHOP_001,C0762,T06983,657.0,2026-03-18
SHOP_001,C0975,T06984,528.0,2026-03-18
SHOP_001,C0681,T06985,262.0,2026-03-18
SHOP_001,C0658,T06986,793.0,2026-03-18
SHOP_001,C0174,T06987,1239.0,2026-03-18
SHOP_001,C0625,T06988,666.0,2026-03-18
SHOP_001,C0710,T06989,534.0,2026-03-18
SHOP_001,C0935,T06990,392.0,2026-03-18
SHOP_001,C0708,T06991,341.0,2026-03-18
SHOP_001,C0135,T06992,391.0,2026-03-18
SHOP_001,C0311,T06993,351.0,2026-03-18
SHOP_001,C0233,T06994,514.0,2026-03-18
SHOP_001,C0854,T06995,733.0,2026-03-18
SHOP_001,C0744,T06996,916.0,2026-03-18
SHOP_001,C0741,T06997,366.0,2026-03-18
SHOP_001,C0976,T06998,530.0,2026-03-18
SHOP_001,C0987,T06999,414.0,2026-03-18
SHOP_001,C0793,T07000,354.0,2026-03-18
SHOP_001,C0202,T07001,826.0,2026-03-18
SHOP_001,C0928,T07002,341.0,2026-03-19
SHOP_001,C0580,T07003,545.0,2026-03-19
SHOP_001,C0768,T07004,333.0,2026-03-19
SHOP_001,C0691,T07005,305.0,2026-03-19
SHOP_001,C0499,T07006,502.0,2026-03-19
SHOP_001,C0558,T07007,799.0,2026-03-19
SHOP_001,C0356,T07008,626.0,2026-03-19
SHOP_001,C0702,T07009,398.0,2026-03-19
SHOP_001,C0540,T07010,458.0,2026-03-19
SHOP_001,C0966,T07011,626.0,2026-03-19
SHOP_001,C0338,T07012,495.0,2026-03-19
SHOP_001,C0028,T07013,648.0,2026-03-19
SHOP_001,C0783,T07014,670.0,2026-03-19
SHOP_001,C0409,T07015,379.0,2026-03-19
SHOP_001,C0668,T07016,674.0,2026-03-19
SHOP_001,C0477,T07017,469.0,2026-03-19
SHOP_001,C0466,T07018,516.0,2026-03-19
SHOP_001,C0373,T07019,599.0,2026-03-19
SHOP_001,C0697,T07020,368.0,2026-03-19
SHOP_001,C0087,T07021,730.0,2026-03-20
SHOP_001,C0961,T07022,562.0,2026-03-20
SHOP_001,C0809,T07023,465.0,2026-03-20
SHOP_001,C0805,T07024,533.0,2026-03-20
SHOP_001,C0805,T07025,278.0,2026-03-20
SHOP_001,C0355,T07026,530.0,2026-03-20
SHOP_001,C0435,T07027,1060.0,2026-03-20
SHOP_001,C0283,T07028,625.0,2026-03-20
SHOP_001,C0153,T07029,604.0,2026-03-20
SHOP_001,C0731,T07030,486.0,2026-03-20
SHOP_001,C0856,T07031,894.0,2026-03-20
SHOP_001,C0518,T07032,993.0,2026-03-20
SHOP_001,C0570,T07033,705.0,2026-03-20
SHOP_001,C0648,T07034,284.0,2026-03-20
SHOP_001,C0188,T07035,679.0,2026-03-20
SHOP_001,C0318,T07036,546.0,2026-03-20
SHOP_001,C0944,T07037,372.0,2026-03-20
SHOP_001,C0464,T07038,399.0,2026-03-20
SHOP_001,C0732,T07039,563.0,2026-03-20
SHOP_001,C0570,T07040,1857.0,2026-03-20
SHOP_001,C0967,T07041,639.0,2026-03-20
SHOP_001,C0139,T07042,230.0,2026-03-20
SHOP_001,C0202,T07043,623.0,2026-03-20
SHOP_001,C0873,T07044,874.0,2026-03-20
SHOP_001,C0211,T07045,254.0,2026-03-20
SHOP_001,C0593,T07046,444.0,2026-03-20
SHOP_001,C0133,T07047,771.0,2026-03-20
SHOP_001,C0862,T07048,598.0,2026-03-20
SHOP_001,C0847,T07049,316.0,2026-03-20
SHOP_001,C0716,T07050,349.0,2026-03-20
SHOP_001,C0769,T07051,629.0,2026-03-20
SHOP_001,C0744,T07052,534.0,2026-03-20
SHOP_001,C0900,T07053,1031.0,2026-03-20
SHOP_001,C0304,T07054,324.0,2026-03-20
SHOP_001,C0500,T07055,784.0,2026-03-20
SHOP_001,C0808,T07056,258.0,2026-03-21
SHOP_001,C0097,T07057,667.0,2026-03-21
SHOP_001,C0294,T07058,525.0,2026-03-21
SHOP_001,C0039,T07059,583.0,2026-03-21
SHOP_001,C0478,T07060,788.0,2026-03-21
SHOP_001,C0174,T07061,676.0,2026-03-21
SHOP_001,C0743,T07062,318.0,2026-03-21
SHOP_001,C0288,T07063,829.0,2026-03-21
SHOP_001,C0375,T07064,429.0,2026-03-21
SHOP_001,C0305,T07065,566.0,2026-03-21
SHOP_001,C0979,T07066,659.0,2026-03-21
SHOP_001,C0685,T07067,452.0,2026-03-21
SHOP_001,C0233,T07068,559.0,2026-03-21
SHOP_001,C0900,T07069,355.0,2026-03-21
SHOP_001,C0966,T07070,700.0,2026-03-21
SHOP_001,C0448,T07071,475.0,2026-03-21
SHOP_001,C0230,T07072,499.0,2026-03-21
SHOP_001,C0479,T07073,550.0,2026-03-21
SHOP_001,C0951,T07074,977.0,2026-03-21
SHOP_001,C0692,T07075,611.0,2026-03-21
SHOP_001,C0855,T07076,363.0,2026-03-21
SHOP_001,C0205,T07077,486.0,2026-03-21
SHOP_001,C0667,T07078,402.0,2026-03-21
SHOP_001,C0781,T07079,559.0,2026-03-21
SHOP_001,C0370,T07080,570.0,2026-03-21
SHOP_001,C0993,T07081,790.0,2026-03-21
SHOP_001,C0924,T07082,324.0,2026-03-21
SHOP_001,C0416,T07083,371.0,2026-03-21
SHOP_001,C0427,T07084,1303.0,2026-03-21
SHOP_001,C0707,T07085,672.0,2026-03-21
SHOP_001,C0967,T07086,270.0,2026-03-21
SHOP_001,C0711,T07087,663.0,2026-03-22
SHOP_001,C0990,T07088,540.0,2026-03-22
SHOP_001,C0327,T07089,592.0,2026-03-22
SHOP_001,C0436,T07090,680.0,2026-03-22
SHOP_001,C0966,T07091,801.0,2026-03-22
SHOP_001,C0078,T07092,574.0,2026-03-22
SHOP_001,C0529,T07093,1106.0,2026-03-22
SHOP_001,C0609,T07094,512.0,2026-03-22
SHOP_001,C0831,T07095,756.0,2026-03-22
SHOP_001,C0451,T07096,429.0,2026-03-22
SHOP_001,C0694,T07097,914.0,2026-03-22
SHOP_001,C0918,T07098,340.0,2026-03-22
SHOP_001,C0451,T07099,437.0,2026-03-22
SHOP_001,C0322,T07100,448.0,2026-03-22
SHOP_001,C0456,T07101,565.0,2026-03-22
SHOP_001,C0097,T07102,958.0,2026-03-22
SHOP_001,C0901,T07103,465.0,2026-03-22
SHOP_001,C0105,T07104,719.0,2026-03-22
SHOP_001,C0407,T07105,558.0,2026-03-22
SHOP_001,C0823,T07106,627.0,2026-03-22
SHOP_001,C0772,T07107,386.0,2026-03-22
SHOP_001,C0188,T07108,790.0,2026-03-22
SHOP_001,C0803,T07109,465.0,2026-03-22
SHOP_001,C0202,T07110,663.0,2026-03-22
SHOP_001,C0753,T07111,694.0,2026-03-22
SHOP_001,C0144,T07112,606.0,2026-03-22
SHOP_001,C0039,T07113,574.0,2026-03-22
SHOP_001,C0867,T07114,341.0,2026-03-22
SHOP_001,C0492,T07115,702.0,2026-03-22
SHOP_001,C0967,T07116,389.0,2026-03-22
SHOP_001,C0028,T07117,681.0,2026-03-22
SHOP_001,C0258,T07118,683.0,2026-03-22
SHOP_001,C0336,T07119,410.0,2026-03-23
SHOP_001,C0648,T07120,359.0,2026-03-23
SHOP_001,C0263,T07121,443.0,2026-03-23
SHOP_001,C0626,T07122,827.0,2026-03-23
SHOP_001,C0721,T07123,392.0,2026-03-23
SHOP_001,C0600,T07124,811.0,2026-03-23
SHOP_001,C0871,T07125,505.0,2026-03-23
SHOP_001,C0211,T07126,454.0,2026-03-23
SHOP_001,C0102,T07127,404.0,2026-03-23
SHOP_001,C0299,T07128,673.0,2026-03-23
SHOP_001,C0077,T07129,703.0,2026-03-23
SHOP_001,C0339,T07130,551.0,2026-03-23
SHOP_001,C0951,T07131,926.0,2026-03-23
SHOP_001,C0031,T07132,464.0,2026-03-23
SHOP_001,C0105,T07133,484.0,2026-03-23
SHOP_001,C0539,T07134,531.0,2026-03-24
SHOP_001,C0318,T07135,298.0,2026-03-24
SHOP_001,C0703,T07136,475.0,2026-03-24
SHOP_001,C0353,T07137,479.0,2026-03-24
SHOP_001,C0771,T07138,511.0,2026-03-24
SHOP_001,C0699,T07139,305.0,2026-03-24
SHOP_001,C0741,T07140,345.0,2026-03-24
SHOP_001,C0302,T07141,812.0,2026-03-24
SHOP_001,C0249,T07142,312.0,2026-03-24
SHOP_001,C0539,T07143,951.0,2026-03-24
SHOP_001,C0848,T07144,485.0,2026-03-24
SHOP_001,C0764,T07145,511.0,2026-03-24
SHOP_001,C0263,T07146,674.0,2026-03-24
SHOP_001,C0671,T07147,777.0,2026-03-24
SHOP_001,C0660,T07148,429.0,2026-03-24
SHOP_001,C0753,T07149,603.0,2026-03-24
SHOP_001,C0705,T07150,528.0,2026-03-24
SHOP_001,C0228,T07151,934.0,2026-03-24
SHOP_001,C0503,T07152,384.0,2026-03-24
SHOP_001,C0671,T07153,493.0,2026-03-24
SHOP_001,C0931,T07154,365.0,2026-03-24
SHOP_001,C0823,T07155,433.0,2026-03-24
SHOP_001,C0795,T07156,615.0,2026-03-24
SHOP_001,C0436,T07157,448.0,2026-03-25
SHOP_001,C0123,T07158,773.0,2026-03-25
SHOP_001,C0288,T07159,491.0,2026-03-25
SHOP_001,C0025,T07160,240.0,2026-03-25
SHOP_001,C0355,T07161,572.0,2026-03-25
SHOP_001,C0266,T07162,356.0,2026-03-25
SHOP_001,C0793,T07163,541.0,2026-03-25
SHOP_001,C0670,T07164,565.0,2026-03-25
SHOP_001,C0689,T07165,440.0,2026-03-25
SHOP_001,C0345,T07166,411.0,2026-03-25
SHOP_001,C0392,T07167,338.0,2026-03-25
SHOP_001,C0433,T07168,386.0,2026-03-25
SHOP_001,C0943,T07169,475.0,2026-03-25
SHOP_001,C0844,T07170,528.0,2026-03-25
SHOP_001,C0767,T07171,363.0,2026-03-25
SHOP_001,C0901,T07172,615.0,2026-03-25
SHOP_001,C0736,T07173,676.0,2026-03-25
SHOP_001,C0196,T07174,591.0,2026-03-25
SHOP_001,C0716,T07175,519.0,2026-03-25
SHOP_001,C0754,T07176,431.0,2026-03-25
SHOP_001,C0539,T07177,514.0,2026-03-25
SHOP_001,C0304,T07178,516.0,2026-03-25
SHOP_001,C0809,T07179,663.0,2026-03-25
SHOP_001,C0289,T07180,243.0,2026-03-25
SHOP_001,C0174,T07181,281.0,2026-03-25
SHOP_001,C0918,T07182,427.0,2026-03-25
SHOP_001,C0593,T07183,238.0,2026-03-25
SHOP_001,C0901,T07184,579.0,2026-03-25
SHOP_001,C0229,T07185,794.0,2026-03-25
SHOP_001,C0197,T07186,839.0,2026-03-25
SHOP_001,C0014,T07187,1312.0,2026-03-25
SHOP_001,C0495,T07188,634.0,2026-03-25
SHOP_001,C0989,T07189,384.0,2026-03-25
SHOP_001,C0426,T07190,252.0,2026-03-25
SHOP_001,C0355,T07191,520.0,2026-03-26
SHOP_001,C0363,T07192,516.0,2026-03-26
SHOP_001,C0264,T07193,673.0,2026-03-26
SHOP_001,C0565,T07194,895.0,2026-03-26
SHOP_001,C0144,T07195,622.0,2026-03-26
SHOP_001,C0581,T07196,843.0,2026-03-26
SHOP_001,C0754,T07197,854.0,2026-03-26
SHOP_001,C0421,T07198,579.0,2026-03-26
SHOP_001,C0447,T07199,307.0,2026-03-26
SHOP_001,C0325,T07200,474.0,2026-03-26
SHOP_001,C0014,T07201,915.0,2026-03-26
SHOP_001,C0386,T07202,798.0,2026-03-26
SHOP_001,C0667,T07203,584.0,2026-03-26
SHOP_001,C0768,T07204,852.0,2026-03-26
SHOP_001,C0469,T07205,624.0,2026-03-26
SHOP_001,C0446,T07206,519.0,2026-03-26
SHOP_001,C0583,T07207,434.0,2026-03-26
SHOP_001,C0414,T07208,642.0,2026-03-26
SHOP_001,C0587,T07209,773.0,2026-03-26
SHOP_001,C0967,T07210,603.0,2026-03-26
SHOP_001,C0610,T07211,1022.0,2026-03-26
SHOP_001,C0943,T07212,733.0,2026-03-26
SHOP_001,C0818,T07213,470.0,2026-03-26
SHOP_001,C0761,T07214,461.0,2026-03-27
SHOP_001,C0626,T07215,616.0,2026-03-27
SHOP_001,C0872,T07216,682.0,2026-03-27
SHOP_001,C0898,T07217,479.0,2026-03-27
SHOP_001,C0943,T07218,633.0,2026-03-27
SHOP_001,C0707,T07219,1069.0,2026-03-27
SHOP_001,C0331,T07220,357.0,2026-03-27
SHOP_001,C0489,T07221,581.0,2026-03-27
SHOP_001,C0435,T07222,506.0,2026-03-27
SHOP_001,C0019,T07223,1526.0,2026-03-27
SHOP_001,C0142,T07224,571.0,2026-03-27
SHOP_001,C0049,T07225,461.0,2026-03-27
SHOP_001,C0084,T07226,537.0,2026-03-27
SHOP_001,C0128,T07227,355.0,2026-03-27
SHOP_001,C0197,T07228,560.0,2026-03-27
SHOP_001,C0211,T07229,455.0,2026-03-27
SHOP_001,C0250,T07230,412.0,2026-03-27
SHOP_001,C0754,T07231,652.0,2026-03-27
SHOP_001,C0685,T07232,271.0,2026-03-27
SHOP_001,C0227,T07233,822.0,2026-03-27
SHOP_001,C0835,T07234,427.0,2026-03-27
SHOP_001,C0718,T07235,443.0,2026-03-27
SHOP_001,C0997,T07236,1081.0,2026-03-27
SHOP_001,C0112,T07237,720.0,2026-03-27
SHOP_001,C0366,T07238,798.0,2026-03-27
SHOP_001,C0634,T07239,454.0,2026-03-27
SHOP_001,C0741,T07240,652.0,2026-03-27
SHOP_001,C0808,T07241,1005.0,2026-03-28
SHOP_001,C0933,T07242,414.0,2026-03-28
SHOP_001,C0307,T07243,1300.0,2026-03-28
SHOP_001,C0752,T07244,465.0,2026-03-28
SHOP_001,C0681,T07245,323.0,2026-03-28
SHOP_001,C0359,T07246,905.0,2026-03-28
SHOP_001,C0142,T07247,384.0,2026-03-28
SHOP_001,C0900,T07248,500.0,2026-03-28
SHOP_001,C0019,T07249,1314.0,2026-03-28
SHOP_001,C0339,T07250,331.0,2026-03-28
SHOP_001,C0456,T07251,318.0,2026-03-28
SHOP_001,C0808,T07252,640.0,2026-03-28
SHOP_001,C0485,T07253,727.0,2026-03-28
SHOP_001,C0353,T07254,839.0,2026-03-28
SHOP_001,C0808,T07255,478.0,2026-03-28
SHOP_001,C0389,T07256,653.0,2026-03-28
SHOP_001,C0201,T07257,910.0,2026-03-28
SHOP_001,C0463,T07258,432.0,2026-03-28
SHOP_001,C0440,T07259,384.0,2026-03-28
SHOP_001,C0677,T07260,762.0,2026-03-28
SHOP_001,C0530,T07261,557.0,2026-03-28
SHOP_001,C0960,T07262,828.0,2026-03-28
SHOP_001,C0148,T07263,552.0,2026-03-28
SHOP_001,C0739,T07264,606.0,2026-03-28
SHOP_001,C0949,T07265,597.0,2026-03-28
SHOP_001,C0838,T07266,1081.0,2026-03-28
SHOP_001,C0655,T07267,1049.0,2026-03-29
SHOP_001,C0805,T07268,555.0,2026-03-29
SHOP_001,C0708,T07269,1044.0,2026-03-29
SHOP_001,C0932,T07270,562.0,2026-03-29
SHOP_001,C0928,T07271,252.0,2026-03-29
SHOP_001,C0080,T07272,642.0,2026-03-29
SHOP_001,C0228,T07273,546.0,2026-03-29
SHOP_001,C0353,T07274,855.0,2026-03-29
SHOP_001,C0019,T07275,644.0,2026-03-29
SHOP_001,C0967,T07276,564.0,2026-03-29
SHOP_001,C0724,T07277,569.0,2026-03-29
SHOP_001,C0470,T07278,473.0,2026-03-29
SHOP_001,C0621,T07279,549.0,2026-03-29
SHOP_001,C0762,T07280,566.0,2026-03-29
SHOP_001,C0719,T07281,513.0,2026-03-29
SHOP_001,C0912,T07282,227.0,2026-03-29
SHOP_001,C0791,T07283,350.0,2026-03-30
SHOP_001,C0471,T07284,333.0,2026-03-30
SHOP_001,C0247,T07285,700.0,2026-03-30
SHOP_001,C0901,T07286,467.0,2026-03-30
SHOP_001,C0877,T07287,320.0,2026-03-30
SHOP_001,C0805,T07288,265.0,2026-03-30
SHOP_001,C0435,T07289,456.0,2026-03-30
SHOP_001,C0805,T07290,421.0,2026-03-30
SHOP_001,C0809,T07291,609.0,2026-03-30
SHOP_001,C0899,T07292,294.0,2026-03-30
SHOP_001,C0054,T07293,709.0,2026-03-30
SHOP_001,C0882,T07294,337.0,2026-03-30
SHOP_001,C0252,T07295,450.0,2026-03-30
SHOP_001,C0768,T07296,957.0,2026-03-30
SHOP_001,C0495,T07297,607.0,2026-03-30
SHOP_001,C0027,T07298,644.0,2026-03-30
SHOP_001,C0677,T07299,662.0,2026-03-30
SHOP_001,C0009,T07300,874.0,2026-03-30
SHOP_001,C0594,T07301,784.0,2026-03-30
SHOP_001,C0781,T07302,516.0,2026-03-30
SHOP_001,C0370,T07303,375.0,2026-03-30
SHOP_001,C0243,T07304,664.0,2026-03-31
SHOP_001,C0855,T07305,519.0,2026-03-31
SHOP_001,C0701,T07306,482.0,2026-03-31
SHOP_001,C0525,T07307,632.0,2026-03-31
SHOP_001,C0665,T07308,292.0,2026-03-31
SHOP_001,C0490,T07309,441.0,2026-03-31
SHOP_001,C0302,T07310,403.0,2026-03-31
SHOP_001,C0214,T07311,628.0,2026-03-31
SHOP_001,C0933,T07312,555.0,2026-03-31
SHOP_001,C0448,T07313,490.0,2026-03-31
SHOP_001,C0683,T07314,332.0,2026-03-31
SHOP_001,C0057,T07315,592.0,2026-03-31
SHOP_001,C0294,T07316,568.0,2026-03-31
SHOP_001,C0295,T07317,389.0,2026-03-31
SHOP_001,C0252,T07318,639.0,2026-03-31
SHOP_001,C0280,T07319,362.0,2026-03-31
SHOP_001,C0295,T07320,235.0,2026-03-31
SHOP_001,C0470,T07321,582.0,2026-03-31
SHOP_001,C0080,T07322,980.0,2026-03-31
SHOP_001,C0765,T07323,320.0,2026-03-31
SHOP_001,C0727,T07324,612.0,2026-03-31
SHOP_001,C0228,T07325,797.0,2026-03-31
SHOP_001,C0211,T07326,621.0,2026-03-31
SHOP_001,C0397,T07327,800.0,2026-03-31
SHOP_001,C0544,T07328,445.0,2026-03-31
SHOP_001,C0187,T07329,692.0,2026-03-31
SHOP_001,C0522,T07330,601.0,2026-03-31
SHOP_001,C0140,T07331,577.0,2026-03-31
SHOP_001,C0654,T07332,530.0,2026-03-31
SHOP_001,C0341,T07333,737.0,2026-03-31
SHOP_001,C0901,T07334,973.0,2026-03-31
SHOP_001,C0199,T07335,705.0,2026-03-31
SHOP_001,C0854,T07336,881.0,2026-04-01
SHOP_001,C0030,T07337,598.0,2026-04-01
SHOP_001,C0116,T07338,596.0,2026-04-01
SHOP_001,C0511,T07339,389.0,2026-04-01
SHOP_001,C0940,T07340,319.0,2026-04-01
SHOP_001,C0183,T07341,902.0,2026-04-01
SHOP_001,C0460,T07342,292.0,2026-04-01
SHOP_001,C0070,T07343,731.0,2026-04-01
SHOP_001,C0874,T07344,424.0,2026-04-01
SHOP_001,C0547,T07345,285.0,2026-04-01
SHOP_001,C0308,T07346,722.0,2026-04-02
SHOP_001,C0214,T07347,917.0,2026-04-02
SHOP_001,C0714,T07348,502.0,2026-04-02
SHOP_001,C0582,T07349,368.0,2026-04-02
SHOP_001,C0360,T07350,515.0,2026-04-02
SHOP_001,C0438,T07351,523.0,2026-04-02
SHOP_001,C0198,T07352,596.0,2026-04-02
SHOP_001,C0307,T07353,821.0,2026-04-02
SHOP_001,C0710,T07354,842.0,2026-04-02
SHOP_001,C0451,T07355,254.0,2026-04-02
SHOP_001,C0388,T07356,790.0,2026-04-02
SHOP_001,C0263,T07357,962.0,2026-04-02
SHOP_001,C0440,T07358,773.0,2026-04-02
SHOP_001,C0960,T07359,568.0,2026-04-02
SHOP_001,C0667,T07360,331.0,2026-04-02
SHOP_001,C0718,T07361,428.0,2026-04-02
SHOP_001,C0692,T07362,1214.0,2026-04-02
SHOP_001,C0716,T07363,996.0,2026-04-02
SHOP_001,C0525,T07364,418.0,2026-04-02
SHOP_001,C0009,T07365,530.0,2026-04-03
SHOP_001,C0071,T07366,477.0,2026-04-03
SHOP_001,C0197,T07367,722.0,2026-04-03
SHOP_001,C0732,T07368,742.0,2026-04-03
SHOP_001,C0518,T07369,497.0,2026-04-03
SHOP_001,C0990,T07370,553.0,2026-04-03
SHOP_001,C0183,T07371,939.0,2026-04-03
SHOP_001,C0526,T07372,417.0,2026-04-03
SHOP_001,C0245,T07373,375.0,2026-04-03
SHOP_001,C0315,T07374,649.0,2026-04-03
SHOP_001,C0753,T07375,391.0,2026-04-03
SHOP_001,C0071,T07376,541.0,2026-04-03
SHOP_001,C0470,T07377,505.0,2026-04-03
SHOP_001,C0870,T07378,447.0,2026-04-03
SHOP_001,C0377,T07379,759.0,2026-04-03
SHOP_001,C0019,T07380,545.0,2026-04-03
SHOP_001,C0854,T07381,305.0,2026-04-03
SHOP_001,C0295,T07382,501.0,2026-04-03
SHOP_001,C0671,T07383,1231.0,2026-04-03
SHOP_001,C0201,T07384,458.0,2026-04-03
SHOP_001,C0584,T07385,787.0,2026-04-03
SHOP_001,C0769,T07386,452.0,2026-04-03
SHOP_001,C0123,T07387,298.0,2026-04-03
SHOP_001,C0769,T07388,1083.0,2026-04-03
SHOP_001,C0609,T07389,818.0,2026-04-03
SHOP_001,C0294,T07390,431.0,2026-04-03
SHOP_001,C0935,T07391,437.0,2026-04-03
SHOP_001,C0276,T07392,400.0,2026-04-03
SHOP_001,C0433,T07393,654.0,2026-04-03
SHOP_001,C0439,T07394,664.0,2026-04-04
SHOP_001,C0669,T07395,746.0,2026-04-04
SHOP_001,C0202,T07396,1075.0,2026-04-04
SHOP_001,C0791,T07397,558.0,2026-04-04
SHOP_001,C0288,T07398,607.0,2026-04-04
SHOP_001,C0901,T07399,704.0,2026-04-04
SHOP_001,C0141,T07400,356.0,2026-04-04
SHOP_001,C0809,T07401,733.0,2026-04-04
SHOP_001,C0353,T07402,643.0,2026-04-04
SHOP_001,C0744,T07403,467.0,2026-04-04
SHOP_001,C0744,T07404,625.0,2026-04-04
SHOP_001,C0621,T07405,935.0,2026-04-04
SHOP_001,C0800,T07406,239.0,2026-04-04
SHOP_001,C0710,T07407,1147.0,2026-04-04
SHOP_001,C0761,T07408,433.0,2026-04-04
SHOP_001,C0176,T07409,982.0,2026-04-04
SHOP_001,C0202,T07410,1195.0,2026-04-04
SHOP_001,C0300,T07411,876.0,2026-04-04
SHOP_001,C0343,T07412,251.0,2026-04-05
SHOP_001,C0539,T07413,655.0,2026-04-05
SHOP_001,C0872,T07414,1319.0,2026-04-05
SHOP_001,C0295,T07415,350.0,2026-04-05
SHOP_001,C0685,T07416,560.0,2026-04-05
SHOP_001,C0966,T07417,393.0,2026-04-05
SHOP_001,C0106,T07418,327.0,2026-04-05
SHOP_001,C0808,T07419,448.0,2026-04-05
SHOP_001,C0230,T07420,402.0,2026-04-05
SHOP_001,C0027,T07421,492.0,2026-04-05
SHOP_001,C0080,T07422,542.0,2026-04-05
SHOP_001,C0490,T07423,463.0,2026-04-05
SHOP_001,C0339,T07424,292.0,2026-04-05
SHOP_001,C0590,T07425,1091.0,2026-04-05
SHOP_001,C0939,T07426,568.0,2026-04-05
SHOP_001,C0250,T07427,289.0,2026-04-05
SHOP_001,C0197,T07428,334.0,2026-04-05
SHOP_001,C0539,T07429,556.0,2026-04-05
SHOP_001,C0176,T07430,845.0,2026-04-05
SHOP_001,C0690,T07431,750.0,2026-04-05
SHOP_001,C0328,T07432,617.0,2026-04-05
SHOP_001,C0427,T07433,928.0,2026-04-05
SHOP_001,C0386,T07434,572.0,2026-04-05
SHOP_001,C0560,T07435,536.0,2026-04-05
SHOP_001,C0887,T07436,637.0,2026-04-05
SHOP_001,C0101,T07437,653.0,2026-04-05
SHOP_001,C0558,T07438,385.0,2026-04-05
SHOP_001,C0517,T07439,823.0,2026-04-05
SHOP_001,C0940,T07440,410.0,2026-04-05
SHOP_001,C0677,T07441,728.0,2026-04-05
SHOP_001,C0777,T07442,453.0,2026-04-05
SHOP_001,C0771,T07443,620.0,2026-04-05
SHOP_001,C0685,T07444,476.0,2026-04-05
SHOP_001,C0396,T07445,624.0,2026-04-05
SHOP_001,C0777,T07446,522.0,2026-04-05
SHOP_001,C0768,T07447,743.0,2026-04-05
SHOP_001,C0188,T07448,339.0,2026-04-05
SHOP_001,C0509,T07449,540.0,2026-04-05
SHOP_001,C0407,T07450,493.0,2026-04-05
SHOP_001,C0279,T07451,572.0,2026-04-05
SHOP_001,C0370,T07452,494.0,2026-04-05
SHOP_001,C0153,T07453,608.0,2026-04-05
SHOP_001,C0066,T07454,500.0,2026-04-05
SHOP_001,C0228,T07455,666.0,2026-04-05
SHOP_001,C0611,T07456,420.0,2026-04-05
SHOP_001,C0683,T07457,458.0,2026-04-05
SHOP_001,C0671,T07458,556.0,2026-04-05
SHOP_001,C0019,T07459,781.0,2026-04-06
SHOP_001,C0063,T07460,506.0,2026-04-06
SHOP_001,C0901,T07461,674.0,2026-04-06
SHOP_001,C0426,T07462,368.0,2026-04-06
SHOP_001,C0693,T07463,561.0,2026-04-06
SHOP_001,C0316,T07464,446.0,2026-04-06
SHOP_001,C0030,T07465,737.0,2026-04-06
SHOP_001,C0080,T07466,1134.0,2026-04-06
SHOP_001,C0261,T07467,894.0,2026-04-06
SHOP_001,C0227,T07468,455.0,2026-04-06
SHOP_001,C0328,T07469,415.0,2026-04-06
SHOP_001,C0703,T07470,642.0,2026-04-06
SHOP_001,C0996,T07471,300.0,2026-04-06
SHOP_001,C0227,T07472,618.0,2026-04-06
SHOP_001,C0681,T07473,346.0,2026-04-06
SHOP_001,C0079,T07474,462.0,2026-04-06
SHOP_001,C0767,T07475,476.0,2026-04-06
SHOP_001,C0603,T07476,640.0,2026-04-06
SHOP_001,C0841,T07477,379.0,2026-04-06
SHOP_001,C0291,T07478,475.0,2026-04-06
SHOP_001,C0097,T07479,493.0,2026-04-06
SHOP_001,C0199,T07480,317.0,2026-04-07
SHOP_001,C0666,T07481,586.0,2026-04-07
SHOP_001,C0097,T07482,793.0,2026-04-07
SHOP_001,C0897,T07483,538.0,2026-04-07
SHOP_001,C0066,T07484,413.0,2026-04-07
SHOP_001,C0344,T07485,280.0,2026-04-07
SHOP_001,C0731,T07486,769.0,2026-04-07
SHOP_001,C0420,T07487,397.0,2026-04-07
SHOP_001,C0456,T07488,268.0,2026-04-07
SHOP_001,C0718,T07489,550.0,2026-04-07
SHOP_001,C0568,T07490,511.0,2026-04-07
SHOP_001,C0721,T07491,524.0,2026-04-07
SHOP_001,C0475,T07492,410.0,2026-04-07
SHOP_001,C0252,T07493,441.0,2026-04-07
SHOP_001,C0901,T07494,366.0,2026-04-07
SHOP_001,C0886,T07495,1097.0,2026-04-07
SHOP_001,C0562,T07496,756.0,2026-04-07
SHOP_001,C0493,T07497,487.0,2026-04-07
SHOP_001,C0503,T07498,441.0,2026-04-07
SHOP_001,C0141,T07499,461.0,2026-04-07
SHOP_001,C0590,T07500,451.0,2026-04-07
SHOP_001,C0927,T07501,710.0,2026-04-07
SHOP_001,C0407,T07502,828.0,2026-04-08
SHOP_001,C0467,T07503,434.0,2026-04-08
SHOP_001,C0805,T07504,199.0,2026-04-08
SHOP_001,C0997,T07505,689.0,2026-04-08
SHOP_001,C0809,T07506,555.0,2026-04-08
SHOP_001,C0447,T07507,299.0,2026-04-08
SHOP_001,C0512,T07508,284.0,2026-04-08
SHOP_001,C0973,T07509,454.0,2026-04-08
SHOP_001,C0768,T07510,728.0,2026-04-08
SHOP_001,C0440,T07511,599.0,2026-04-08
SHOP_001,C0699,T07512,527.0,2026-04-08
SHOP_001,C0648,T07513,408.0,2026-04-08
SHOP_001,C0012,T07514,711.0,2026-04-08
SHOP_001,C0019,T07515,673.0,2026-04-08
SHOP_001,C0924,T07516,716.0,2026-04-08
SHOP_001,C0800,T07517,274.0,2026-04-08
SHOP_001,C0609,T07518,617.0,2026-04-08
SHOP_001,C0447,T07519,303.0,2026-04-08
SHOP_001,C0205,T07520,905.0,2026-04-08
SHOP_001,C0562,T07521,447.0,2026-04-08
SHOP_001,C0506,T07522,399.0,2026-04-09
SHOP_001,C0625,T07523,705.0,2026-04-09
SHOP_001,C0990,T07524,528.0,2026-04-09
SHOP_001,C0648,T07525,466.0,2026-04-09
SHOP_001,C0028,T07526,634.0,2026-04-09
SHOP_001,C0681,T07527,248.0,2026-04-09
SHOP_001,C0723,T07528,507.0,2026-04-09
SHOP_001,C0494,T07529,366.0,2026-04-09
SHOP_001,C0903,T07530,326.0,2026-04-09
SHOP_001,C0639,T07531,594.0,2026-04-09
SHOP_001,C0095,T07532,540.0,2026-04-09
SHOP_001,C0496,T07533,467.0,2026-04-09
SHOP_001,C0949,T07534,259.0,2026-04-09
SHOP_001,C0176,T07535,1316.0,2026-04-09
SHOP_001,C0080,T07536,675.0,2026-04-09
SHOP_001,C0677,T07537,873.0,2026-04-09
SHOP_001,C0031,T07538,418.0,2026-04-09
SHOP_001,C0254,T07539,775.0,2026-04-09
SHOP_001,C0051,T07540,476.0,2026-04-09
SHOP_001,C0846,T07541,357.0,2026-04-09
SHOP_001,C0457,T07542,450.0,2026-04-09
SHOP_001,C0681,T07543,349.0,2026-04-09
SHOP_001,C0752,T07544,688.0,2026-04-09
SHOP_001,C0648,T07545,407.0,2026-04-09
SHOP_001,C0663,T07546,304.0,2026-04-09
SHOP_001,C0272,T07547,392.0,2026-04-10
SHOP_001,C0271,T07548,432.0,2026-04-10
SHOP_001,C0707,T07549,866.0,2026-04-10
SHOP_001,C0170,T07550,511.0,2026-04-10
SHOP_001,C0067,T07551,727.0,2026-04-10
SHOP_001,C0903,T07552,425.0,2026-04-10
SHOP_001,C0202,T07553,1010.0,2026-04-10
SHOP_001,C0045,T07554,1261.0,2026-04-10
SHOP_001,C0943,T07555,633.0,2026-04-10
SHOP_001,C0440,T07556,644.0,2026-04-10
SHOP_001,C0862,T07557,517.0,2026-04-10
SHOP_001,C0599,T07558,534.0,2026-04-10
SHOP_001,C0489,T07559,784.0,2026-04-10
SHOP_001,C0456,T07560,483.0,2026-04-10
SHOP_001,C0417,T07561,299.0,2026-04-10
SHOP_001,C0227,T07562,443.0,2026-04-10
SHOP_001,C0951,T07563,697.0,2026-04-10
SHOP_001,C0940,T07564,565.0,2026-04-10
SHOP_001,C0426,T07565,225.0,2026-04-10
SHOP_001,C0201,T07566,1225.0,2026-04-11
SHOP_001,C0960,T07567,500.0,2026-04-11
SHOP_001,C0773,T07568,612.0,2026-04-11
SHOP_001,C0904,T07569,588.0,2026-04-11
SHOP_001,C0943,T07570,413.0,2026-04-11
SHOP_001,C0685,T07571,390.0,2026-04-11
SHOP_001,C0005,T07572,408.0,2026-04-11
SHOP_001,C0263,T07573,532.0,2026-04-11
SHOP_001,C0987,T07574,399.0,2026-04-11
SHOP_001,C0451,T07575,428.0,2026-04-11
SHOP_001,C0767,T07576,542.0,2026-04-11
SHOP_001,C0119,T07577,882.0,2026-04-11
SHOP_001,C0378,T07578,918.0,2026-04-11
SHOP_001,C0570,T07579,653.0,2026-04-11
SHOP_001,C0011,T07580,618.0,2026-04-11
SHOP_001,C0793,T07581,431.0,2026-04-11
SHOP_001,C0255,T07582,336.0,2026-04-11
SHOP_001,C0555,T07583,812.0,2026-04-11
SHOP_001,C0754,T07584,1108.0,2026-04-11
SHOP_001,C0456,T07585,578.0,2026-04-11
SHOP_001,C0809,T07586,540.0,2026-04-11
SHOP_001,C0080,T07587,832.0,2026-04-11
SHOP_001,C0325,T07588,942.0,2026-04-11
SHOP_001,C0205,T07589,728.0,2026-04-11
SHOP_001,C0084,T07590,1148.0,2026-04-11
SHOP_001,C0396,T07591,519.0,2026-04-11
SHOP_001,C0583,T07592,350.0,2026-04-11
SHOP_001,C0506,T07593,281.0,2026-04-11
SHOP_001,C0181,T07594,380.0,2026-04-11
SHOP_001,C0188,T07595,653.0,2026-04-11
SHOP_001,C0724,T07596,488.0,2026-04-11
SHOP_001,C0206,T07597,458.0,2026-04-11
SHOP_001,C0517,T07598,580.0,2026-04-11
SHOP_001,C0974,T07599,1581.0,2026-04-11
SHOP_001,C0548,T07600,732.0,2026-04-11
SHOP_001,C0667,T07601,455.0,2026-04-11
SHOP_001,C0601,T07602,564.0,2026-04-11
SHOP_001,C0448,T07603,1201.0,2026-04-11
SHOP_001,C0716,T07604,1024.0,2026-04-11
SHOP_001,C0920,T07605,437.0,2026-04-11
SHOP_001,C0984,T07606,302.0,2026-04-11
SHOP_001,C0370,T07607,365.0,2026-04-11
SHOP_001,C0105,T07608,698.0,2026-04-11
SHOP_001,C0407,T07609,605.0,2026-04-11
SHOP_001,C0396,T07610,587.0,2026-04-11
SHOP_001,C0382,T07611,597.0,2026-04-12
SHOP_001,C0738,T07612,562.0,2026-04-12
SHOP_001,C0943,T07613,351.0,2026-04-12
SHOP_001,C0477,T07614,478.0,2026-04-12
SHOP_001,C0855,T07615,427.0,2026-04-12
SHOP_001,C0161,T07616,618.0,2026-04-12
SHOP_001,C0721,T07617,826.0,2026-04-12
SHOP_001,C0583,T07618,554.0,2026-04-12
SHOP_001,C0901,T07619,642.0,2026-04-12
SHOP_001,C0931,T07620,511.0,2026-04-12
SHOP_001,C0512,T07621,533.0,2026-04-12
SHOP_001,C0105,T07622,698.0,2026-04-12
SHOP_001,C0331,T07623,452.0,2026-04-12
SHOP_001,C0345,T07624,986.0,2026-04-12
SHOP_001,C0220,T07625,663.0,2026-04-12
SHOP_001,C0847,T07626,440.0,2026-04-12
SHOP_001,C0721,T07627,572.0,2026-04-12
SHOP_001,C0524,T07628,512.0,2026-04-12
SHOP_001,C0762,T07629,1156.0,2026-04-12
SHOP_001,C0805,T07630,363.0,2026-04-12
SHOP_001,C0359,T07631,911.0,2026-04-12
SHOP_001,C0694,T07632,1219.0,2026-04-12
SHOP_001,C0601,T07633,396.0,2026-04-12
SHOP_001,C0997,T07634,481.0,2026-04-12
SHOP_001,C0978,T07635,728.0,2026-04-12
SHOP_001,C0150,T07636,610.0,2026-04-12
SHOP_001,C0693,T07637,609.0,2026-04-12
SHOP_001,C0105,T07638,1557.0,2026-04-12
SHOP_001,C0469,T07639,483.0,2026-04-12
SHOP_001,C0188,T07640,611.0,2026-04-12
SHOP_001,C0943,T07641,646.0,2026-04-12
SHOP_001,C0685,T07642,319.0,2026-04-13
SHOP_001,C0677,T07643,500.0,2026-04-13
SHOP_001,C0891,T07644,383.0,2026-04-13
SHOP_001,C0900,T07645,237.0,2026-04-13
SHOP_001,C0956,T07646,265.0,2026-04-13
SHOP_001,C0466,T07647,1102.0,2026-04-13
SHOP_001,C0386,T07648,978.0,2026-04-13
SHOP_001,C0679,T07649,631.0,2026-04-13
SHOP_001,C0787,T07650,470.0,2026-04-13
SHOP_001,C0679,T07651,490.0,2026-04-13
SHOP_001,C0588,T07652,187.0,2026-04-13
SHOP_001,C0663,T07653,675.0,2026-04-13
SHOP_001,C0679,T07654,928.0,2026-04-13
SHOP_001,C0435,T07655,548.0,2026-04-13
SHOP_001,C0685,T07656,324.0,2026-04-13
SHOP_001,C0896,T07657,354.0,2026-04-13
SHOP_001,C0843,T07658,964.0,2026-04-13
SHOP_001,C0573,T07659,631.0,2026-04-13
SHOP_001,C0318,T07660,444.0,2026-04-13
SHOP_001,C0176,T07661,1139.0,2026-04-13
SHOP_001,C0142,T07662,649.0,2026-04-13
SHOP_001,C0341,T07663,323.0,2026-04-13
SHOP_001,C0426,T07664,282.0,2026-04-13
SHOP_001,C0176,T07665,547.0,2026-04-13
SHOP_001,C0335,T07666,234.0,2026-04-13
SHOP_001,C0097,T07667,938.0,2026-04-13
SHOP_001,C0140,T07668,414.0,2026-04-13
SHOP_001,C0227,T07669,471.0,2026-04-13
SHOP_001,C0657,T07670,1056.0,2026-04-13
SHOP_001,C0134,T07671,291.0,2026-04-13
SHOP_001,C0399,T07672,297.0,2026-04-13
SHOP_001,C0949,T07673,363.0,2026-04-13
SHOP_001,C0744,T07674,710.0,2026-04-14
SHOP_001,C0943,T07675,528.0,2026-04-14
SHOP_001,C0378,T07676,537.0,2026-04-14
SHOP_001,C0213,T07677,408.0,2026-04-14
SHOP_001,C0542,T07678,313.0,2026-04-14
SHOP_001,C0202,T07679,655.0,2026-04-14
SHOP_001,C0615,T07680,375.0,2026-04-14
SHOP_001,C0524,T07681,431.0,2026-04-14
SHOP_001,C0109,T07682,437.0,2026-04-14
SHOP_001,C0355,T07683,544.0,2026-04-14
SHOP_001,C0931,T07684,531.0,2026-04-14
SHOP_001,C0361,T07685,722.0,2026-04-14
SHOP_001,C0685,T07686,309.0,2026-04-14
SHOP_001,C0809,T07687,800.0,2026-04-15
SHOP_001,C0106,T07688,588.0,2026-04-15
SHOP_001,C0912,T07689,581.0,2026-04-15
SHOP_001,C0141,T07690,271.0,2026-04-15
SHOP_001,C0144,T07691,565.0,2026-04-15
SHOP_001,C0509,T07692,403.0,2026-04-15
SHOP_001,C0350,T07693,440.0,2026-04-15
SHOP_001,C0035,T07694,725.0,2026-04-15
SHOP_001,C0924,T07695,749.0,2026-04-15
SHOP_001,C0625,T07696,506.0,2026-04-15
SHOP_001,C0867,T07697,483.0,2026-04-15
SHOP_001,C0753,T07698,731.0,2026-04-15
SHOP_001,C0718,T07699,570.0,2026-04-15
SHOP_001,C0894,T07700,407.0,2026-04-15
SHOP_001,C0305,T07701,907.0,2026-04-15
SHOP_001,C0919,T07702,692.0,2026-04-15
SHOP_001,C0944,T07703,302.0,2026-04-15
SHOP_001,C0278,T07704,975.0,2026-04-16
SHOP_001,C0304,T07705,335.0,2026-04-16
SHOP_001,C0308,T07706,785.0,2026-04-16
SHOP_001,C0771,T07707,461.0,2026-04-16
SHOP_001,C0253,T07708,662.0,2026-04-16
SHOP_001,C0036,T07709,650.0,2026-04-16
SHOP_001,C0524,T07710,774.0,2026-04-16
SHOP_001,C0345,T07711,674.0,2026-04-16
SHOP_001,C0213,T07712,357.0,2026-04-16
SHOP_001,C0487,T07713,169.0,2026-04-16
SHOP_001,C0713,T07714,459.0,2026-04-16
SHOP_001,C0869,T07715,361.0,2026-04-16
SHOP_001,C0459,T07716,804.0,2026-04-16
SHOP_001,C0723,T07717,258.0,2026-04-16
SHOP_001,C0657,T07718,1139.0,2026-04-16
SHOP_001,C0968,T07719,478.0,2026-04-16
SHOP_001,C0224,T07720,810.0,2026-04-16
SHOP_001,C0406,T07721,351.0,2026-04-16
SHOP_001,C0967,T07722,730.0,2026-04-16
SHOP_001,C0639,T07723,531.0,2026-04-16
SHOP_001,C0144,T07724,776.0,2026-04-16
SHOP_001,C0837,T07725,703.0,2026-04-16
SHOP_001,C0716,T07726,573.0,2026-04-16
SHOP_001,C0294,T07727,543.0,2026-04-16
SHOP_001,C0939,T07728,698.0,2026-04-16
SHOP_001,C0958,T07729,969.0,2026-04-16
SHOP_001,C0677,T07730,749.0,2026-04-16
SHOP_001,C0718,T07731,663.0,2026-04-16
SHOP_001,C0791,T07732,414.0,2026-04-16
SHOP_001,C0646,T07733,334.0,2026-04-16
SHOP_001,C0708,T07734,593.0,2026-04-17
SHOP_001,C0501,T07735,594.0,2026-04-17
SHOP_001,C0894,T07736,465.0,2026-04-17
SHOP_001,C0183,T07737,468.0,2026-04-17
SHOP_001,C0586,T07738,590.0,2026-04-17
SHOP_001,C0051,T07739,489.0,2026-04-17
SHOP_001,C0964,T07740,553.0,2026-04-17
SHOP_001,C0678,T07741,500.0,2026-04-17
SHOP_001,C0153,T07742,639.0,2026-04-17
SHOP_001,C0446,T07743,423.0,2026-04-17
SHOP_001,C0791,T07744,551.0,2026-04-17
SHOP_001,C0426,T07745,419.0,2026-04-17
SHOP_001,C0590,T07746,653.0,2026-04-17
SHOP_001,C0237,T07747,509.0,2026-04-17
SHOP_001,C0886,T07748,506.0,2026-04-17
SHOP_001,C0109,T07749,396.0,2026-04-17
SHOP_001,C0230,T07750,1208.0,2026-04-17
SHOP_001,C0179,T07751,714.0,2026-04-17
SHOP_001,C0084,T07752,440.0,2026-04-17
SHOP_001,C0289,T07753,674.0,2026-04-17
SHOP_001,C0838,T07754,816.0,2026-04-17
SHOP_001,C0997,T07755,847.0,2026-04-17
SHOP_001,C0142,T07756,428.0,2026-04-17
SHOP_001,C0928,T07757,413.0,2026-04-17
SHOP_001,C0943,T07758,476.0,2026-04-17
SHOP_001,C0190,T07759,1175.0,2026-04-17
SHOP_001,C0732,T07760,709.0,2026-04-17
SHOP_001,C0838,T07761,733.0,2026-04-18
SHOP_001,C0793,T07762,583.0,2026-04-18
SHOP_001,C0530,T07763,584.0,2026-04-18
SHOP_001,C0854,T07764,476.0,2026-04-18
SHOP_001,C0672,T07765,785.0,2026-04-18
SHOP_001,C0899,T07766,537.0,2026-04-18
SHOP_001,C0080,T07767,1155.0,2026-04-18
SHOP_001,C0199,T07768,325.0,2026-04-18
SHOP_001,C0768,T07769,681.0,2026-04-18
SHOP_001,C0091,T07770,375.0,2026-04-18
SHOP_001,C0825,T07771,500.0,2026-04-18
SHOP_001,C0396,T07772,468.0,2026-04-18
SHOP_001,C0600,T07773,715.0,2026-04-18
SHOP_001,C0295,T07774,444.0,2026-04-18
SHOP_001,C0341,T07775,367.0,2026-04-18
SHOP_001,C0744,T07776,847.0,2026-04-18
SHOP_001,C0123,T07777,451.0,2026-04-18
SHOP_001,C0030,T07778,370.0,2026-04-18
SHOP_001,C0142,T07779,651.0,2026-04-18
SHOP_001,C0478,T07780,1321.0,2026-04-18
SHOP_001,C0153,T07781,681.0,2026-04-18
SHOP_001,C0116,T07782,665.0,2026-04-18
SHOP_001,C0220,T07783,761.0,2026-04-18
SHOP_001,C0374,T07784,865.0,2026-04-18
SHOP_001,C0667,T07785,424.0,2026-04-18
SHOP_001,C0355,T07786,485.0,2026-04-18
SHOP_001,C0285,T07787,585.0,2026-04-18
SHOP_001,C0397,T07788,301.0,2026-04-18
SHOP_001,C0752,T07789,977.0,2026-04-18
SHOP_001,C0174,T07790,988.0,2026-04-18
SHOP_001,C0162,T07791,405.0,2026-04-18
SHOP_001,C0998,T07792,252.0,2026-04-18
SHOP_001,C0985,T07793,379.0,2026-04-19
SHOP_001,C0741,T07794,366.0,2026-04-19
SHOP_001,C0525,T07795,1286.0,2026-04-19
SHOP_001,C0996,T07796,498.0,2026-04-19
SHOP_001,C0719,T07797,498.0,2026-04-19
SHOP_001,C0469,T07798,410.0,2026-04-19
SHOP_001,C0584,T07799,892.0,2026-04-19
SHOP_001,C0227,T07800,334.0,2026-04-19
SHOP_001,C0263,T07801,675.0,2026-04-19
SHOP_001,C0813,T07802,277.0,2026-04-19
SHOP_001,C0768,T07803,865.0,2026-04-19
SHOP_001,C0407,T07804,468.0,2026-04-19
SHOP_001,C0288,T07805,623.0,2026-04-19
SHOP_001,C0295,T07806,328.0,2026-04-19
SHOP_001,C0798,T07807,323.0,2026-04-19
SHOP_001,C0693,T07808,604.0,2026-04-19
SHOP_001,C0934,T07809,237.0,2026-04-19
SHOP_001,C0714,T07810,434.0,2026-04-19
SHOP_001,C0499,T07811,484.0,2026-04-19
SHOP_001,C0640,T07812,366.0,2026-04-19
SHOP_001,C0793,T07813,369.0,2026-04-19
SHOP_001,C0576,T07814,769.0,2026-04-19
SHOP_001,C0901,T07815,528.0,2026-04-19
SHOP_001,C0888,T07816,1265.0,2026-04-19
SHOP_001,C0768,T07817,1378.0,2026-04-19
SHOP_001,C0169,T07818,535.0,2026-04-19
SHOP_001,C0184,T07819,1026.0,2026-04-19
SHOP_001,C0309,T07820,445.0,2026-04-19
SHOP_001,C0227,T07821,400.0,2026-04-19
SHOP_001,C0019,T07822,678.0,2026-04-20
SHOP_001,C0352,T07823,541.0,2026-04-20
SHOP_001,C0404,T07824,515.0,2026-04-20
SHOP_001,C0701,T07825,661.0,2026-04-20
SHOP_001,C0459,T07826,1113.0,2026-04-20
SHOP_001,C0485,T07827,466.0,2026-04-20
SHOP_001,C0490,T07828,556.0,2026-04-20
SHOP_001,C0539,T07829,348.0,2026-04-20
SHOP_001,C0181,T07830,419.0,2026-04-20
SHOP_001,C0318,T07831,404.0,2026-04-20
SHOP_001,C0355,T07832,336.0,2026-04-20
SHOP_001,C0887,T07833,705.0,2026-04-20
SHOP_001,C0039,T07834,404.0,2026-04-20
SHOP_001,C0490,T07835,366.0,2026-04-20
SHOP_001,C0950,T07836,349.0,2026-04-20
SHOP_001,C0571,T07837,337.0,2026-04-20
SHOP_001,C0294,T07838,424.0,2026-04-20
SHOP_001,C0567,T07839,282.0,2026-04-20
SHOP_001,C0446,T07840,556.0,2026-04-20
SHOP_001,C0671,T07841,851.0,2026-04-20
SHOP_001,C0433,T07842,481.0,2026-04-20
SHOP_001,C0196,T07843,569.0,2026-04-20
SHOP_001,C0216,T07844,538.0,2026-04-20
SHOP_001,C0466,T07845,895.0,2026-04-21
SHOP_001,C0218,T07846,278.0,2026-04-21
SHOP_001,C0084,T07847,873.0,2026-04-21
SHOP_001,C0621,T07848,345.0,2026-04-21
SHOP_001,C0777,T07849,505.0,2026-04-21
SHOP_001,C0451,T07850,617.0,2026-04-21
SHOP_001,C0277,T07851,552.0,2026-04-21
SHOP_001,C0997,T07852,392.0,2026-04-21
SHOP_001,C0756,T07853,322.0,2026-04-21
SHOP_001,C0744,T07854,989.0,2026-04-21
SHOP_001,C0305,T07855,562.0,2026-04-21
SHOP_001,C0541,T07856,557.0,2026-04-21
SHOP_001,C0870,T07857,513.0,2026-04-21
SHOP_001,C0512,T07858,440.0,2026-04-21
SHOP_001,C0466,T07859,531.0,2026-04-21
SHOP_001,C0084,T07860,771.0,2026-04-21
SHOP_001,C0105,T07861,532.0,2026-04-21
SHOP_001,C0892,T07862,507.0,2026-04-22
SHOP_001,C0666,T07863,511.0,2026-04-22
SHOP_001,C0490,T07864,342.0,2026-04-22
SHOP_001,C0648,T07865,349.0,2026-04-22
SHOP_001,C0900,T07866,772.0,2026-04-22
SHOP_001,C0227,T07867,349.0,2026-04-22
SHOP_001,C0966,T07868,680.0,2026-04-22
SHOP_001,C0313,T07869,496.0,2026-04-22
SHOP_001,C0671,T07870,773.0,2026-04-22
SHOP_001,C0718,T07871,572.0,2026-04-22
SHOP_001,C0197,T07872,499.0,2026-04-22
SHOP_001,C0413,T07873,413.0,2026-04-22
SHOP_001,C0080,T07874,429.0,2026-04-22
SHOP_001,C0359,T07875,402.0,2026-04-22
SHOP_001,C0901,T07876,426.0,2026-04-22
SHOP_001,C0553,T07877,438.0,2026-04-22
SHOP_001,C0467,T07878,387.0,2026-04-22
SHOP_001,C0486,T07879,516.0,2026-04-22
SHOP_001,C0097,T07880,786.0,2026-04-22
SHOP_001,C0247,T07881,534.0,2026-04-22
SHOP_001,C0802,T07882,972.0,2026-04-22
SHOP_001,C0097,T07883,752.0,2026-04-23
SHOP_001,C0834,T07884,724.0,2026-04-23
SHOP_001,C0123,T07885,351.0,2026-04-23
SHOP_001,C0985,T07886,556.0,2026-04-23
SHOP_001,C0515,T07887,388.0,2026-04-23
SHOP_001,C0699,T07888,837.0,2026-04-23
SHOP_001,C0839,T07889,1877.0,2026-04-23
SHOP_001,C0325,T07890,462.0,2026-04-23
SHOP_001,C0557,T07891,170.0,2026-04-23
SHOP_001,C0353,T07892,436.0,2026-04-23
SHOP_001,C0586,T07893,810.0,2026-04-23
SHOP_001,C0211,T07894,371.0,2026-04-23
SHOP_001,C0882,T07895,264.0,2026-04-23
SHOP_001,C0168,T07896,406.0,2026-04-23
SHOP_001,C0618,T07897,344.0,2026-04-23
SHOP_001,C0019,T07898,1017.0,2026-04-23
SHOP_001,C0258,T07899,598.0,2026-04-23
SHOP_001,C0772,T07900,775.0,2026-04-24
SHOP_001,C0625,T07901,635.0,2026-04-24
SHOP_001,C0509,T07902,817.0,2026-04-24
SHOP_001,C0910,T07903,956.0,2026-04-24
SHOP_001,C0412,T07904,548.0,2026-04-24
SHOP_001,C0301,T07905,511.0,2026-04-24
SHOP_001,C0144,T07906,381.0,2026-04-24
SHOP_001,C0427,T07907,665.0,2026-04-24
SHOP_001,C0716,T07908,553.0,2026-04-24
SHOP_001,C0269,T07909,640.0,2026-04-24
SHOP_001,C0271,T07910,565.0,2026-04-24
SHOP_001,C0066,T07911,406.0,2026-04-24
SHOP_001,C0454,T07912,409.0,2026-04-24
SHOP_001,C0470,T07913,449.0,2026-04-24
SHOP_001,C0868,T07914,867.0,2026-04-24
SHOP_001,C0681,T07915,328.0,2026-04-24
SHOP_001,C0045,T07916,442.0,2026-04-24
SHOP_001,C0227,T07917,666.0,2026-04-24
SHOP_001,C0478,T07918,247.0,2026-04-24
SHOP_001,C0514,T07919,913.0,2026-04-24
SHOP_001,C0372,T07920,471.0,2026-04-24
SHOP_001,C0479,T07921,752.0,2026-04-24
SHOP_001,C0950,T07922,577.0,2026-04-24
SHOP_001,C0478,T07923,681.0,2026-04-24
SHOP_001,C0202,T07924,740.0,2026-04-24
SHOP_001,C0731,T07925,584.0,2026-04-24
SHOP_001,C0707,T07926,1220.0,2026-04-24
SHOP_001,C0114,T07927,209.0,2026-04-24
SHOP_001,C0370,T07928,517.0,2026-04-24
SHOP_001,C0254,T07929,491.0,2026-04-24
SHOP_001,C0426,T07930,481.0,2026-04-24
SHOP_001,C0084,T07931,1042.0,2026-04-24
SHOP_001,C0211,T07932,381.0,2026-04-24
SHOP_001,C0217,T07933,953.0,2026-04-24
SHOP_001,C0716,T07934,992.0,2026-04-24
SHOP_001,C0228,T07935,676.0,2026-04-24
SHOP_001,C0711,T07936,599.0,2026-04-24
SHOP_001,C0708,T07937,988.0,2026-04-24
SHOP_001,C0224,T07938,612.0,2026-04-24
SHOP_001,C0089,T07939,329.0,2026-04-24
SHOP_001,C0744,T07940,560.0,2026-04-24
SHOP_001,C0078,T07941,591.0,2026-04-25
SHOP_001,C0724,T07942,528.0,2026-04-25
SHOP_001,C0019,T07943,566.0,2026-04-25
SHOP_001,C0579,T07944,637.0,2026-04-25
SHOP_001,C0375,T07945,1163.0,2026-04-25
SHOP_001,C0593,T07946,396.0,2026-04-25
SHOP_001,C0616,T07947,671.0,2026-04-25
SHOP_001,C0198,T07948,1056.0,2026-04-25
SHOP_001,C0900,T07949,344.0,2026-04-25
SHOP_001,C0951,T07950,649.0,2026-04-25
SHOP_001,C0649,T07951,1293.0,2026-04-25
SHOP_001,C0150,T07952,793.0,2026-04-25
SHOP_001,C0518,T07953,569.0,2026-04-25
SHOP_001,C0728,T07954,807.0,2026-04-25
SHOP_001,C0190,T07955,483.0,2026-04-25
SHOP_001,C0881,T07956,372.0,2026-04-25
SHOP_001,C0666,T07957,660.0,2026-04-25
SHOP_001,C0793,T07958,345.0,2026-04-25
SHOP_001,C0353,T07959,615.0,2026-04-25
SHOP_001,C0690,T07960,620.0,2026-04-25
SHOP_001,C0490,T07961,713.0,2026-04-25
SHOP_001,C0435,T07962,1207.0,2026-04-25
SHOP_001,C0772,T07963,642.0,2026-04-25
SHOP_001,C0229,T07964,1110.0,2026-04-25
SHOP_001,C0838,T07965,771.0,2026-04-25
SHOP_001,C0296,T07966,212.0,2026-04-25
SHOP_001,C0530,T07967,698.0,2026-04-25
SHOP_001,C0667,T07968,482.0,2026-04-25
SHOP_001,C0855,T07969,745.0,2026-04-25
SHOP_001,C0512,T07970,559.0,2026-04-25
SHOP_001,C0718,T07971,497.0,2026-04-25
SHOP_001,C0745,T07972,595.0,2026-04-25
SHOP_001,C0575,T07973,762.0,2026-04-25
SHOP_001,C0314,T07974,1963.0,2026-04-25
SHOP_001,C0277,T07975,887.0,2026-04-25
SHOP_001,C0644,T07976,482.0,2026-04-25
SHOP_001,C0831,T07977,913.0,2026-04-25
SHOP_001,C0820,T07978,518.0,2026-04-25
SHOP_001,C0512,T07979,605.0,2026-04-25
SHOP_001,C0686,T07980,476.0,2026-04-26
SHOP_001,C0312,T07981,603.0,2026-04-26
SHOP_001,C0426,T07982,325.0,2026-04-26
SHOP_001,C0615,T07983,349.0,2026-04-26
SHOP_001,C0258,T07984,757.0,2026-04-26
SHOP_001,C0686,T07985,346.0,2026-04-26
SHOP_001,C0768,T07986,1105.0,2026-04-26
SHOP_001,C0246,T07987,711.0,2026-04-26
SHOP_001,C0509,T07988,492.0,2026-04-26
SHOP_001,C0300,T07989,532.0,2026-04-26
SHOP_001,C0785,T07990,353.0,2026-04-26
SHOP_001,C0621,T07991,688.0,2026-04-26
SHOP_001,C0681,T07992,295.0,2026-04-26
SHOP_001,C0129,T07993,412.0,2026-04-26
SHOP_001,C0672,T07994,679.0,2026-04-26
SHOP_001,C0110,T07995,614.0,2026-04-26
SHOP_001,C0495,T07996,864.0,2026-04-26
SHOP_001,C0229,T07997,1187.0,2026-04-26
SHOP_001,C0763,T07998,779.0,2026-04-26
SHOP_001,C0690,T07999,1102.0,2026-04-26
SHOP_001,C0019,T08000,648.0,2026-04-26
SHOP_001,C0672,T08001,479.0,2026-04-26
SHOP_001,C0763,T08002,601.0,2026-04-26
SHOP_001,C0233,T08003,737.0,2026-04-26
SHOP_001,C0768,T08004,778.0,2026-04-26
SHOP_001,C0967,T08005,377.0,2026-04-26
SHOP_001,C0685,T08006,419.0,2026-04-26
SHOP_001,C0048,T08007,492.0,2026-04-26
SHOP_001,C0651,T08008,497.0,2026-04-27
SHOP_001,C0966,T08009,282.0,2026-04-27
SHOP_001,C0120,T08010,991.0,2026-04-27
SHOP_001,C0903,T08011,435.0,2026-04-27
SHOP_001,C0518,T08012,473.0,2026-04-27
SHOP_001,C0132,T08013,928.0,2026-04-27
SHOP_001,C0791,T08014,414.0,2026-04-27
SHOP_001,C0517,T08015,394.0,2026-04-27
SHOP_001,C0819,T08016,635.0,2026-04-27
SHOP_001,C0718,T08017,354.0,2026-04-27
SHOP_001,C0233,T08018,601.0,2026-04-27
SHOP_001,C0245,T08019,385.0,2026-04-27
SHOP_001,C0197,T08020,735.0,2026-04-27
SHOP_001,C0066,T08021,368.0,2026-04-27
SHOP_001,C0315,T08022,1453.0,2026-04-27
SHOP_001,C0693,T08023,594.0,2026-04-27
SHOP_001,C0685,T08024,372.0,2026-04-27
SHOP_001,C0211,T08025,335.0,2026-04-27
SHOP_001,C0374,T08026,504.0,2026-04-27
SHOP_001,C0435,T08027,783.0,2026-04-27
SHOP_001,C0348,T08028,666.0,2026-04-27
SHOP_001,C0671,T08029,640.0,2026-04-27
SHOP_001,C0757,T08030,1077.0,2026-04-27
SHOP_001,C0579,T08031,318.0,2026-04-27
SHOP_001,C0672,T08032,611.0,2026-04-27
SHOP_001,C0777,T08033,500.0,2026-04-27
SHOP_001,C0031,T08034,298.0,2026-04-27
SHOP_001,C0456,T08035,291.0,2026-04-27
SHOP_001,C0162,T08036,327.0,2026-04-27
SHOP_001,C0546,T08037,624.0,2026-04-27
SHOP_001,C0524,T08038,362.0,2026-04-27
SHOP_001,C0490,T08039,343.0,2026-04-27
SHOP_001,C0365,T08040,581.0,2026-04-27
SHOP_001,C0396,T08041,371.0,2026-04-27
SHOP_001,C0677,T08042,1128.0,2026-04-27
SHOP_001,C0741,T08043,182.0,2026-04-27
SHOP_001,C0080,T08044,393.0,2026-04-28
SHOP_001,C0763,T08045,616.0,2026-04-28
SHOP_001,C0732,T08046,592.0,2026-04-28
SHOP_001,C0379,T08047,685.0,2026-04-28
SHOP_001,C0377,T08048,733.0,2026-04-28
SHOP_001,C0771,T08049,328.0,2026-04-28
SHOP_001,C0671,T08050,560.0,2026-04-28
SHOP_001,C0754,T08051,561.0,2026-04-28
SHOP_001,C0119,T08052,527.0,2026-04-28
SHOP_001,C0899,T08053,577.0,2026-04-28
SHOP_001,C0019,T08054,568.0,2026-04-28
SHOP_001,C0943,T08055,539.0,2026-04-28
SHOP_001,C0667,T08056,463.0,2026-04-28
SHOP_001,C0345,T08057,608.0,2026-04-28
SHOP_001,C0848,T08058,267.0,2026-04-28
SHOP_001,C0966,T08059,619.0,2026-04-28
SHOP_001,C0606,T08060,464.0,2026-04-28
SHOP_001,C0312,T08061,612.0,2026-04-28
SHOP_001,C0153,T08062,657.0,2026-04-28
SHOP_001,C0339,T08063,453.0,2026-04-28
SHOP_001,C0135,T08064,228.0,2026-04-28
SHOP_001,C0432,T08065,492.0,2026-04-28
SHOP_001,C0202,T08066,841.0,2026-04-29
SHOP_001,C0512,T08067,384.0,2026-04-29
SHOP_001,C0744,T08068,440.0,2026-04-29
SHOP_001,C0870,T08069,512.0,2026-04-29
SHOP_001,C0910,T08070,987.0,2026-04-29
SHOP_001,C0609,T08071,725.0,2026-04-29
SHOP_001,C0666,T08072,687.0,2026-04-29
SHOP_001,C0205,T08073,672.0,2026-04-29
SHOP_001,C0919,T08074,474.0,2026-04-29
SHOP_001,C0978,T08075,412.0,2026-04-29
SHOP_001,C0090,T08076,474.0,2026-04-29
SHOP_001,C0714,T08077,404.0,2026-04-29
SHOP_001,C0672,T08078,859.0,2026-04-29
SHOP_001,C0600,T08079,663.0,2026-04-29
SHOP_001,C0434,T08080,375.0,2026-04-29
SHOP_001,C0374,T08081,823.0,2026-04-29
SHOP_001,C0762,T08082,888.0,2026-04-29
SHOP_001,C0161,T08083,401.0,2026-04-29
SHOP_001,C0222,T08084,427.0,2026-04-29
SHOP_001,C0206,T08085,869.0,2026-04-29
SHOP_001,C0848,T08086,724.0,2026-04-29
SHOP_001,C0835,T08087,541.0,2026-04-29
SHOP_001,C0892,T08088,382.0,2026-04-29
SHOP_001,C0823,T08089,380.0,2026-04-29
SHOP_001,C0205,T08090,402.0,2026-04-29
SHOP_001,C0239,T08091,645.0,2026-04-29
SHOP_001,C0140,T08092,1029.0,2026-04-29
SHOP_001,C0338,T08093,729.0,2026-04-29
SHOP_001,C0080,T08094,707.0,2026-04-30
SHOP_001,C0097,T08095,599.0,2026-04-30
SHOP_001,C0193,T08096,651.0,2026-04-30
SHOP_001,C0174,T08097,1442.0,2026-04-30
SHOP_001,C0948,T08098,579.0,2026-04-30
SHOP_001,C0852,T08099,575.0,2026-04-30
SHOP_001,C0590,T08100,467.0,2026-04-30
SHOP_001,C0295,T08101,295.0,2026-04-30
SHOP_001,C0426,T08102,417.0,2026-04-30
SHOP_001,C0677,T08103,567.0,2026-04-30
SHOP_001,C0089,T08104,270.0,2026-04-30
SHOP_001,C0183,T08105,1265.0,2026-04-30
SHOP_001,C0338,T08106,956.0,2026-04-30
SHOP_001,C0183,T08107,1541.0,2026-04-30
SHOP_001,C0764,T08108,752.0,2026-04-30
SHOP_001,C0771,T08109,549.0,2026-04-30
SHOP_001,C0625,T08110,754.0,2026-04-30
SHOP_001,C0271,T08111,465.0,2026-04-30
SHOP_001,C0628,T08112,769.0,2026-04-30
SHOP_001,C0538,T08113,522.0,2026-04-30
SHOP_001,C0901,T08114,423.0,2026-04-30
SHOP_001,C0847,T08115,473.0,2026-04-30
SHOP_001,C0882,T08116,228.0,2026-04-30
SHOP_001,C0901,T08117,639.0,2026-04-30
SHOP_001,C0745,T08118,332.0,2026-04-30
SHOP_001,C0693,T08119,476.0,2026-04-30
SHOP_001,C0778,T08120,581.0,2026-05-01
SHOP_001,C0671,T08121,765.0,2026-05-01
SHOP_001,C0120,T08122,670.0,2026-05-01
SHOP_001,C0539,T08123,941.0,2026-05-01
SHOP_001,C0139,T08124,306.0,2026-05-01
SHOP_001,C0354,T08125,439.0,2026-05-01
SHOP_001,C0862,T08126,459.0,2026-05-01
SHOP_001,C0435,T08127,887.0,2026-05-01
SHOP_001,C0229,T08128,1025.0,2026-05-01
SHOP_001,C0723,T08129,373.0,2026-05-01
SHOP_001,C0782,T08130,295.0,2026-05-01
SHOP_001,C0800,T08131,458.0,2026-05-01
SHOP_001,C0765,T08132,340.0,2026-05-01
SHOP_001,C0512,T08133,331.0,2026-05-01
SHOP_001,C0109,T08134,664.0,2026-05-01
SHOP_001,C0685,T08135,287.0,2026-05-01
SHOP_001,C0408,T08136,630.0,2026-05-01
SHOP_001,C0525,T08137,758.0,2026-05-01
SHOP_001,C0601,T08138,281.0,2026-05-01
SHOP_001,C0922,T08139,648.0,2026-05-01
SHOP_001,C0936,T08140,884.0,2026-05-01
SHOP_001,C0092,T08141,948.0,2026-05-01
SHOP_001,C0692,T08142,724.0,2026-05-01
SHOP_001,C0183,T08143,705.0,2026-05-01
SHOP_001,C0943,T08144,443.0,2026-05-01
SHOP_001,C0809,T08145,1051.0,2026-05-01
SHOP_001,C0227,T08146,594.0,2026-05-01
SHOP_001,C0872,T08147,696.0,2026-05-01
SHOP_001,C0458,T08148,740.0,2026-05-01
SHOP_001,C0655,T08149,506.0,2026-05-01
SHOP_001,C0736,T08150,664.0,2026-05-01
SHOP_001,C0435,T08151,1012.0,2026-05-01
SHOP_001,C0105,T08152,763.0,2026-05-01
SHOP_001,C0901,T08153,777.0,2026-05-02
SHOP_001,C0711,T08154,391.0,2026-05-02
SHOP_001,C0554,T08155,950.0,2026-05-02
SHOP_001,C0761,T08156,271.0,2026-05-02
SHOP_001,C0261,T08157,443.0,2026-05-02
SHOP_001,C0721,T08158,667.0,2026-05-02
SHOP_001,C0446,T08159,336.0,2026-05-02
SHOP_001,C0459,T08160,1061.0,2026-05-02
SHOP_001,C0810,T08161,786.0,2026-05-02
SHOP_001,C0227,T08162,508.0,2026-05-02
SHOP_001,C0744,T08163,588.0,2026-05-02
SHOP_001,C0737,T08164,842.0,2026-05-02
SHOP_001,C0084,T08165,682.0,2026-05-02
SHOP_001,C0831,T08166,1490.0,2026-05-02
SHOP_001,C0809,T08167,508.0,2026-05-02
SHOP_001,C0206,T08168,533.0,2026-05-02
SHOP_001,C0150,T08169,456.0,2026-05-02
SHOP_001,C0894,T08170,492.0,2026-05-02
SHOP_001,C0763,T08171,647.0,2026-05-02
SHOP_001,C0364,T08172,565.0,2026-05-02
SHOP_001,C0105,T08173,607.0,2026-05-02
SHOP_001,C0556,T08174,576.0,2026-05-02
SHOP_001,C0927,T08175,832.0,2026-05-02
SHOP_001,C0197,T08176,610.0,2026-05-02
SHOP_001,C0397,T08177,762.0,2026-05-02
SHOP_001,C0809,T08178,824.0,2026-05-02
SHOP_001,C0426,T08179,724.0,2026-05-02
SHOP_001,C0987,T08180,481.0,2026-05-02
SHOP_001,C0327,T08181,784.0,2026-05-02
SHOP_001,C0579,T08182,553.0,2026-05-02
SHOP_001,C0307,T08183,1539.0,2026-05-02
SHOP_001,C0466,T08184,961.0,2026-05-03
SHOP_001,C0084,T08185,698.0,2026-05-03
SHOP_001,C0352,T08186,688.0,2026-05-03
SHOP_001,C0370,T08187,362.0,2026-05-03
SHOP_001,C0826,T08188,404.0,2026-05-03
SHOP_001,C0153,T08189,964.0,2026-05-03
SHOP_001,C0460,T08190,296.0,2026-05-03
SHOP_001,C0169,T08191,464.0,2026-05-03
SHOP_001,C0794,T08192,833.0,2026-05-03
SHOP_001,C0864,T08193,451.0,2026-05-03
SHOP_001,C0478,T08194,926.0,2026-05-03
SHOP_001,C0056,T08195,775.0,2026-05-03
SHOP_001,C0872,T08196,811.0,2026-05-03
SHOP_001,C0541,T08197,481.0,2026-05-03
SHOP_001,C0940,T08198,507.0,2026-05-03
SHOP_001,C0091,T08199,260.0,2026-05-03
SHOP_001,C0237,T08200,616.0,2026-05-03
SHOP_001,C0784,T08201,1080.0,2026-05-03
SHOP_001,C0547,T08202,400.0,2026-05-03
SHOP_001,C0716,T08203,695.0,2026-05-03
SHOP_001,C0509,T08204,493.0,2026-05-03
SHOP_001,C0083,T08205,471.0,2026-05-03
SHOP_001,C0254,T08206,338.0,2026-05-03
SHOP_001,C0579,T08207,781.0,2026-05-03
SHOP_001,C0131,T08208,978.0,2026-05-03
SHOP_001,C0433,T08209,460.0,2026-05-03
SHOP_001,C0307,T08210,792.0,2026-05-03
SHOP_001,C0254,T08211,502.0,2026-05-03
SHOP_001,C1000,T08212,428.0,2026-05-03
SHOP_001,C0219,T08213,696.0,2026-05-03
SHOP_001,C0931,T08214,516.0,2026-05-03
SHOP_001,C0353,T08215,1416.0,2026-05-03
SHOP_001,C0700,T08216,507.0,2026-05-03
SHOP_001,C0280,T08217,419.0,2026-05-03
SHOP_001,C0262,T08218,325.0,2026-05-03
SHOP_001,C0142,T08219,456.0,2026-05-04
SHOP_001,C0355,T08220,387.0,2026-05-04
SHOP_001,C0719,T08221,373.0,2026-05-04
SHOP_001,C0181,T08222,443.0,2026-05-04
SHOP_001,C0951,T08223,1161.0,2026-05-04
SHOP_001,C0224,T08224,644.0,2026-05-04
SHOP_001,C0131,T08225,306.0,2026-05-04
SHOP_001,C0671,T08226,621.0,2026-05-04
SHOP_001,C0497,T08227,1836.0,2026-05-04
SHOP_001,C0493,T08228,539.0,2026-05-04
SHOP_001,C0490,T08229,468.0,2026-05-04
SHOP_001,C0427,T08230,629.0,2026-05-04
SHOP_001,C0460,T08231,294.0,2026-05-04
SHOP_001,C0153,T08232,640.0,2026-05-04
SHOP_001,C0962,T08233,792.0,2026-05-04
SHOP_001,C0992,T08234,712.0,2026-05-04
SHOP_001,C0370,T08235,309.0,2026-05-04
SHOP_001,C0353,T08236,571.0,2026-05-04
SHOP_001,C0496,T08237,617.0,2026-05-04
SHOP_001,C0924,T08238,524.0,2026-05-04
SHOP_001,C0694,T08239,697.0,2026-05-04
SHOP_001,C0447,T08240,398.0,2026-05-04
SHOP_001,C0097,T08241,662.0,2026-05-04
SHOP_001,C0273,T08242,351.0,2026-05-05
SHOP_001,C0096,T08243,409.0,2026-05-05
SHOP_001,C0775,T08244,438.0,2026-05-05
SHOP_001,C0030,T08245,311.0,2026-05-05
SHOP_001,C0406,T08246,323.0,2026-05-05
SHOP_001,C0655,T08247,734.0,2026-05-05
SHOP_001,C0539,T08248,469.0,2026-05-05
SHOP_001,C0707,T08249,735.0,2026-05-05
SHOP_001,C0039,T08250,568.0,2026-05-05
SHOP_001,C0887,T08251,290.0,2026-05-05
SHOP_001,C0966,T08252,475.0,2026-05-05
SHOP_001,C0542,T08253,312.0,2026-05-05
SHOP_001,C0681,T08254,277.0,2026-05-05
SHOP_001,C0919,T08255,280.0,2026-05-05
SHOP_001,C0080,T08256,606.0,2026-05-05
SHOP_001,C0694,T08257,539.0,2026-05-05
SHOP_001,C0761,T08258,556.0,2026-05-05
SHOP_001,C0792,T08259,511.0,2026-05-05
SHOP_001,C0601,T08260,415.0,2026-05-05
SHOP_001,C0456,T08261,235.0,2026-05-05
SHOP_001,C0426,T08262,456.0,2026-05-05
SHOP_001,C0174,T08263,842.0,2026-05-05
SHOP_001,C0157,T08264,486.0,2026-05-05
SHOP_001,C0752,T08265,316.0,2026-05-05
SHOP_001,C0540,T08266,679.0,2026-05-06
SHOP_001,C0013,T08267,806.0,2026-05-06
SHOP_001,C0736,T08268,484.0,2026-05-06
SHOP_001,C0456,T08269,303.0,2026-05-06
SHOP_001,C0227,T08270,479.0,2026-05-06
SHOP_001,C0901,T08271,689.0,2026-05-06
SHOP_001,C0411,T08272,615.0,2026-05-06
SHOP_001,C0590,T08273,329.0,2026-05-06
SHOP_001,C0564,T08274,593.0,2026-05-06
SHOP_001,C0530,T08275,600.0,2026-05-06
SHOP_001,C0235,T08276,774.0,2026-05-06
SHOP_001,C0339,T08277,328.0,2026-05-06
SHOP_001,C0427,T08278,541.0,2026-05-06
SHOP_001,C0482,T08279,739.0,2026-05-06
SHOP_001,C0716,T08280,690.0,2026-05-06
SHOP_001,C0457,T08281,374.0,2026-05-06
SHOP_001,C0273,T08282,391.0,2026-05-06
SHOP_001,C0978,T08283,622.0,2026-05-06
SHOP_001,C0128,T08284,454.0,2026-05-06
SHOP_001,C0225,T08285,462.0,2026-05-06
SHOP_001,C0803,T08286,389.0,2026-05-06
SHOP_001,C0087,T08287,395.0,2026-05-06
SHOP_001,C0232,T08288,612.0,2026-05-06
SHOP_001,C0105,T08289,537.0,2026-05-06
SHOP_001,C0872,T08290,731.0,2026-05-06
SHOP_001,C0761,T08291,580.0,2026-05-06
SHOP_001,C0322,T08292,824.0,2026-05-06
SHOP_001,C0176,T08293,878.0,2026-05-06
SHOP_001,C0576,T08294,855.0,2026-05-06
SHOP_001,C0464,T08295,446.0,2026-05-06
SHOP_001,C0908,T08296,543.0,2026-05-06
SHOP_001,C0559,T08297,593.0,2026-05-07
SHOP_001,C0194,T08298,554.0,2026-05-07
SHOP_001,C0691,T08299,491.0,2026-05-07
SHOP_001,C0242,T08300,842.0,2026-05-07
SHOP_001,C0748,T08301,447.0,2026-05-07
SHOP_001,C0480,T08302,376.0,2026-05-07
SHOP_001,C0360,T08303,405.0,2026-05-07
SHOP_001,C0539,T08304,628.0,2026-05-07
SHOP_001,C0509,T08305,543.0,2026-05-07
SHOP_001,C0622,T08306,834.0,2026-05-07
SHOP_001,C0459,T08307,475.0,2026-05-07
SHOP_001,C0440,T08308,608.0,2026-05-07
SHOP_001,C0900,T08309,581.0,2026-05-07
SHOP_001,C0393,T08310,183.0,2026-05-07
SHOP_001,C0716,T08311,619.0,2026-05-07
SHOP_001,C0258,T08312,321.0,2026-05-07
SHOP_001,C0460,T08313,383.0,2026-05-07
SHOP_001,C0490,T08314,457.0,2026-05-07
SHOP_001,C0205,T08315,467.0,2026-05-07
SHOP_001,C0694,T08316,1062.0,2026-05-08
SHOP_001,C0512,T08317,521.0,2026-05-08
SHOP_001,C0969,T08318,506.0,2026-05-08
SHOP_001,C0908,T08319,325.0,2026-05-08
SHOP_001,C0479,T08320,865.0,2026-05-08
SHOP_001,C0854,T08321,382.0,2026-05-08
SHOP_001,C0671,T08322,802.0,2026-05-08
SHOP_001,C0694,T08323,672.0,2026-05-08
SHOP_001,C0102,T08324,729.0,2026-05-08
SHOP_001,C0975,T08325,459.0,2026-05-08
SHOP_001,C0590,T08326,587.0,2026-05-08
SHOP_001,C0390,T08327,419.0,2026-05-08
SHOP_001,C0492,T08328,647.0,2026-05-08
SHOP_001,C0947,T08329,375.0,2026-05-08
SHOP_001,C0440,T08330,566.0,2026-05-08
SHOP_001,C0088,T08331,545.0,2026-05-08
SHOP_001,C0892,T08332,1075.0,2026-05-08
SHOP_001,C0492,T08333,563.0,2026-05-08
SHOP_001,C0302,T08334,314.0,2026-05-08
SHOP_001,C0784,T08335,686.0,2026-05-08
SHOP_001,C0970,T08336,508.0,2026-05-08
SHOP_001,C0900,T08337,1076.0,2026-05-08
SHOP_001,C0960,T08338,501.0,2026-05-08
SHOP_001,C0910,T08339,808.0,2026-05-08
SHOP_001,C0923,T08340,1188.0,2026-05-08
SHOP_001,C0401,T08341,1473.0,2026-05-08
SHOP_001,C0625,T08342,625.0,2026-05-08
SHOP_001,C0925,T08343,691.0,2026-05-09
SHOP_001,C0699,T08344,774.0,2026-05-09
SHOP_001,C0352,T08345,696.0,2026-05-09
SHOP_001,C0663,T08346,603.0,2026-05-09
SHOP_001,C0647,T08347,396.0,2026-05-09
SHOP_001,C0741,T08348,328.0,2026-05-09
SHOP_001,C0451,T08349,492.0,2026-05-09
SHOP_001,C0997,T08350,521.0,2026-05-09
SHOP_001,C0294,T08351,292.0,2026-05-09
SHOP_001,C0292,T08352,365.0,2026-05-09
SHOP_001,C0505,T08353,698.0,2026-05-09
SHOP_001,C0199,T08354,447.0,2026-05-09
SHOP_001,C0045,T08355,277.0,2026-05-09
SHOP_001,C0716,T08356,787.0,2026-05-09
SHOP_001,C0714,T08357,698.0,2026-05-09
SHOP_001,C0180,T08358,687.0,2026-05-09
SHOP_001,C0216,T08359,481.0,2026-05-09
SHOP_001,C0462,T08360,648.0,2026-05-09
SHOP_001,C0780,T08361,736.0,2026-05-09
SHOP_001,C0024,T08362,750.0,2026-05-09
SHOP_001,C0663,T08363,329.0,2026-05-09
SHOP_001,C0206,T08364,789.0,2026-05-09
SHOP_001,C0324,T08365,387.0,2026-05-09
SHOP_001,C0451,T08366,382.0,2026-05-09
SHOP_001,C0568,T08367,819.0,2026-05-09
SHOP_001,C0343,T08368,351.0,2026-05-09
SHOP_001,C0460,T08369,314.0,2026-05-09
SHOP_001,C0084,T08370,709.0,2026-05-09
SHOP_001,C0809,T08371,419.0,2026-05-09
SHOP_001,C0014,T08372,782.0,2026-05-09
SHOP_001,C0227,T08373,293.0,2026-05-09
SHOP_001,C0931,T08374,509.0,2026-05-09
SHOP_001,C0331,T08375,340.0,2026-05-09
SHOP_001,C0567,T08376,453.0,2026-05-09
SHOP_001,C0719,T08377,507.0,2026-05-09
SHOP_001,C0374,T08378,674.0,2026-05-09
SHOP_001,C0625,T08379,424.0,2026-05-09
SHOP_001,C0648,T08380,427.0,2026-05-09
SHOP_001,C0492,T08381,675.0,2026-05-09
SHOP_001,C0080,T08382,700.0,2026-05-09
SHOP_001,C0140,T08383,457.0,2026-05-09
SHOP_001,C0089,T08384,857.0,2026-05-09
SHOP_001,C0878,T08385,985.0,2026-05-09
SHOP_001,C0295,T08386,369.0,2026-05-09
SHOP_001,C0492,T08387,992.0,2026-05-09
SHOP_001,C0354,T08388,472.0,2026-05-09
SHOP_001,C0476,T08389,316.0,2026-05-09
SHOP_001,C0609,T08390,561.0,2026-05-09
SHOP_001,C0294,T08391,450.0,2026-05-09
SHOP_001,C0719,T08392,521.0,2026-05-09
SHOP_001,C0353,T08393,788.0,2026-05-09
SHOP_001,C0150,T08394,434.0,2026-05-10
SHOP_001,C0549,T08395,389.0,2026-05-10
SHOP_001,C0809,T08396,579.0,2026-05-10
SHOP_001,C0793,T08397,897.0,2026-05-10
SHOP_001,C0894,T08398,874.0,2026-05-10
SHOP_001,C0525,T08399,1117.0,2026-05-10
SHOP_001,C0651,T08400,641.0,2026-05-10
SHOP_001,C0751,T08401,709.0,2026-05-10
SHOP_001,C0224,T08402,1611.0,2026-05-10
SHOP_001,C0663,T08403,351.0,2026-05-10
SHOP_001,C0803,T08404,549.0,2026-05-10
SHOP_001,C0912,T08405,484.0,2026-05-10
SHOP_001,C0323,T08406,577.0,2026-05-10
SHOP_001,C0671,T08407,807.0,2026-05-10
SHOP_001,C0325,T08408,398.0,2026-05-10
SHOP_001,C0961,T08409,405.0,2026-05-10
SHOP_001,C0116,T08410,657.0,2026-05-10
SHOP_001,C0327,T08411,1017.0,2026-05-10
SHOP_001,C0763,T08412,794.0,2026-05-10
SHOP_001,C0369,T08413,580.0,2026-05-10
SHOP_001,C0468,T08414,929.0,2026-05-10
SHOP_001,C0266,T08415,258.0,2026-05-10
SHOP_001,C0663,T08416,513.0,2026-05-10
SHOP_001,C0775,T08417,387.0,2026-05-10
SHOP_001,C0359,T08418,815.0,2026-05-10
SHOP_001,C0360,T08419,415.0,2026-05-10
SHOP_001,C0784,T08420,642.0,2026-05-10
SHOP_001,C0648,T08421,542.0,2026-05-10
SHOP_001,C0544,T08422,552.0,2026-05-10
SHOP_001,C0833,T08423,361.0,2026-05-10
SHOP_001,C0729,T08424,622.0,2026-05-10
SHOP_001,C0685,T08425,434.0,2026-05-10
SHOP_001,C0499,T08426,610.0,2026-05-10
SHOP_001,C0678,T08427,441.0,2026-05-10
SHOP_001,C0529,T08428,841.0,2026-05-10
SHOP_001,C0224,T08429,505.0,2026-05-10
SHOP_001,C0677,T08430,697.0,2026-05-10
SHOP_001,C0506,T08431,219.0,2026-05-10
SHOP_001,C0211,T08432,394.0,2026-05-10
SHOP_001,C0212,T08433,495.0,2026-05-10
SHOP_001,C0322,T08434,837.0,2026-05-10
SHOP_001,C0078,T08435,422.0,2026-05-10
SHOP_001,C0609,T08436,744.0,2026-05-10
SHOP_001,C0509,T08437,531.0,2026-05-10
SHOP_001,C0703,T08438,593.0,2026-05-10
SHOP_001,C0977,T08439,869.0,2026-05-10
SHOP_001,C0987,T08440,508.0,2026-05-10
SHOP_001,C0780,T08441,1214.0,2026-05-10
SHOP_001,C0365,T08442,850.0,2026-05-11
SHOP_001,C0330,T08443,526.0,2026-05-11
SHOP_001,C0798,T08444,560.0,2026-05-11
SHOP_001,C0809,T08445,546.0,2026-05-11
SHOP_001,C0901,T08446,422.0,2026-05-11
SHOP_001,C0426,T08447,271.0,2026-05-11
SHOP_001,C0248,T08448,597.0,2026-05-11
SHOP_001,C0446,T08449,696.0,2026-05-11
SHOP_001,C0929,T08450,484.0,2026-05-11
SHOP_001,C0784,T08451,984.0,2026-05-11
SHOP_001,C0508,T08452,728.0,2026-05-11
SHOP_001,C0939,T08453,773.0,2026-05-11
SHOP_001,C0377,T08454,424.0,2026-05-11
SHOP_001,C0539,T08455,544.0,2026-05-11
SHOP_001,C0384,T08456,625.0,2026-05-11
SHOP_001,C0329,T08457,428.0,2026-05-11
SHOP_001,C0950,T08458,1020.0,2026-05-11
SHOP_001,C0511,T08459,376.0,2026-05-11
SHOP_001,C0338,T08460,324.0,2026-05-11
SHOP_001,C0910,T08461,1473.0,2026-05-11
SHOP_001,C0384,T08462,448.0,2026-05-11
SHOP_001,C0174,T08463,613.0,2026-05-11
SHOP_001,C0475,T08464,788.0,2026-05-12
SHOP_001,C0014,T08465,971.0,2026-05-12
SHOP_001,C0518,T08466,608.0,2026-05-12
SHOP_001,C0763,T08467,685.0,2026-05-12
SHOP_001,C0657,T08468,617.0,2026-05-12
SHOP_001,C0269,T08469,870.0,2026-05-12
SHOP_001,C0105,T08470,823.0,2026-05-12
SHOP_001,C0359,T08471,424.0,2026-05-12
SHOP_001,C0493,T08472,726.0,2026-05-12
SHOP_001,C0181,T08473,198.0,2026-05-12
SHOP_001,C0353,T08474,427.0,2026-05-12
SHOP_001,C0092,T08475,543.0,2026-05-12
SHOP_001,C0787,T08476,354.0,2026-05-12
SHOP_001,C0903,T08477,357.0,2026-05-12
SHOP_001,C0434,T08478,422.0,2026-05-12
SHOP_001,C0757,T08479,655.0,2026-05-12
SHOP_001,C0288,T08480,365.0,2026-05-12
SHOP_001,C0848,T08481,592.0,2026-05-12
SHOP_001,C0526,T08482,720.0,2026-05-12
SHOP_001,C0686,T08483,537.0,2026-05-12
SHOP_001,C0353,T08484,334.0,2026-05-12
SHOP_001,C0848,T08485,719.0,2026-05-13
SHOP_001,C0919,T08486,446.0,2026-05-13
SHOP_001,C0498,T08487,910.0,2026-05-13
SHOP_001,C0211,T08488,385.0,2026-05-13
SHOP_001,C0604,T08489,631.0,2026-05-13
SHOP_001,C0940,T08490,243.0,2026-05-13
SHOP_001,C0831,T08491,833.0,2026-05-13
SHOP_001,C0732,T08492,553.0,2026-05-13
SHOP_001,C0573,T08493,704.0,2026-05-13
SHOP_001,C0466,T08494,855.0,2026-05-13
SHOP_001,C0428,T08495,605.0,2026-05-13
SHOP_001,C0732,T08496,733.0,2026-05-13
SHOP_001,C0297,T08497,554.0,2026-05-13
SHOP_001,C0943,T08498,351.0,2026-05-13
SHOP_001,C0216,T08499,313.0,2026-05-13
SHOP_001,C0135,T08500,294.0,2026-05-13
SHOP_001,C0541,T08501,346.0,2026-05-13
SHOP_001,C0548,T08502,822.0,2026-05-13
SHOP_001,C0172,T08503,761.0,2026-05-13
SHOP_001,C0525,T08504,782.0,2026-05-13
SHOP_001,C0150,T08505,596.0,2026-05-13
SHOP_001,C0092,T08506,1074.0,2026-05-13
SHOP_001,C0547,T08507,563.0,2026-05-13
SHOP_001,C0718,T08508,1148.0,2026-05-13
SHOP_001,C0150,T08509,560.0,2026-05-13
SHOP_001,C0322,T08510,462.0,2026-05-13
SHOP_001,C0066,T08511,259.0,2026-05-13
SHOP_001,C0367,T08512,303.0,2026-05-13
SHOP_001,C0518,T08513,826.0,2026-05-14
SHOP_001,C0854,T08514,578.0,2026-05-14
SHOP_001,C0539,T08515,592.0,2026-05-14
SHOP_001,C0894,T08516,474.0,2026-05-14
SHOP_001,C0031,T08517,652.0,2026-05-14
SHOP_001,C0790,T08518,619.0,2026-05-14
SHOP_001,C0780,T08519,687.0,2026-05-14
SHOP_001,C0174,T08520,400.0,2026-05-14
SHOP_001,C0690,T08521,436.0,2026-05-14
SHOP_001,C0254,T08522,846.0,2026-05-14
SHOP_001,C0377,T08523,758.0,2026-05-14
SHOP_001,C0796,T08524,431.0,2026-05-14
SHOP_001,C0028,T08525,277.0,2026-05-14
SHOP_001,C0498,T08526,843.0,2026-05-14
SHOP_001,C0716,T08527,593.0,2026-05-14
SHOP_001,C0862,T08528,642.0,2026-05-14
SHOP_001,C0174,T08529,530.0,2026-05-14
SHOP_001,C0848,T08530,672.0,2026-05-14
SHOP_001,C0304,T08531,294.0,2026-05-14
SHOP_001,C0357,T08532,1251.0,2026-05-14
SHOP_001,C0084,T08533,937.0,2026-05-14
SHOP_001,C0174,T08534,512.0,2026-05-14
SHOP_001,C0949,T08535,790.0,2026-05-14
SHOP_001,C0784,T08536,629.0,2026-05-14
SHOP_001,C0188,T08537,372.0,2026-05-14
SHOP_001,C0835,T08538,446.0,2026-05-14
SHOP_001,C0324,T08539,347.0,2026-05-14
SHOP_001,C0396,T08540,294.0,2026-05-14
SHOP_001,C0768,T08541,1177.0,2026-05-15
SHOP_001,C0990,T08542,324.0,2026-05-15
SHOP_001,C0258,T08543,454.0,2026-05-15
SHOP_001,C0066,T08544,741.0,2026-05-15
SHOP_001,C0408,T08545,373.0,2026-05-15
SHOP_001,C0805,T08546,630.0,2026-05-15
SHOP_001,C0940,T08547,607.0,2026-05-15
SHOP_001,C0852,T08548,464.0,2026-05-15
SHOP_001,C0031,T08549,572.0,2026-05-15
SHOP_001,C0515,T08550,329.0,2026-05-15
SHOP_001,C0994,T08551,476.0,2026-05-15
SHOP_001,C0205,T08552,420.0,2026-05-15
SHOP_001,C0373,T08553,431.0,2026-05-15
SHOP_001,C0679,T08554,417.0,2026-05-15
SHOP_001,C0943,T08555,448.0,2026-05-15
SHOP_001,C0655,T08556,473.0,2026-05-15
SHOP_001,C0001,T08557,1269.0,2026-05-15
SHOP_001,C0646,T08558,426.0,2026-05-15
SHOP_001,C0903,T08559,842.0,2026-05-15
SHOP_001,C0390,T08560,509.0,2026-05-15
SHOP_001,C0843,T08561,621.0,2026-05-15
SHOP_001,C0807,T08562,315.0,2026-05-15
SHOP_001,C0768,T08563,779.0,2026-05-15
SHOP_001,C0349,T08564,297.0,2026-05-15
SHOP_001,C0432,T08565,494.0,2026-05-15
SHOP_001,C0077,T08566,644.0,2026-05-15
SHOP_001,C0392,T08567,493.0,2026-05-15
SHOP_001,C0153,T08568,807.0,2026-05-15
SHOP_001,C0242,T08569,771.0,2026-05-15
SHOP_001,C0353,T08570,453.0,2026-05-15
SHOP_001,C0219,T08571,626.0,2026-05-15
SHOP_001,C0864,T08572,456.0,2026-05-15
SHOP_001,C0426,T08573,424.0,2026-05-15
SHOP_001,C0943,T08574,631.0,2026-05-15
SHOP_001,C0106,T08575,484.0,2026-05-15
SHOP_001,C0246,T08576,757.0,2026-05-15
SHOP_001,C0142,T08577,300.0,2026-05-16
SHOP_001,C0881,T08578,212.0,2026-05-16
SHOP_001,C0686,T08579,693.0,2026-05-16
SHOP_001,C0176,T08580,605.0,2026-05-16
SHOP_001,C0937,T08581,444.0,2026-05-16
SHOP_001,C0073,T08582,735.0,2026-05-16
SHOP_001,C0019,T08583,459.0,2026-05-16
SHOP_001,C0456,T08584,379.0,2026-05-16
SHOP_001,C0446,T08585,494.0,2026-05-16
SHOP_001,C0036,T08586,561.0,2026-05-16
SHOP_001,C0744,T08587,642.0,2026-05-16
SHOP_001,C0188,T08588,482.0,2026-05-16
SHOP_001,C0757,T08589,355.0,2026-05-16
SHOP_001,C0862,T08590,716.0,2026-05-16
SHOP_001,C0407,T08591,723.0,2026-05-16
SHOP_001,C0801,T08592,382.0,2026-05-16
SHOP_001,C0570,T08593,1073.0,2026-05-16
SHOP_001,C0950,T08594,562.0,2026-05-16
SHOP_001,C0652,T08595,794.0,2026-05-16
SHOP_001,C0169,T08596,937.0,2026-05-16
SHOP_001,C0433,T08597,600.0,2026-05-16
SHOP_001,C0793,T08598,401.0,2026-05-16
SHOP_001,C0671,T08599,928.0,2026-05-16
SHOP_001,C0968,T08600,695.0,2026-05-16
SHOP_001,C0467,T08601,517.0,2026-05-16
SHOP_001,C0843,T08602,863.0,2026-05-16
SHOP_001,C0814,T08603,646.0,2026-05-16
SHOP_001,C0481,T08604,264.0,2026-05-16
SHOP_001,C0856,T08605,443.0,2026-05-16
SHOP_001,C0218,T08606,756.0,2026-05-16
SHOP_001,C0690,T08607,975.0,2026-05-17
SHOP_001,C0675,T08608,1078.0,2026-05-17
SHOP_001,C0996,T08609,382.0,2026-05-17
SHOP_001,C0811,T08610,369.0,2026-05-17
SHOP_001,C0584,T08611,576.0,2026-05-17
SHOP_001,C0604,T08612,708.0,2026-05-17
SHOP_001,C0777,T08613,342.0,2026-05-17
SHOP_001,C0791,T08614,504.0,2026-05-17
SHOP_001,C0718,T08615,1074.0,2026-05-17
SHOP_001,C0734,T08616,567.0,2026-05-17
SHOP_001,C0809,T08617,919.0,2026-05-17
SHOP_001,C0713,T08618,641.0,2026-05-17
SHOP_001,C0322,T08619,682.0,2026-05-17
SHOP_001,C0078,T08620,629.0,2026-05-17
SHOP_001,C0396,T08621,405.0,2026-05-17
SHOP_001,C0188,T08622,504.0,2026-05-17
SHOP_001,C0660,T08623,519.0,2026-05-17
SHOP_001,C0881,T08624,554.0,2026-05-17
SHOP_001,C0122,T08625,629.0,2026-05-17
SHOP_001,C0590,T08626,548.0,2026-05-17
SHOP_001,C0551,T08627,1224.0,2026-05-17
SHOP_001,C0030,T08628,669.0,2026-05-17
SHOP_001,C0199,T08629,814.0,2026-05-17
SHOP_001,C0626,T08630,689.0,2026-05-17
SHOP_001,C0188,T08631,630.0,2026-05-17
SHOP_001,C0794,T08632,414.0,2026-05-17
SHOP_001,C0518,T08633,550.0,2026-05-17
SHOP_001,C0071,T08634,429.0,2026-05-17
SHOP_001,C0426,T08635,454.0,2026-05-17
SHOP_001,C0965,T08636,594.0,2026-05-17
SHOP_001,C0621,T08637,386.0,2026-05-17
SHOP_001,C0609,T08638,433.0,2026-05-17
SHOP_001,C0935,T08639,413.0,2026-05-17
SHOP_001,C0216,T08640,495.0,2026-05-17
SHOP_001,C0162,T08641,440.0,2026-05-17
SHOP_001,C0438,T08642,210.0,2026-05-17
SHOP_001,C0716,T08643,700.0,2026-05-17
SHOP_001,C0945,T08644,913.0,2026-05-17
SHOP_001,C0202,T08645,641.0,2026-05-17
SHOP_001,C0831,T08646,648.0,2026-05-17
SHOP_001,C0444,T08647,465.0,2026-05-17
SHOP_001,C0556,T08648,484.0,2026-05-17
SHOP_001,C0763,T08649,828.0,2026-05-17
SHOP_001,C0899,T08650,511.0,2026-05-18
SHOP_001,C0078,T08651,720.0,2026-05-18
SHOP_001,C0584,T08652,436.0,2026-05-18
SHOP_001,C0897,T08653,554.0,2026-05-18
SHOP_001,C0763,T08654,560.0,2026-05-18
SHOP_001,C0354,T08655,308.0,2026-05-18
SHOP_001,C0940,T08656,194.0,2026-05-18
SHOP_001,C0311,T08657,577.0,2026-05-18
SHOP_001,C0965,T08658,805.0,2026-05-18
SHOP_001,C0227,T08659,528.0,2026-05-18
SHOP_001,C0593,T08660,736.0,2026-05-18
SHOP_001,C0610,T08661,918.0,2026-05-18
SHOP_001,C0943,T08662,299.0,2026-05-18
SHOP_001,C0854,T08663,574.0,2026-05-18
SHOP_001,C0322,T08664,454.0,2026-05-18
SHOP_001,C0551,T08665,821.0,2026-05-18
SHOP_001,C0174,T08666,705.0,2026-05-18
SHOP_001,C0601,T08667,688.0,2026-05-18
SHOP_001,C0408,T08668,515.0,2026-05-18
SHOP_001,C0277,T08669,534.0,2026-05-18
SHOP_001,C0686,T08670,376.0,2026-05-18
SHOP_001,C0454,T08671,541.0,2026-05-18
SHOP_001,C0347,T08672,621.0,2026-05-18
SHOP_001,C0420,T08673,656.0,2026-05-19
SHOP_001,C0557,T08674,525.0,2026-05-19
SHOP_001,C0877,T08675,663.0,2026-05-19
SHOP_001,C0686,T08676,469.0,2026-05-19
SHOP_001,C0521,T08677,465.0,2026-05-19
SHOP_001,C0233,T08678,599.0,2026-05-19
SHOP_001,C0451,T08679,517.0,2026-05-19
SHOP_001,C0580,T08680,416.0,2026-05-19
SHOP_001,C0040,T08681,756.0,2026-05-19
SHOP_001,C0940,T08682,521.0,2026-05-19
SHOP_001,C0296,T08683,381.0,2026-05-19
SHOP_001,C0019,T08684,596.0,2026-05-19
SHOP_001,C0591,T08685,618.0,2026-05-19
SHOP_001,C0030,T08686,264.0,2026-05-19
SHOP_001,C0744,T08687,640.0,2026-05-19
SHOP_001,C0276,T08688,535.0,2026-05-19
SHOP_001,C0767,T08689,439.0,2026-05-19
SHOP_001,C0859,T08690,423.0,2026-05-19
SHOP_001,C0144,T08691,248.0,2026-05-19
SHOP_001,C0105,T08692,1092.0,2026-05-20
SHOP_001,C0724,T08693,500.0,2026-05-20
SHOP_001,C0227,T08694,515.0,2026-05-20
SHOP_001,C0873,T08695,855.0,2026-05-20
SHOP_001,C0279,T08696,593.0,2026-05-20
SHOP_001,C0734,T08697,691.0,2026-05-20
SHOP_001,C0718,T08698,966.0,2026-05-20
SHOP_001,C0297,T08699,444.0,2026-05-20
SHOP_001,C0399,T08700,852.0,2026-05-20
SHOP_001,C0295,T08701,466.0,2026-05-20
SHOP_001,C0556,T08702,293.0,2026-05-20
SHOP_001,C0636,T08703,677.0,2026-05-20
SHOP_001,C0014,T08704,485.0,2026-05-20
SHOP_001,C0924,T08705,509.0,2026-05-20
SHOP_001,C0874,T08706,751.0,2026-05-20
SHOP_001,C0248,T08707,308.0,2026-05-20
SHOP_001,C0241,T08708,551.0,2026-05-20
SHOP_001,C0902,T08709,395.0,2026-05-20
SHOP_001,C0039,T08710,230.0,2026-05-20
SHOP_001,C0235,T08711,400.0,2026-05-20
SHOP_001,C0506,T08712,353.0,2026-05-20
SHOP_001,C0505,T08713,348.0,2026-05-20
SHOP_001,C0284,T08714,497.0,2026-05-20
SHOP_001,C0493,T08715,613.0,2026-05-21
SHOP_001,C0809,T08716,767.0,2026-05-21
SHOP_001,C0754,T08717,462.0,2026-05-21
SHOP_001,C0165,T08718,325.0,2026-05-21
SHOP_001,C0943,T08719,544.0,2026-05-21
SHOP_001,C0809,T08720,453.0,2026-05-21
SHOP_001,C0844,T08721,769.0,2026-05-21
SHOP_001,C0465,T08722,342.0,2026-05-21
SHOP_001,C0897,T08723,631.0,2026-05-21
SHOP_001,C0946,T08724,647.0,2026-05-21
SHOP_001,C0202,T08725,526.0,2026-05-21
SHOP_001,C0426,T08726,524.0,2026-05-21
SHOP_001,C0648,T08727,373.0,2026-05-21
SHOP_001,C0078,T08728,561.0,2026-05-21
SHOP_001,C0830,T08729,738.0,2026-05-21
SHOP_001,C0943,T08730,369.0,2026-05-21
SHOP_001,C0604,T08731,755.0,2026-05-21
SHOP_001,C0490,T08732,559.0,2026-05-22
SHOP_001,C0080,T08733,882.0,2026-05-22
SHOP_001,C0578,T08734,453.0,2026-05-22
SHOP_001,C0284,T08735,657.0,2026-05-22
SHOP_001,C0237,T08736,540.0,2026-05-22
SHOP_001,C0685,T08737,329.0,2026-05-22
SHOP_001,C0667,T08738,150.0,2026-05-22
SHOP_001,C0261,T08739,527.0,2026-05-22
SHOP_001,C0535,T08740,812.0,2026-05-22
SHOP_001,C0377,T08741,936.0,2026-05-22
SHOP_001,C0345,T08742,521.0,2026-05-22
SHOP_001,C0076,T08743,722.0,2026-05-22
SHOP_001,C0943,T08744,754.0,2026-05-22
SHOP_001,C0625,T08745,475.0,2026-05-22
SHOP_001,C0106,T08746,293.0,2026-05-22
SHOP_001,C0433,T08747,835.0,2026-05-22
SHOP_001,C0704,T08748,766.0,2026-05-22
SHOP_001,C0456,T08749,403.0,2026-05-22
SHOP_001,C0659,T08750,1137.0,2026-05-22
SHOP_001,C0727,T08751,505.0,2026-05-22
SHOP_001,C0793,T08752,399.0,2026-05-22
SHOP_001,C0753,T08753,730.0,2026-05-22
SHOP_001,C0435,T08754,686.0,2026-05-22
SHOP_001,C0112,T08755,1030.0,2026-05-22
SHOP_001,C0805,T08756,630.0,2026-05-22
SHOP_001,C0809,T08757,642.0,2026-05-22
SHOP_001,C0943,T08758,407.0,2026-05-22
SHOP_001,C0353,T08759,1167.0,2026-05-22
SHOP_001,C0718,T08760,535.0,2026-05-22
SHOP_001,C0979,T08761,763.0,2026-05-22
SHOP_001,C0723,T08762,446.0,2026-05-22
SHOP_001,C0426,T08763,444.0,2026-05-22
SHOP_001,C0724,T08764,513.0,2026-05-22
SHOP_001,C0067,T08765,737.0,2026-05-23
SHOP_001,C0202,T08766,515.0,2026-05-23
SHOP_001,C0723,T08767,370.0,2026-05-23
SHOP_001,C0080,T08768,575.0,2026-05-23
SHOP_001,C0033,T08769,435.0,2026-05-23
SHOP_001,C0295,T08770,455.0,2026-05-23
SHOP_001,C0013,T08771,1014.0,2026-05-23
SHOP_001,C0591,T08772,449.0,2026-05-23
SHOP_001,C0302,T08773,738.0,2026-05-23
SHOP_001,C0718,T08774,914.0,2026-05-23
SHOP_001,C0901,T08775,501.0,2026-05-23
SHOP_001,C0258,T08776,483.0,2026-05-23
SHOP_001,C0967,T08777,635.0,2026-05-23
SHOP_001,C0780,T08778,809.0,2026-05-23
SHOP_001,C0042,T08779,281.0,2026-05-23
SHOP_001,C0612,T08780,962.0,2026-05-23
SHOP_001,C0109,T08781,492.0,2026-05-23
SHOP_001,C0961,T08782,491.0,2026-05-23
SHOP_001,C0837,T08783,685.0,2026-05-23
SHOP_001,C0671,T08784,608.0,2026-05-23
SHOP_001,C0526,T08785,538.0,2026-05-23
SHOP_001,C0141,T08786,403.0,2026-05-23
SHOP_001,C0952,T08787,395.0,2026-05-23
SHOP_001,C0396,T08788,371.0,2026-05-23
SHOP_001,C0220,T08789,884.0,2026-05-23
SHOP_001,C0581,T08790,685.0,2026-05-23
SHOP_001,C0218,T08791,462.0,2026-05-23
SHOP_001,C0609,T08792,513.0,2026-05-23
SHOP_001,C0734,T08793,677.0,2026-05-23
SHOP_001,C0464,T08794,375.0,2026-05-23
SHOP_001,C0198,T08795,665.0,2026-05-23
SHOP_001,C0578,T08796,482.0,2026-05-23
SHOP_001,C0038,T08797,572.0,2026-05-23
SHOP_001,C0080,T08798,995.0,2026-05-23
SHOP_001,C0263,T08799,475.0,2026-05-23
SHOP_001,C0809,T08800,637.0,2026-05-23
SHOP_001,C0927,T08801,853.0,2026-05-23
SHOP_001,C0478,T08802,724.0,2026-05-23
SHOP_001,C0763,T08803,378.0,2026-05-23
SHOP_001,C0139,T08804,389.0,2026-05-24
SHOP_001,C0324,T08805,525.0,2026-05-24
SHOP_001,C0064,T08806,1163.0,2026-05-24
SHOP_001,C0854,T08807,691.0,2026-05-24
SHOP_001,C0665,T08808,574.0,2026-05-24
SHOP_001,C0554,T08809,451.0,2026-05-24
SHOP_001,C0273,T08810,577.0,2026-05-24
SHOP_001,C0671,T08811,614.0,2026-05-24
SHOP_001,C0923,T08812,687.0,2026-05-24
SHOP_001,C0792,T08813,572.0,2026-05-24
SHOP_001,C0539,T08814,529.0,2026-05-24
SHOP_001,C0197,T08815,612.0,2026-05-24
SHOP_001,C0492,T08816,776.0,2026-05-24
SHOP_001,C0714,T08817,469.0,2026-05-24
SHOP_001,C0078,T08818,641.0,2026-05-24
SHOP_001,C0670,T08819,682.0,2026-05-24
SHOP_001,C0508,T08820,468.0,2026-05-24
SHOP_001,C0568,T08821,390.0,2026-05-24
SHOP_001,C0805,T08822,560.0,2026-05-24
SHOP_001,C0710,T08823,1187.0,2026-05-24
SHOP_001,C0097,T08824,514.0,2026-05-24
SHOP_001,C0438,T08825,649.0,2026-05-24
SHOP_001,C0849,T08826,550.0,2026-05-24
SHOP_001,C0157,T08827,258.0,2026-05-24
SHOP_001,C0144,T08828,875.0,2026-05-24
SHOP_001,C0655,T08829,503.0,2026-05-24
SHOP_001,C0399,T08830,761.0,2026-05-24
SHOP_001,C0348,T08831,482.0,2026-05-24
SHOP_001,C0882,T08832,334.0,2026-05-24
SHOP_001,C0307,T08833,720.0,2026-05-24
SHOP_001,C0109,T08834,568.0,2026-05-24
SHOP_001,C0335,T08835,280.0,2026-05-24
SHOP_001,C0895,T08836,889.0,2026-05-24
SHOP_001,C0427,T08837,654.0,2026-05-24
SHOP_001,C0718,T08838,553.0,2026-05-24
SHOP_001,C0874,T08839,603.0,2026-05-24
SHOP_001,C0345,T08840,887.0,2026-05-24
SHOP_001,C0852,T08841,478.0,2026-05-24
SHOP_001,C0567,T08842,700.0,2026-05-24
SHOP_001,C0809,T08843,780.0,2026-05-24
SHOP_001,C0271,T08844,416.0,2026-05-24
SHOP_001,C0088,T08845,859.0,2026-05-24
SHOP_001,C0704,T08846,648.0,2026-05-24
SHOP_001,C0562,T08847,547.0,2026-05-24
SHOP_001,C0440,T08848,575.0,2026-05-24
SHOP_001,C0080,T08849,1495.0,2026-05-25
SHOP_001,C0848,T08850,545.0,2026-05-25
SHOP_001,C0763,T08851,345.0,2026-05-25
SHOP_001,C0702,T08852,459.0,2026-05-25
SHOP_001,C0872,T08853,932.0,2026-05-25
SHOP_001,C0359,T08854,966.0,2026-05-25
SHOP_001,C0772,T08855,609.0,2026-05-25
SHOP_001,C0927,T08856,933.0,2026-05-25
SHOP_001,C0149,T08857,667.0,2026-05-25
SHOP_001,C0879,T08858,566.0,2026-05-25
SHOP_001,C0490,T08859,367.0,2026-05-25
SHOP_001,C0355,T08860,649.0,2026-05-25
SHOP_001,C0686,T08861,421.0,2026-05-25
SHOP_001,C0130,T08862,347.0,2026-05-25
SHOP_001,C0388,T08863,502.0,2026-05-25
SHOP_001,C0707,T08864,622.0,2026-05-25
SHOP_001,C0863,T08865,506.0,2026-05-25
SHOP_001,C0299,T08866,502.0,2026-05-25
SHOP_001,C0777,T08867,646.0,2026-05-25
SHOP_001,C0153,T08868,548.0,2026-05-25
SHOP_001,C0646,T08869,367.0,2026-05-25
SHOP_001,C0914,T08870,431.0,2026-05-25
SHOP_001,C0236,T08871,824.0,2026-05-25
SHOP_001,C0144,T08872,691.0,2026-05-25
SHOP_001,C0769,T08873,778.0,2026-05-25
SHOP_001,C0067,T08874,857.0,2026-05-25
SHOP_001,C0142,T08875,336.0,2026-05-25
SHOP_001,C0014,T08876,1075.0,2026-05-25
SHOP_001,C0556,T08877,419.0,2026-05-25
SHOP_001,C0069,T08878,498.0,2026-05-25
SHOP_001,C0995,T08879,444.0,2026-05-25
SHOP_001,C0583,T08880,415.0,2026-05-26
SHOP_001,C0110,T08881,467.0,2026-05-26
SHOP_001,C0847,T08882,574.0,2026-05-26
SHOP_001,C0655,T08883,674.0,2026-05-26
SHOP_001,C0085,T08884,714.0,2026-05-26
SHOP_001,C0140,T08885,891.0,2026-05-26
SHOP_001,C0314,T08886,1341.0,2026-05-26
SHOP_001,C0147,T08887,335.0,2026-05-26
SHOP_001,C0881,T08888,218.0,2026-05-26
SHOP_001,C0230,T08889,528.0,2026-05-26
SHOP_001,C0308,T08890,524.0,2026-05-26
SHOP_001,C0719,T08891,678.0,2026-05-26
SHOP_001,C0066,T08892,444.0,2026-05-26
SHOP_001,C0367,T08893,579.0,2026-05-26
SHOP_001,C0530,T08894,398.0,2026-05-26
SHOP_001,C0490,T08895,491.0,2026-05-26
SHOP_001,C0939,T08896,786.0,2026-05-26
SHOP_001,C0252,T08897,584.0,2026-05-26
SHOP_001,C0114,T08898,552.0,2026-05-26
SHOP_001,C0493,T08899,918.0,2026-05-26
SHOP_001,C0769,T08900,232.0,2026-05-26
SHOP_001,C0780,T08901,831.0,2026-05-26
SHOP_001,C0353,T08902,486.0,2026-05-26
SHOP_001,C0831,T08903,421.0,2026-05-26
SHOP_001,C0721,T08904,530.0,2026-05-26
SHOP_001,C0821,T08905,450.0,2026-05-26
SHOP_001,C0940,T08906,336.0,2026-05-26
SHOP_001,C0129,T08907,309.0,2026-05-26
SHOP_001,C0649,T08908,1132.0,2026-05-27
SHOP_001,C0583,T08909,323.0,2026-05-27
SHOP_001,C0493,T08910,477.0,2026-05-27
SHOP_001,C0801,T08911,870.0,2026-05-27
SHOP_001,C0105,T08912,621.0,2026-05-27
SHOP_001,C0831,T08913,657.0,2026-05-27
SHOP_001,C0296,T08914,354.0,2026-05-27
SHOP_001,C0188,T08915,624.0,2026-05-27
SHOP_001,C0586,T08916,472.0,2026-05-27
SHOP_001,C0948,T08917,644.0,2026-05-27
SHOP_001,C0061,T08918,651.0,2026-05-27
SHOP_001,C0188,T08919,562.0,2026-05-27
SHOP_001,C0934,T08920,450.0,2026-05-27
SHOP_001,C0295,T08921,215.0,2026-05-27
SHOP_001,C0679,T08922,804.0,2026-05-27
SHOP_001,C0288,T08923,794.0,2026-05-28
SHOP_001,C0174,T08924,634.0,2026-05-28
SHOP_001,C0025,T08925,315.0,2026-05-28
SHOP_001,C0847,T08926,354.0,2026-05-28
SHOP_001,C0621,T08927,409.0,2026-05-28
SHOP_001,C0071,T08928,510.0,2026-05-28
SHOP_001,C0536,T08929,646.0,2026-05-28
SHOP_001,C0205,T08930,785.0,2026-05-28
SHOP_001,C0671,T08931,567.0,2026-05-28
SHOP_001,C0279,T08932,414.0,2026-05-28
SHOP_001,C0102,T08933,459.0,2026-05-28
SHOP_001,C0762,T08934,583.0,2026-05-28
SHOP_001,C0780,T08935,713.0,2026-05-28
SHOP_001,C0517,T08936,441.0,2026-05-28
SHOP_001,C0024,T08937,498.0,2026-05-28
SHOP_001,C0185,T08938,387.0,2026-05-28
SHOP_001,C0409,T08939,530.0,2026-05-28
SHOP_001,C0900,T08940,438.0,2026-05-28
SHOP_001,C0997,T08941,448.0,2026-05-28
SHOP_001,C0693,T08942,573.0,2026-05-28
SHOP_001,C0389,T08943,346.0,2026-05-28
SHOP_001,C0234,T08944,407.0,2026-05-28
SHOP_001,C0693,T08945,487.0,2026-05-28
SHOP_001,C0868,T08946,649.0,2026-05-29
SHOP_001,C0771,T08947,698.0,2026-05-29
SHOP_001,C0066,T08948,517.0,2026-05-29
SHOP_001,C0253,T08949,446.0,2026-05-29
SHOP_001,C0246,T08950,481.0,2026-05-29
SHOP_001,C0773,T08951,602.0,2026-05-29
SHOP_001,C0897,T08952,683.0,2026-05-29
SHOP_001,C0688,T08953,300.0,2026-05-29
SHOP_001,C0787,T08954,389.0,2026-05-29
SHOP_001,C0354,T08955,557.0,2026-05-29
SHOP_001,C0891,T08956,323.0,2026-05-29
SHOP_001,C0950,T08957,870.0,2026-05-29
SHOP_001,C0249,T08958,535.0,2026-05-29
SHOP_001,C0997,T08959,465.0,2026-05-29
SHOP_001,C0451,T08960,391.0,2026-05-29
SHOP_001,C0912,T08961,493.0,2026-05-29
SHOP_001,C0205,T08962,1029.0,2026-05-29
SHOP_001,C0105,T08963,1150.0,2026-05-29
SHOP_001,C0258,T08964,478.0,2026-05-29
SHOP_001,C0525,T08965,772.0,2026-05-29
SHOP_001,C0590,T08966,380.0,2026-05-29
SHOP_001,C0590,T08967,666.0,2026-05-29
SHOP_001,C0498,T08968,624.0,2026-05-29
SHOP_001,C0780,T08969,561.0,2026-05-29
SHOP_001,C0213,T08970,719.0,2026-05-29
SHOP_001,C0997,T08971,696.0,2026-05-29
SHOP_001,C0131,T08972,668.0,2026-05-29
SHOP_001,C0724,T08973,252.0,2026-05-29
SHOP_001,C0349,T08974,707.0,2026-05-29
SHOP_001,C0847,T08975,254.0,2026-05-29
SHOP_001,C0512,T08976,245.0,2026-05-30
SHOP_001,C0153,T08977,325.0,2026-05-30
SHOP_001,C0631,T08978,621.0,2026-05-30
SHOP_001,C0539,T08979,507.0,2026-05-30
SHOP_001,C0325,T08980,698.0,2026-05-30
SHOP_001,C0071,T08981,777.0,2026-05-30
SHOP_001,C0151,T08982,536.0,2026-05-30
SHOP_001,C0273,T08983,685.0,2026-05-30
SHOP_001,C0128,T08984,341.0,2026-05-30
SHOP_001,C0584,T08985,675.0,2026-05-30
SHOP_001,C0038,T08986,629.0,2026-05-30
SHOP_001,C0793,T08987,438.0,2026-05-30
SHOP_001,C0352,T08988,606.0,2026-05-30
SHOP_001,C0385,T08989,902.0,2026-05-30
SHOP_001,C0512,T08990,673.0,2026-05-30
SHOP_001,C0604,T08991,294.0,2026-05-30
SHOP_001,C0433,T08992,768.0,2026-05-30
SHOP_001,C0496,T08993,886.0,2026-05-30
SHOP_001,C0199,T08994,307.0,2026-05-30
SHOP_001,C0295,T08995,461.0,2026-05-30
SHOP_001,C0793,T08996,698.0,2026-05-30
SHOP_001,C0352,T08997,852.0,2026-05-30
SHOP_001,C0703,T08998,606.0,2026-05-30
SHOP_001,C0705,T08999,826.0,2026-05-30
SHOP_001,C0505,T09000,436.0,2026-05-30
SHOP_001,C0150,T09001,649.0,2026-05-30
SHOP_001,C0771,T09002,860.0,2026-05-30
SHOP_001,C0308,T09003,693.0,2026-05-30
SHOP_001,C0360,T09004,375.0,2026-05-30
SHOP_001,C0847,T09005,668.0,2026-05-31
SHOP_001,C0544,T09006,596.0,2026-05-31
SHOP_001,C0753,T09007,578.0,2026-05-31
SHOP_001,C0728,T09008,530.0,2026-05-31
SHOP_001,C0011,T09009,341.0,2026-05-31
SHOP_001,C0434,T09010,427.0,2026-05-31
SHOP_001,C0800,T09011,573.0,2026-05-31
SHOP_001,C0949,T09012,545.0,2026-05-31
SHOP_001,C0116,T09013,652.0,2026-05-31
SHOP_001,C0109,T09014,367.0,2026-05-31
SHOP_001,C0408,T09015,758.0,2026-05-31
SHOP_001,C0012,T09016,1110.0,2026-05-31
SHOP_001,C0728,T09017,714.0,2026-05-31
SHOP_001,C0576,T09018,581.0,2026-05-31
SHOP_001,C0883,T09019,476.0,2026-05-31
SHOP_001,C0097,T09020,828.0,2026-05-31
SHOP_001,C0518,T09021,933.0,2026-05-31
SHOP_001,C0496,T09022,732.0,2026-05-31
SHOP_001,C0831,T09023,735.0,2026-05-31
SHOP_001,C0156,T09024,407.0,2026-05-31
SHOP_001,C0498,T09025,873.0,2026-05-31
SHOP_001,C0943,T09026,538.0,2026-05-31
SHOP_001,C0765,T09027,301.0,2026-05-31
SHOP_001,C0718,T09028,1034.0,2026-05-31
SHOP_001,C0392,T09029,402.0,2026-05-31
SHOP_001,C0130,T09030,606.0,2026-05-31
SHOP_001,C0635,T09031,467.0,2026-05-31
SHOP_001,C0980,T09032,736.0,2026-05-31
SHOP_001,C0837,T09033,771.0,2026-05-31
SHOP_001,C0901,T09034,582.0,2026-05-31
SHOP_001,C0384,T09035,464.0,2026-05-31
SHOP_001,C0042,T09036,247.0,2026-05-31
SHOP_001,C0140,T09037,694.0,2026-05-31
SHOP_001,C0663,T09038,414.0,2026-05-31
SHOP_001,C0288,T09039,1031.0,2026-05-31
SHOP_001,C0277,T09040,353.0,2026-05-31
SHOP_001,C0581,T09041,1124.0,2026-05-31
SHOP_001,C0645,T09042,479.0,2026-05-31
SHOP_001,C0599,T09043,447.0,2026-05-31
SHOP_001,C0648,T09044,324.0,2026-06-01
SHOP_001,C0809,T09045,889.0,2026-06-01
SHOP_001,C0299,T09046,551.0,2026-06-01
SHOP_001,C0477,T09047,512.0,2026-06-01
SHOP_001,C0719,T09048,403.0,2026-06-01
SHOP_001,C0651,T09049,494.0,2026-06-01
SHOP_001,C0067,T09050,732.0,2026-06-01
SHOP_001,C0527,T09051,640.0,2026-06-01
SHOP_001,C0716,T09052,543.0,2026-06-01
SHOP_001,C0176,T09053,713.0,2026-06-01
SHOP_001,C0019,T09054,489.0,2026-06-01
SHOP_001,C0004,T09055,857.0,2026-06-01
SHOP_001,C0780,T09056,501.0,2026-06-01
SHOP_001,C0882,T09057,453.0,2026-06-01
SHOP_001,C0359,T09058,535.0,2026-06-01
SHOP_001,C0578,T09059,198.0,2026-06-01
SHOP_001,C0466,T09060,1461.0,2026-06-01
SHOP_001,C0031,T09061,416.0,2026-06-01
SHOP_001,C0188,T09062,625.0,2026-06-01
SHOP_001,C0808,T09063,343.0,2026-06-01
SHOP_001,C0707,T09064,697.0,2026-06-01
SHOP_001,C0711,T09065,163.0,2026-06-01
SHOP_001,C0142,T09066,500.0,2026-06-01
SHOP_001,C0031,T09067,455.0,2026-06-01
SHOP_001,C0066,T09068,373.0,2026-06-01
SHOP_001,C0045,T09069,389.0,2026-06-01
SHOP_001,C0767,T09070,210.0,2026-06-02
SHOP_001,C0636,T09071,1005.0,2026-06-02
SHOP_001,C0102,T09072,618.0,2026-06-02
SHOP_001,C0699,T09073,656.0,2026-06-02
SHOP_001,C0590,T09074,387.0,2026-06-02
SHOP_001,C0290,T09075,564.0,2026-06-02
SHOP_001,C0809,T09076,316.0,2026-06-02
SHOP_001,C0372,T09077,485.0,2026-06-02
SHOP_001,C0775,T09078,256.0,2026-06-02
SHOP_001,C0771,T09079,551.0,2026-06-02
SHOP_001,C0897,T09080,609.0,2026-06-02
SHOP_001,C0709,T09081,245.0,2026-06-02
SHOP_001,C0426,T09082,392.0,2026-06-02
SHOP_001,C0196,T09083,413.0,2026-06-02
SHOP_001,C0456,T09084,334.0,2026-06-03
SHOP_001,C0777,T09085,488.0,2026-06-03
SHOP_001,C0992,T09086,731.0,2026-06-03
SHOP_001,C0423,T09087,361.0,2026-06-03
SHOP_001,C0102,T09088,752.0,2026-06-03
SHOP_001,C0548,T09089,865.0,2026-06-03
SHOP_001,C0409,T09090,444.0,2026-06-03
SHOP_001,C0719,T09091,399.0,2026-06-03
SHOP_001,C0646,T09092,432.0,2026-06-03
SHOP_001,C0223,T09093,844.0,2026-06-03
SHOP_001,C0379,T09094,576.0,2026-06-03
SHOP_001,C0698,T09095,405.0,2026-06-03
SHOP_001,C0626,T09096,732.0,2026-06-03
SHOP_001,C0082,T09097,612.0,2026-06-03
SHOP_001,C0967,T09098,293.0,2026-06-03
SHOP_001,C0497,T09099,885.0,2026-06-03
SHOP_001,C0709,T09100,470.0,2026-06-03
SHOP_001,C0678,T09101,397.0,2026-06-03
SHOP_001,C0466,T09102,727.0,2026-06-03
SHOP_001,C0049,T09103,574.0,2026-06-03
SHOP_001,C0204,T09104,324.0,2026-06-03
SHOP_001,C0847,T09105,432.0,2026-06-03
SHOP_001,C0283,T09106,452.0,2026-06-03
SHOP_001,C0150,T09107,390.0,2026-06-03
SHOP_001,C0435,T09108,908.0,2026-06-03
SHOP_001,C0227,T09109,627.0,2026-06-03
SHOP_001,C0459,T09110,841.0,2026-06-03
SHOP_001,C0364,T09111,953.0,2026-06-03
SHOP_001,C0332,T09112,390.0,2026-06-03
SHOP_001,C0648,T09113,321.0,2026-06-04
SHOP_001,C0345,T09114,594.0,2026-06-04
SHOP_001,C0144,T09115,392.0,2026-06-04
SHOP_001,C0772,T09116,1093.0,2026-06-04
SHOP_001,C0665,T09117,695.0,2026-06-04
SHOP_001,C0849,T09118,521.0,2026-06-04
SHOP_001,C0373,T09119,541.0,2026-06-04
SHOP_001,C0067,T09120,444.0,2026-06-04
SHOP_001,C0295,T09121,309.0,2026-06-04
SHOP_001,C0097,T09122,1075.0,2026-06-04
SHOP_001,C0229,T09123,575.0,2026-06-04
SHOP_001,C0031,T09124,614.0,2026-06-04
SHOP_001,C0311,T09125,302.0,2026-06-04
SHOP_001,C0496,T09126,952.0,2026-06-04
SHOP_001,C0144,T09127,332.0,2026-06-04
SHOP_001,C0903,T09128,601.0,2026-06-04
SHOP_001,C0609,T09129,612.0,2026-06-04
SHOP_001,C0592,T09130,795.0,2026-06-04
SHOP_001,C0331,T09131,448.0,2026-06-04
SHOP_001,C0017,T09132,965.0,2026-06-04
SHOP_001,C0307,T09133,657.0,2026-06-04
SHOP_001,C0352,T09134,603.0,2026-06-04
SHOP_001,C0295,T09135,473.0,2026-06-04
SHOP_001,C0755,T09136,405.0,2026-06-04
SHOP_001,C0897,T09137,500.0,2026-06-04
SHOP_001,C0927,T09138,583.0,2026-06-04
SHOP_001,C0762,T09139,489.0,2026-06-05
SHOP_001,C0707,T09140,873.0,2026-06-05
SHOP_001,C0891,T09141,1141.0,2026-06-05
SHOP_001,C0655,T09142,354.0,2026-06-05
SHOP_001,C0723,T09143,395.0,2026-06-05
SHOP_001,C0529,T09144,948.0,2026-06-05
SHOP_001,C0918,T09145,877.0,2026-06-05
SHOP_001,C0763,T09146,686.0,2026-06-05
SHOP_001,C0031,T09147,764.0,2026-06-05
SHOP_001,C0506,T09148,261.0,2026-06-05
SHOP_001,C0440,T09149,757.0,2026-06-05
SHOP_001,C0105,T09150,985.0,2026-06-05
SHOP_001,C0162,T09151,337.0,2026-06-05
SHOP_001,C0339,T09152,460.0,2026-06-05
SHOP_001,C0031,T09153,646.0,2026-06-05
SHOP_001,C0198,T09154,1026.0,2026-06-05
SHOP_001,C0809,T09155,354.0,2026-06-05
SHOP_001,C0679,T09156,613.0,2026-06-05
SHOP_001,C0343,T09157,465.0,2026-06-05
SHOP_001,C0097,T09158,705.0,2026-06-05
SHOP_001,C0622,T09159,837.0,2026-06-05
SHOP_001,C0180,T09160,680.0,2026-06-05
SHOP_001,C0279,T09161,544.0,2026-06-05
SHOP_001,C0583,T09162,356.0,2026-06-05
SHOP_001,C0128,T09163,395.0,2026-06-05
SHOP_001,C0741,T09164,310.0,2026-06-05
SHOP_001,C0438,T09165,506.0,2026-06-05
SHOP_001,C0270,T09166,486.0,2026-06-05
SHOP_001,C0882,T09167,216.0,2026-06-05
SHOP_001,C0510,T09168,446.0,2026-06-05
SHOP_001,C0783,T09169,650.0,2026-06-05
SHOP_001,C0019,T09170,452.0,2026-06-05
SHOP_001,C0508,T09171,489.0,2026-06-05
SHOP_001,C0353,T09172,1177.0,2026-06-05
SHOP_001,C0053,T09173,638.0,2026-06-05
SHOP_001,C0982,T09174,995.0,2026-06-05
SHOP_001,C0295,T09175,249.0,2026-06-05
SHOP_001,C0378,T09176,775.0,2026-06-05
SHOP_001,C0425,T09177,457.0,2026-06-05
SHOP_001,C0295,T09178,513.0,2026-06-05
SHOP_001,C0737,T09179,992.0,2026-06-05
SHOP_001,C0407,T09180,893.0,2026-06-06
SHOP_001,C0468,T09181,773.0,2026-06-06
SHOP_001,C0188,T09182,967.0,2026-06-06
SHOP_001,C0066,T09183,414.0,2026-06-06
SHOP_001,C0143,T09184,312.0,2026-06-06
SHOP_001,C0374,T09185,1129.0,2026-06-06
SHOP_001,C0341,T09186,702.0,2026-06-06
SHOP_001,C0854,T09187,305.0,2026-06-06
SHOP_001,C0842,T09188,973.0,2026-06-06
SHOP_001,C0718,T09189,785.0,2026-06-06
SHOP_001,C0713,T09190,745.0,2026-06-06
SHOP_001,C0625,T09191,479.0,2026-06-06
SHOP_001,C0295,T09192,364.0,2026-06-06
SHOP_001,C0980,T09193,383.0,2026-06-06
SHOP_001,C0753,T09194,814.0,2026-06-06
SHOP_001,C0744,T09195,570.0,2026-06-06
SHOP_001,C0487,T09196,642.0,2026-06-06
SHOP_001,C0089,T09197,387.0,2026-06-06
SHOP_001,C0288,T09198,930.0,2026-06-06
SHOP_001,C0270,T09199,325.0,2026-06-06
SHOP_001,C0966,T09200,855.0,2026-06-06
SHOP_001,C0224,T09201,700.0,2026-06-06
SHOP_001,C0050,T09202,655.0,2026-06-06
SHOP_001,C0988,T09203,403.0,2026-06-06
SHOP_001,C0396,T09204,721.0,2026-06-06
SHOP_001,C0237,T09205,622.0,2026-06-06
SHOP_001,C0145,T09206,524.0,2026-06-06
SHOP_001,C0187,T09207,582.0,2026-06-07
SHOP_001,C0626,T09208,712.0,2026-06-07
SHOP_001,C0205,T09209,1017.0,2026-06-07
SHOP_001,C0510,T09210,502.0,2026-06-07
SHOP_001,C0885,T09211,774.0,2026-06-07
SHOP_001,C0710,T09212,745.0,2026-06-07
SHOP_001,C0140,T09213,429.0,2026-06-07
SHOP_001,C0997,T09214,698.0,2026-06-07
SHOP_001,C0708,T09215,629.0,2026-06-07
SHOP_001,C0109,T09216,533.0,2026-06-07
SHOP_001,C0080,T09217,726.0,2026-06-07
SHOP_001,C0294,T09218,405.0,2026-06-07
SHOP_001,C0967,T09219,457.0,2026-06-07
SHOP_001,C0047,T09220,407.0,2026-06-07
SHOP_001,C0396,T09221,426.0,2026-06-07
SHOP_001,C0440,T09222,1001.0,2026-06-07
SHOP_001,C0897,T09223,1131.0,2026-06-07
SHOP_001,C0855,T09224,264.0,2026-06-07
SHOP_001,C0352,T09225,430.0,2026-06-07
SHOP_001,C0881,T09226,552.0,2026-06-07
SHOP_001,C0705,T09227,1017.0,2026-06-07
SHOP_001,C0882,T09228,251.0,2026-06-07
SHOP_001,C0525,T09229,596.0,2026-06-07
SHOP_001,C0578,T09230,396.0,2026-06-07
SHOP_001,C0247,T09231,1266.0,2026-06-07
SHOP_001,C0744,T09232,894.0,2026-06-07
SHOP_001,C0435,T09233,1029.0,2026-06-07
SHOP_001,C0205,T09234,570.0,2026-06-07
SHOP_001,C0227,T09235,930.0,2026-06-07
SHOP_001,C0625,T09236,562.0,2026-06-07
SHOP_001,C0753,T09237,564.0,2026-06-07
SHOP_001,C0451,T09238,380.0,2026-06-08
SHOP_001,C0360,T09239,476.0,2026-06-08
SHOP_001,C0639,T09240,543.0,2026-06-08
SHOP_001,C0181,T09241,453.0,2026-06-08
SHOP_001,C0984,T09242,489.0,2026-06-08
SHOP_001,C0874,T09243,347.0,2026-06-08
SHOP_001,C0831,T09244,540.0,2026-06-08
SHOP_001,C0651,T09245,833.0,2026-06-08
SHOP_001,C0369,T09246,865.0,2026-06-08
SHOP_001,C0862,T09247,342.0,2026-06-08
SHOP_001,C0940,T09248,366.0,2026-06-08
SHOP_001,C0078,T09249,624.0,2026-06-08
SHOP_001,C0881,T09250,334.0,2026-06-08
SHOP_001,C0809,T09251,693.0,2026-06-08
SHOP_001,C0686,T09252,534.0,2026-06-08
SHOP_001,C0106,T09253,292.0,2026-06-08
SHOP_001,C0939,T09254,506.0,2026-06-08
SHOP_001,C0105,T09255,862.0,2026-06-08
SHOP_001,C0719,T09256,351.0,2026-06-08
SHOP_001,C0614,T09257,482.0,2026-06-08
SHOP_001,C0579,T09258,576.0,2026-06-08
SHOP_001,C0762,T09259,493.0,2026-06-08
SHOP_001,C0063,T09260,297.0,2026-06-09
SHOP_001,C0134,T09261,720.0,2026-06-09
SHOP_001,C0456,T09262,355.0,2026-06-09
SHOP_001,C0989,T09263,733.0,2026-06-09
SHOP_001,C0203,T09264,440.0,2026-06-09
SHOP_001,C0685,T09265,399.0,2026-06-09
SHOP_001,C0071,T09266,639.0,2026-06-09
SHOP_001,C0919,T09267,592.0,2026-06-09
SHOP_001,C0848,T09268,1197.0,2026-06-09
SHOP_001,C0219,T09269,861.0,2026-06-09
SHOP_001,C0063,T09270,479.0,2026-06-09
SHOP_001,C0658,T09271,752.0,2026-06-09
SHOP_001,C0089,T09272,328.0,2026-06-09
SHOP_001,C0080,T09273,1240.0,2026-06-09
SHOP_001,C0341,T09274,611.0,2026-06-09
SHOP_001,C0335,T09275,476.0,2026-06-09
SHOP_001,C0027,T09276,556.0,2026-06-10
SHOP_001,C0852,T09277,444.0,2026-06-10
SHOP_001,C0263,T09278,635.0,2026-06-10
SHOP_001,C0705,T09279,537.0,2026-06-10
SHOP_001,C0014,T09280,896.0,2026-06-10
SHOP_001,C0084,T09281,666.0,2026-06-10
SHOP_001,C0997,T09282,774.0,2026-06-10
SHOP_001,C0992,T09283,521.0,2026-06-10
SHOP_001,C0362,T09284,805.0,2026-06-10
SHOP_001,C0855,T09285,475.0,2026-06-10
SHOP_001,C0202,T09286,412.0,2026-06-10
SHOP_001,C0399,T09287,344.0,2026-06-10
SHOP_001,C0202,T09288,542.0,2026-06-10
SHOP_001,C0665,T09289,627.0,2026-06-10
SHOP_001,C0090,T09290,1060.0,2026-06-10
SHOP_001,C0714,T09291,618.0,2026-06-10
SHOP_001,C0753,T09292,328.0,2026-06-10
SHOP_001,C0352,T09293,494.0,2026-06-10
SHOP_001,C0019,T09294,1071.0,2026-06-10
SHOP_001,C0097,T09295,661.0,2026-06-10
SHOP_001,C0693,T09296,573.0,2026-06-10
SHOP_001,C0665,T09297,336.0,2026-06-10
SHOP_001,C0242,T09298,595.0,2026-06-10
SHOP_001,C0949,T09299,490.0,2026-06-10
SHOP_001,C0386,T09300,463.0,2026-06-10
SHOP_001,C0950,T09301,803.0,2026-06-11
SHOP_001,C0062,T09302,714.0,2026-06-11
SHOP_001,C0901,T09303,432.0,2026-06-11
SHOP_001,C0567,T09304,591.0,2026-06-11
SHOP_001,C0201,T09305,384.0,2026-06-11
SHOP_001,C0919,T09306,674.0,2026-06-11
SHOP_001,C0805,T09307,465.0,2026-06-11
SHOP_001,C0900,T09308,318.0,2026-06-11
SHOP_001,C0546,T09309,746.0,2026-06-11
SHOP_001,C0153,T09310,708.0,2026-06-11
SHOP_001,C0294,T09311,626.0,2026-06-11
SHOP_001,C0396,T09312,353.0,2026-06-11
SHOP_001,C0683,T09313,481.0,2026-06-11
SHOP_001,C0685,T09314,233.0,2026-06-11
SHOP_001,C0591,T09315,432.0,2026-06-11
SHOP_001,C0539,T09316,326.0,2026-06-11
SHOP_001,C0768,T09317,982.0,2026-06-11
SHOP_001,C0014,T09318,656.0,2026-06-11
SHOP_001,C0901,T09319,355.0,2026-06-11
SHOP_001,C0934,T09320,343.0,2026-06-11
SHOP_001,C0366,T09321,344.0,2026-06-11
SHOP_001,C0809,T09322,815.0,2026-06-11
SHOP_001,C0435,T09323,1052.0,2026-06-11
SHOP_001,C0974,T09324,1109.0,2026-06-11
SHOP_001,C0230,T09325,950.0,2026-06-11
SHOP_001,C0495,T09326,350.0,2026-06-11
SHOP_001,C0457,T09327,389.0,2026-06-11
SHOP_001,C0927,T09328,459.0,2026-06-11
SHOP_001,C0977,T09329,337.0,2026-06-11
SHOP_001,C0502,T09330,837.0,2026-06-11
SHOP_001,C0588,T09331,540.0,2026-06-11
SHOP_001,C0671,T09332,1485.0,2026-06-11
SHOP_001,C0754,T09333,627.0,2026-06-11
SHOP_001,C0408,T09334,697.0,2026-06-11
SHOP_001,C0714,T09335,393.0,2026-06-11
SHOP_001,C0609,T09336,797.0,2026-06-12
SHOP_001,C0344,T09337,203.0,2026-06-12
SHOP_001,C0713,T09338,378.0,2026-06-12
SHOP_001,C0464,T09339,518.0,2026-06-12
SHOP_001,C0400,T09340,605.0,2026-06-12
SHOP_001,C0185,T09341,569.0,2026-06-12
SHOP_001,C0343,T09342,464.0,2026-06-12
SHOP_001,C0180,T09343,534.0,2026-06-12
SHOP_001,C0927,T09344,582.0,2026-06-12
SHOP_001,C0763,T09345,608.0,2026-06-12
SHOP_001,C0021,T09346,549.0,2026-06-12
SHOP_001,C0011,T09347,410.0,2026-06-12
SHOP_001,C0539,T09348,389.0,2026-06-12
SHOP_001,C0611,T09349,370.0,2026-06-12
SHOP_001,C0198,T09350,689.0,2026-06-12
SHOP_001,C0710,T09351,615.0,2026-06-12
SHOP_001,C0708,T09352,730.0,2026-06-12
SHOP_001,C0805,T09353,367.0,2026-06-12
SHOP_001,C0248,T09354,297.0,2026-06-12
SHOP_001,C0349,T09355,659.0,2026-06-12
SHOP_001,C0027,T09356,491.0,2026-06-12
SHOP_001,C0504,T09357,692.0,2026-06-12
SHOP_001,C0071,T09358,661.0,2026-06-12
SHOP_001,C0277,T09359,548.0,2026-06-12
SHOP_001,C0295,T09360,594.0,2026-06-12
SHOP_001,C0347,T09361,946.0,2026-06-12
SHOP_001,C0993,T09362,529.0,2026-06-12
SHOP_001,C0848,T09363,562.0,2026-06-12
SHOP_001,C0205,T09364,751.0,2026-06-12
SHOP_001,C0123,T09365,397.0,2026-06-12
SHOP_001,C0031,T09366,518.0,2026-06-12
SHOP_001,C0308,T09367,1352.0,2026-06-12
SHOP_001,C0677,T09368,706.0,2026-06-12
SHOP_001,C0932,T09369,440.0,2026-06-12
SHOP_001,C0254,T09370,465.0,2026-06-12
SHOP_001,C0939,T09371,839.0,2026-06-12
SHOP_001,C0097,T09372,555.0,2026-06-12
SHOP_001,C0524,T09373,455.0,2026-06-12
SHOP_001,C0705,T09374,670.0,2026-06-12
SHOP_001,C0848,T09375,1091.0,2026-06-12
SHOP_001,C0036,T09376,690.0,2026-06-12
SHOP_001,C0881,T09377,438.0,2026-06-12
SHOP_001,C0671,T09378,643.0,2026-06-12
SHOP_001,C0227,T09379,660.0,2026-06-12
SHOP_001,C0648,T09380,482.0,2026-06-12
SHOP_001,C0686,T09381,248.0,2026-06-12
SHOP_001,C0158,T09382,931.0,2026-06-12
SHOP_001,C0359,T09383,714.0,2026-06-12
SHOP_001,C0741,T09384,254.0,2026-06-12
SHOP_001,C0354,T09385,277.0,2026-06-12
SHOP_001,C0809,T09386,778.0,2026-06-13
SHOP_001,C0969,T09387,537.0,2026-06-13
SHOP_001,C0808,T09388,502.0,2026-06-13
SHOP_001,C0897,T09389,750.0,2026-06-13
SHOP_001,C0288,T09390,637.0,2026-06-13
SHOP_001,C0073,T09391,462.0,2026-06-13
SHOP_001,C0294,T09392,610.0,2026-06-13
SHOP_001,C0870,T09393,718.0,2026-06-13
SHOP_001,C0102,T09394,665.0,2026-06-13
SHOP_001,C0109,T09395,518.0,2026-06-13
SHOP_001,C0254,T09396,327.0,2026-06-13
SHOP_001,C0478,T09397,395.0,2026-06-13
SHOP_001,C0900,T09398,656.0,2026-06-13
SHOP_001,C0604,T09399,1284.0,2026-06-13
SHOP_001,C0498,T09400,1045.0,2026-06-13
SHOP_001,C0738,T09401,440.0,2026-06-13
SHOP_001,C0491,T09402,584.0,2026-06-13
SHOP_001,C0457,T09403,531.0,2026-06-13
SHOP_001,C0030,T09404,605.0,2026-06-13
SHOP_001,C0933,T09405,885.0,2026-06-13
SHOP_001,C0183,T09406,663.0,2026-06-13
SHOP_001,C0097,T09407,1006.0,2026-06-13
SHOP_001,C0478,T09408,772.0,2026-06-13
SHOP_001,C0877,T09409,681.0,2026-06-13
SHOP_001,C0183,T09410,910.0,2026-06-13
SHOP_001,C0163,T09411,719.0,2026-06-13
SHOP_001,C0015,T09412,743.0,2026-06-13
SHOP_001,C0763,T09413,612.0,2026-06-13
SHOP_001,C0901,T09414,734.0,2026-06-13
SHOP_001,C0409,T09415,635.0,2026-06-13
SHOP_001,C0322,T09416,1100.0,2026-06-13
SHOP_001,C0644,T09417,745.0,2026-06-13
SHOP_001,C0435,T09418,1087.0,2026-06-14
SHOP_001,C0956,T09419,586.0,2026-06-14
SHOP_001,C0771,T09420,451.0,2026-06-14
SHOP_001,C0451,T09421,881.0,2026-06-14
SHOP_001,C0835,T09422,427.0,2026-06-14
SHOP_001,C0699,T09423,489.0,2026-06-14
SHOP_001,C0248,T09424,1230.0,2026-06-14
SHOP_001,C0370,T09425,271.0,2026-06-14
SHOP_001,C0436,T09426,468.0,2026-06-14
SHOP_001,C0266,T09427,445.0,2026-06-14
SHOP_001,C0742,T09428,658.0,2026-06-14
SHOP_001,C0198,T09429,442.0,2026-06-14
SHOP_001,C0340,T09430,651.0,2026-06-14
SHOP_001,C0754,T09431,598.0,2026-06-14
SHOP_001,C0220,T09432,595.0,2026-06-14
SHOP_001,C0716,T09433,781.0,2026-06-14
SHOP_001,C0626,T09434,874.0,2026-06-14
SHOP_001,C0943,T09435,528.0,2026-06-14
SHOP_001,C0874,T09436,460.0,2026-06-14
SHOP_001,C0205,T09437,726.0,2026-06-14
SHOP_001,C0913,T09438,605.0,2026-06-14
SHOP_001,C0544,T09439,438.0,2026-06-14
SHOP_001,C0510,T09440,427.0,2026-06-14
SHOP_001,C0096,T09441,717.0,2026-06-14
SHOP_001,C0019,T09442,924.0,2026-06-14
SHOP_001,C0073,T09443,759.0,2026-06-14
SHOP_001,C0854,T09444,263.0,2026-06-14
SHOP_001,C0578,T09445,656.0,2026-06-14
SHOP_001,C0510,T09446,573.0,2026-06-14
SHOP_001,C0493,T09447,787.0,2026-06-14
SHOP_001,C0826,T09448,424.0,2026-06-14
SHOP_001,C0271,T09449,554.0,2026-06-14
SHOP_001,C0646,T09450,841.0,2026-06-15
SHOP_001,C0371,T09451,385.0,2026-06-15
SHOP_001,C0305,T09452,672.0,2026-06-15
SHOP_001,C0732,T09453,530.0,2026-06-15
SHOP_001,C0227,T09454,457.0,2026-06-15
SHOP_001,C0346,T09455,533.0,2026-06-15
SHOP_001,C0259,T09456,269.0,2026-06-15
SHOP_001,C0407,T09457,508.0,2026-06-15
SHOP_001,C0694,T09458,1387.0,2026-06-15
SHOP_001,C0427,T09459,595.0,2026-06-15
SHOP_001,C0648,T09460,460.0,2026-06-15
SHOP_001,C0661,T09461,584.0,2026-06-15
SHOP_001,C0197,T09462,653.0,2026-06-15
SHOP_001,C0648,T09463,342.0,2026-06-15
SHOP_001,C0214,T09464,474.0,2026-06-15
SHOP_001,C0254,T09465,470.0,2026-06-15
SHOP_001,C0071,T09466,347.0,2026-06-15
SHOP_001,C0097,T09467,683.0,2026-06-15
SHOP_001,C0047,T09468,462.0,2026-06-15
SHOP_001,C0172,T09469,349.0,2026-06-15
SHOP_001,C0775,T09470,212.0,2026-06-15
SHOP_001,C0998,T09471,308.0,2026-06-15
SHOP_001,C0352,T09472,417.0,2026-06-15
SHOP_001,C0137,T09473,459.0,2026-06-15
SHOP_001,C0202,T09474,1127.0,2026-06-15
SHOP_001,C0426,T09475,275.0,2026-06-16
SHOP_001,C0355,T09476,591.0,2026-06-16
SHOP_001,C0254,T09477,554.0,2026-06-16
SHOP_001,C0569,T09478,449.0,2026-06-16
SHOP_001,C0080,T09479,842.0,2026-06-16
SHOP_001,C0329,T09480,375.0,2026-06-16
SHOP_001,C0109,T09481,502.0,2026-06-16
SHOP_001,C0693,T09482,684.0,2026-06-16
SHOP_001,C0988,T09483,330.0,2026-06-16
SHOP_001,C0809,T09484,752.0,2026-06-16
SHOP_001,C0891,T09485,698.0,2026-06-16
SHOP_001,C0256,T09486,1279.0,2026-06-16
SHOP_001,C0898,T09487,377.0,2026-06-16
SHOP_001,C0753,T09488,650.0,2026-06-16
SHOP_001,C0707,T09489,667.0,2026-06-16
SHOP_001,C0632,T09490,481.0,2026-06-16
SHOP_001,C0490,T09491,645.0,2026-06-16
SHOP_001,C0966,T09492,760.0,2026-06-16
SHOP_001,C0918,T09493,544.0,2026-06-16
SHOP_001,C0745,T09494,441.0,2026-06-16
SHOP_001,C0177,T09495,842.0,2026-06-16
SHOP_001,C0433,T09496,391.0,2026-06-17
SHOP_001,C0523,T09497,477.0,2026-06-17
SHOP_001,C0852,T09498,716.0,2026-06-17
SHOP_001,C0943,T09499,362.0,2026-06-17
SHOP_001,C0278,T09500,567.0,2026-06-17
SHOP_001,C0227,T09501,414.0,2026-06-17
SHOP_001,C0999,T09502,507.0,2026-06-17
SHOP_001,C0540,T09503,507.0,2026-06-17
SHOP_001,C0483,T09504,671.0,2026-06-17
SHOP_001,C0080,T09505,881.0,2026-06-17
SHOP_001,C0102,T09506,748.0,2026-06-17
SHOP_001,C0372,T09507,481.0,2026-06-17
SHOP_001,C0233,T09508,722.0,2026-06-17
SHOP_001,C0784,T09509,434.0,2026-06-17
SHOP_001,C0509,T09510,350.0,2026-06-18
SHOP_001,C0349,T09511,423.0,2026-06-18
SHOP_001,C0493,T09512,336.0,2026-06-18
SHOP_001,C0852,T09513,485.0,2026-06-18
SHOP_001,C0031,T09514,434.0,2026-06-18
SHOP_001,C0180,T09515,558.0,2026-06-18
SHOP_001,C0630,T09516,435.0,2026-06-18
SHOP_001,C0354,T09517,339.0,2026-06-18
SHOP_001,C0732,T09518,632.0,2026-06-18
SHOP_001,C0677,T09519,694.0,2026-06-18
SHOP_001,C0254,T09520,193.0,2026-06-18
SHOP_001,C0787,T09521,545.0,2026-06-18
SHOP_001,C0153,T09522,851.0,2026-06-18
SHOP_001,C0490,T09523,683.0,2026-06-18
SHOP_001,C0467,T09524,682.0,2026-06-18
SHOP_001,C0087,T09525,498.0,2026-06-18
SHOP_001,C0690,T09526,685.0,2026-06-18
SHOP_001,C0498,T09527,607.0,2026-06-18
SHOP_001,C0349,T09528,554.0,2026-06-18
SHOP_001,C0300,T09529,753.0,2026-06-18
SHOP_001,C0752,T09530,593.0,2026-06-18
SHOP_001,C0273,T09531,397.0,2026-06-18
SHOP_001,C0946,T09532,443.0,2026-06-18
SHOP_001,C0110,T09533,636.0,2026-06-18
SHOP_001,C0446,T09534,726.0,2026-06-19
SHOP_001,C0344,T09535,351.0,2026-06-19
SHOP_001,C0070,T09536,501.0,2026-06-19
SHOP_001,C0809,T09537,668.0,2026-06-19
SHOP_001,C0496,T09538,570.0,2026-06-19
SHOP_001,C0030,T09539,492.0,2026-06-19
SHOP_001,C0967,T09540,550.0,2026-06-19
SHOP_001,C0728,T09541,572.0,2026-06-19
SHOP_001,C0670,T09542,497.0,2026-06-19
SHOP_001,C0943,T09543,496.0,2026-06-19
SHOP_001,C0918,T09544,616.0,2026-06-19
SHOP_001,C0713,T09545,760.0,2026-06-19
SHOP_001,C0567,T09546,391.0,2026-06-19
SHOP_001,C0011,T09547,610.0,2026-06-19
SHOP_001,C0019,T09548,332.0,2026-06-19
SHOP_001,C0071,T09549,713.0,2026-06-19
SHOP_001,C0913,T09550,1013.0,2026-06-19
SHOP_001,C0899,T09551,705.0,2026-06-19
SHOP_001,C0644,T09552,576.0,2026-06-19
SHOP_001,C0019,T09553,1112.0,2026-06-19
SHOP_001,C0901,T09554,508.0,2026-06-19
SHOP_001,C0705,T09555,589.0,2026-06-19
SHOP_001,C0199,T09556,609.0,2026-06-19
SHOP_001,C0882,T09557,533.0,2026-06-19
SHOP_001,C0230,T09558,429.0,2026-06-19
SHOP_001,C0518,T09559,396.0,2026-06-19
SHOP_001,C0158,T09560,437.0,2026-06-19
SHOP_001,C0216,T09561,620.0,2026-06-19
SHOP_001,C0900,T09562,432.0,2026-06-19
SHOP_001,C0123,T09563,664.0,2026-06-19
SHOP_001,C0219,T09564,1195.0,2026-06-19
SHOP_001,C0227,T09565,550.0,2026-06-19
SHOP_001,C0144,T09566,725.0,2026-06-19
SHOP_001,C0997,T09567,488.0,2026-06-19
SHOP_001,C0879,T09568,997.0,2026-06-19
SHOP_001,C0677,T09569,664.0,2026-06-19
SHOP_001,C0466,T09570,847.0,2026-06-19
SHOP_001,C0293,T09571,915.0,2026-06-20
SHOP_001,C0019,T09572,569.0,2026-06-20
SHOP_001,C0330,T09573,373.0,2026-06-20
SHOP_001,C0613,T09574,607.0,2026-06-20
SHOP_001,C0966,T09575,324.0,2026-06-20
SHOP_001,C0901,T09576,713.0,2026-06-20
SHOP_001,C0997,T09577,1137.0,2026-06-20
SHOP_001,C0374,T09578,886.0,2026-06-20
SHOP_001,C0458,T09579,684.0,2026-06-20
SHOP_001,C0459,T09580,615.0,2026-06-20
SHOP_001,C0323,T09581,752.0,2026-06-20
SHOP_001,C0967,T09582,794.0,2026-06-20
SHOP_001,C0807,T09583,428.0,2026-06-20
SHOP_001,C0988,T09584,377.0,2026-06-20
SHOP_001,C0777,T09585,647.0,2026-06-20
SHOP_001,C0933,T09586,445.0,2026-06-20
SHOP_001,C0353,T09587,648.0,2026-06-20
SHOP_001,C0519,T09588,482.0,2026-06-20
SHOP_001,C0951,T09589,589.0,2026-06-20
SHOP_001,C0943,T09590,1012.0,2026-06-20
SHOP_001,C0456,T09591,376.0,2026-06-20
SHOP_001,C0295,T09592,360.0,2026-06-20
SHOP_001,C0667,T09593,438.0,2026-06-20
SHOP_001,C0277,T09594,507.0,2026-06-20
SHOP_001,C0769,T09595,664.0,2026-06-20
SHOP_001,C0280,T09596,341.0,2026-06-20
SHOP_001,C0901,T09597,440.0,2026-06-20
SHOP_001,C0359,T09598,647.0,2026-06-20
SHOP_001,C0224,T09599,928.0,2026-06-20
SHOP_001,C0497,T09600,1242.0,2026-06-20
SHOP_001,C0490,T09601,490.0,2026-06-20
SHOP_001,C0386,T09602,660.0,2026-06-20
SHOP_001,C0333,T09603,449.0,2026-06-21
SHOP_001,C0567,T09604,291.0,2026-06-21
SHOP_001,C0498,T09605,755.0,2026-06-21
SHOP_001,C0524,T09606,398.0,2026-06-21
SHOP_001,C0014,T09607,1267.0,2026-06-21
SHOP_001,C0492,T09608,1103.0,2026-06-21
SHOP_001,C0671,T09609,1445.0,2026-06-21
SHOP_001,C0490,T09610,401.0,2026-06-21
SHOP_001,C0716,T09611,995.0,2026-06-21
SHOP_001,C0211,T09612,387.0,2026-06-21
SHOP_001,C0350,T09613,358.0,2026-06-21
SHOP_001,C0409,T09614,469.0,2026-06-21
SHOP_001,C0584,T09615,541.0,2026-06-21
SHOP_001,C0345,T09616,854.0,2026-06-21
SHOP_001,C0768,T09617,829.0,2026-06-21
SHOP_001,C0047,T09618,499.0,2026-06-21
SHOP_001,C0386,T09619,354.0,2026-06-21
SHOP_001,C0718,T09620,473.0,2026-06-21
SHOP_001,C0373,T09621,666.0,2026-06-21
SHOP_001,C0900,T09622,719.0,2026-06-21
SHOP_001,C0158,T09623,698.0,2026-06-21
SHOP_001,C0541,T09624,638.0,2026-06-21
SHOP_001,C0968,T09625,732.0,2026-06-21
SHOP_001,C0325,T09626,495.0,2026-06-21
SHOP_001,C0227,T09627,788.0,2026-06-21
SHOP_001,C0084,T09628,517.0,2026-06-21
SHOP_001,C0271,T09629,565.0,2026-06-21
SHOP_001,C0277,T09630,488.0,2026-06-21
SHOP_001,C0889,T09631,566.0,2026-06-21
SHOP_001,C0211,T09632,453.0,2026-06-21
SHOP_001,C0877,T09633,424.0,2026-06-22
SHOP_001,C0646,T09634,618.0,2026-06-22
SHOP_001,C0780,T09635,568.0,2026-06-22
SHOP_001,C0227,T09636,566.0,2026-06-22
SHOP_001,C0772,T09637,665.0,2026-06-22
SHOP_001,C0102,T09638,1040.0,2026-06-22
SHOP_001,C0625,T09639,623.0,2026-06-22
SHOP_001,C0877,T09640,245.0,2026-06-22
SHOP_001,C0848,T09641,906.0,2026-06-22
SHOP_001,C0560,T09642,408.0,2026-06-22
SHOP_001,C0771,T09643,711.0,2026-06-22
SHOP_001,C0035,T09644,437.0,2026-06-22
SHOP_001,C0852,T09645,550.0,2026-06-22
SHOP_001,C0940,T09646,232.0,2026-06-22
SHOP_001,C0127,T09647,778.0,2026-06-22
SHOP_001,C0444,T09648,569.0,2026-06-22
SHOP_001,C0784,T09649,1067.0,2026-06-22
SHOP_001,C0780,T09650,715.0,2026-06-22
SHOP_001,C0978,T09651,323.0,2026-06-22
SHOP_001,C0463,T09652,393.0,2026-06-22
SHOP_001,C0138,T09653,408.0,2026-06-23
SHOP_001,C0162,T09654,392.0,2026-06-23
SHOP_001,C0940,T09655,331.0,2026-06-23
SHOP_001,C0639,T09656,363.0,2026-06-23
SHOP_001,C0846,T09657,582.0,2026-06-23
SHOP_001,C0719,T09658,264.0,2026-06-23
SHOP_001,C0075,T09659,646.0,2026-06-23
SHOP_001,C0670,T09660,463.0,2026-06-23
SHOP_001,C0716,T09661,461.0,2026-06-23
SHOP_001,C0527,T09662,451.0,2026-06-23
SHOP_001,C0781,T09663,310.0,2026-06-23
SHOP_001,C0771,T09664,890.0,2026-06-23
SHOP_001,C0803,T09665,369.0,2026-06-23
SHOP_001,C0498,T09666,850.0,2026-06-23
SHOP_001,C0885,T09667,459.0,2026-06-23
SHOP_001,C0885,T09668,509.0,2026-06-23
SHOP_001,C0872,T09669,932.0,2026-06-23
SHOP_001,C0153,T09670,527.0,2026-06-23
SHOP_001,C0524,T09671,468.0,2026-06-23
SHOP_001,C0349,T09672,614.0,2026-06-23
SHOP_001,C0622,T09673,844.0,2026-06-23
SHOP_001,C0268,T09674,349.0,2026-06-23
SHOP_001,C0967,T09675,339.0,2026-06-23
SHOP_001,C0753,T09676,562.0,2026-06-23
SHOP_001,C0530,T09677,609.0,2026-06-24
SHOP_001,C0623,T09678,544.0,2026-06-24
SHOP_001,C0671,T09679,1086.0,2026-06-24
SHOP_001,C0144,T09680,456.0,2026-06-24
SHOP_001,C0308,T09681,480.0,2026-06-24
SHOP_001,C0505,T09682,294.0,2026-06-24
SHOP_001,C0315,T09683,898.0,2026-06-24
SHOP_001,C0754,T09684,515.0,2026-06-24
SHOP_001,C0169,T09685,392.0,2026-06-24
SHOP_001,C0784,T09686,883.0,2026-06-24
SHOP_001,C0187,T09687,1086.0,2026-06-24
SHOP_001,C0274,T09688,1092.0,2026-06-24
SHOP_001,C0808,T09689,365.0,2026-06-24
SHOP_001,C0685,T09690,298.0,2026-06-24
SHOP_001,C0306,T09691,389.0,2026-06-24
SHOP_001,C0340,T09692,593.0,2026-06-24
SHOP_001,C0567,T09693,579.0,2026-06-24
SHOP_001,C0464,T09694,315.0,2026-06-24
SHOP_001,C0915,T09695,582.0,2026-06-24
SHOP_001,C0988,T09696,367.0,2026-06-24
SHOP_001,C0153,T09697,447.0,2026-06-24
SHOP_001,C0254,T09698,361.0,2026-06-24
SHOP_001,C0453,T09699,1498.0,2026-06-25
SHOP_001,C0648,T09700,322.0,2026-06-25
SHOP_001,C0311,T09701,361.0,2026-06-25
SHOP_001,C0466,T09702,1276.0,2026-06-25
SHOP_001,C0457,T09703,890.0,2026-06-25
SHOP_001,C0123,T09704,518.0,2026-06-25
SHOP_001,C0685,T09705,496.0,2026-06-25
SHOP_001,C0242,T09706,691.0,2026-06-25
SHOP_001,C0744,T09707,652.0,2026-06-25
SHOP_001,C0966,T09708,514.0,2026-06-25
SHOP_001,C0940,T09709,340.0,2026-06-25
SHOP_001,C0435,T09710,1265.0,2026-06-25
SHOP_001,C0847,T09711,406.0,2026-06-25
SHOP_001,C0174,T09712,693.0,2026-06-25
SHOP_001,C0097,T09713,834.0,2026-06-25
SHOP_001,C0197,T09714,862.0,2026-06-25
SHOP_001,C0409,T09715,636.0,2026-06-25
SHOP_001,C0042,T09716,386.0,2026-06-25
SHOP_001,C0716,T09717,659.0,2026-06-25
SHOP_001,C0174,T09718,501.0,2026-06-25
SHOP_001,C0430,T09719,261.0,2026-06-25
SHOP_001,C0331,T09720,457.0,2026-06-25
SHOP_001,C0610,T09721,673.0,2026-06-25
SHOP_001,C0884,T09722,867.0,2026-06-25
SHOP_001,C0939,T09723,420.0,2026-06-25
SHOP_001,C0402,T09724,539.0,2026-06-25
SHOP_001,C0424,T09725,716.0,2026-06-25
SHOP_001,C0611,T09726,520.0,2026-06-26
SHOP_001,C0234,T09727,683.0,2026-06-26
SHOP_001,C0517,T09728,665.0,2026-06-26
SHOP_001,C0894,T09729,409.0,2026-06-26
SHOP_001,C0249,T09730,537.0,2026-06-26
SHOP_001,C0769,T09731,646.0,2026-06-26
SHOP_001,C0682,T09732,1484.0,2026-06-26
SHOP_001,C0525,T09733,537.0,2026-06-26
SHOP_001,C0181,T09734,616.0,2026-06-26
SHOP_001,C0807,T09735,324.0,2026-06-26
SHOP_001,C0202,T09736,713.0,2026-06-26
SHOP_001,C0961,T09737,494.0,2026-06-26
SHOP_001,C0573,T09738,797.0,2026-06-26
SHOP_001,C0031,T09739,501.0,2026-06-26
SHOP_001,C0518,T09740,1030.0,2026-06-26
SHOP_001,C0768,T09741,513.0,2026-06-26
SHOP_001,C0027,T09742,386.0,2026-06-26
SHOP_001,C0712,T09743,477.0,2026-06-26
SHOP_001,C0787,T09744,431.0,2026-06-26
SHOP_001,C0113,T09745,600.0,2026-06-26
SHOP_001,C0129,T09746,460.0,2026-06-26
SHOP_001,C0966,T09747,517.0,2026-06-26
SHOP_001,C0188,T09748,1036.0,2026-06-26
SHOP_001,C0951,T09749,823.0,2026-06-26
SHOP_001,C0576,T09750,459.0,2026-06-26
SHOP_001,C0732,T09751,897.0,2026-06-26
SHOP_001,C0768,T09752,751.0,2026-06-26
SHOP_001,C0067,T09753,831.0,2026-06-26
SHOP_001,C0583,T09754,696.0,2026-06-26
SHOP_001,C0951,T09755,640.0,2026-06-26
SHOP_001,C0973,T09756,455.0,2026-06-26
SHOP_001,C0648,T09757,422.0,2026-06-26
SHOP_001,C0718,T09758,744.0,2026-06-26
SHOP_001,C0315,T09759,638.0,2026-06-26
SHOP_001,C0711,T09760,496.0,2026-06-26
SHOP_001,C0530,T09761,541.0,2026-06-27
SHOP_001,C0031,T09762,452.0,2026-06-27
SHOP_001,C0774,T09763,523.0,2026-06-27
SHOP_001,C0839,T09764,887.0,2026-06-27
SHOP_001,C0154,T09765,749.0,2026-06-27
SHOP_001,C0539,T09766,410.0,2026-06-27
SHOP_001,C0515,T09767,594.0,2026-06-27
SHOP_001,C0557,T09768,298.0,2026-06-27
SHOP_001,C0007,T09769,507.0,2026-06-27
SHOP_001,C0708,T09770,753.0,2026-06-27
SHOP_001,C0146,T09771,211.0,2026-06-27
SHOP_001,C0153,T09772,624.0,2026-06-27
SHOP_001,C0780,T09773,934.0,2026-06-27
SHOP_001,C0768,T09774,1031.0,2026-06-27
SHOP_001,C0230,T09775,912.0,2026-06-27
SHOP_001,C0539,T09776,444.0,2026-06-27
SHOP_001,C0916,T09777,318.0,2026-06-27
SHOP_001,C0230,T09778,635.0,2026-06-27
SHOP_001,C0950,T09779,661.0,2026-06-27
SHOP_001,C0353,T09780,627.0,2026-06-27
SHOP_001,C0926,T09781,366.0,2026-06-27
SHOP_001,C0495,T09782,868.0,2026-06-27
SHOP_001,C0374,T09783,1570.0,2026-06-27
SHOP_001,C0963,T09784,437.0,2026-06-27
SHOP_001,C0843,T09785,964.0,2026-06-27
SHOP_001,C0105,T09786,598.0,2026-06-27
SHOP_001,C0518,T09787,603.0,2026-06-27
SHOP_001,C0375,T09788,753.0,2026-06-27
SHOP_001,C0359,T09789,1167.0,2026-06-27
SHOP_001,C0639,T09790,430.0,2026-06-27
SHOP_001,C0867,T09791,338.0,2026-06-27
SHOP_001,C0552,T09792,922.0,2026-06-27
SHOP_001,C0180,T09793,387.0,2026-06-28
SHOP_001,C0677,T09794,582.0,2026-06-28
SHOP_001,C0985,T09795,551.0,2026-06-28
SHOP_001,C0928,T09796,490.0,2026-06-28
SHOP_001,C0294,T09797,475.0,2026-06-28
SHOP_001,C0019,T09798,409.0,2026-06-28
SHOP_001,C0973,T09799,1048.0,2026-06-28
SHOP_001,C0809,T09800,783.0,2026-06-28
SHOP_001,C0984,T09801,543.0,2026-06-28
SHOP_001,C0838,T09802,584.0,2026-06-28
SHOP_001,C0551,T09803,623.0,2026-06-28
SHOP_001,C0831,T09804,901.0,2026-06-28
SHOP_001,C0084,T09805,573.0,2026-06-28
SHOP_001,C0681,T09806,348.0,2026-06-28
SHOP_001,C0716,T09807,759.0,2026-06-28
SHOP_001,C0518,T09808,698.0,2026-06-28
SHOP_001,C0542,T09809,408.0,2026-06-28
SHOP_001,C0761,T09810,513.0,2026-06-28
SHOP_001,C0438,T09811,442.0,2026-06-28
SHOP_001,C0468,T09812,1104.0,2026-06-28
SHOP_001,C0846,T09813,377.0,2026-06-28
SHOP_001,C0242,T09814,610.0,2026-06-28
SHOP_001,C0295,T09815,461.0,2026-06-28
SHOP_001,C0495,T09816,638.0,2026-06-28
SHOP_001,C0966,T09817,432.0,2026-06-28
SHOP_001,C0880,T09818,332.0,2026-06-29
SHOP_001,C0908,T09819,246.0,2026-06-29
SHOP_001,C0099,T09820,568.0,2026-06-29
SHOP_001,C0355,T09821,336.0,2026-06-29
SHOP_001,C0995,T09822,413.0,2026-06-29
SHOP_001,C0230,T09823,1701.0,2026-06-29
SHOP_001,C0530,T09824,355.0,2026-06-29
SHOP_001,C0881,T09825,372.0,2026-06-29
SHOP_001,C0493,T09826,1087.0,2026-06-29
SHOP_001,C0928,T09827,546.0,2026-06-29
SHOP_001,C0931,T09828,326.0,2026-06-29
SHOP_001,C0926,T09829,482.0,2026-06-29
SHOP_001,C0946,T09830,447.0,2026-06-29
SHOP_001,C0708,T09831,761.0,2026-06-29
SHOP_001,C0711,T09832,333.0,2026-06-29
SHOP_001,C0841,T09833,616.0,2026-06-29
SHOP_001,C0762,T09834,341.0,2026-06-29
SHOP_001,C0199,T09835,639.0,2026-06-29
SHOP_001,C0924,T09836,337.0,2026-06-29
SHOP_001,C0768,T09837,655.0,2026-06-29
SHOP_001,C0732,T09838,691.0,2026-06-29
SHOP_001,C0934,T09839,422.0,2026-06-29
SHOP_001,C0399,T09840,550.0,2026-06-30
SHOP_001,C0174,T09841,1021.0,2026-06-30
SHOP_001,C0857,T09842,1164.0,2026-06-30
SHOP_001,C0097,T09843,787.0,2026-06-30
SHOP_001,C0741,T09844,528.0,2026-06-30
SHOP_001,C0388,T09845,745.0,2026-06-30
SHOP_001,C0456,T09846,297.0,2026-06-30
SHOP_001,C0901,T09847,676.0,2026-06-30
SHOP_001,C0610,T09848,1120.0,2026-06-30
SHOP_001,C0017,T09849,460.0,2026-06-30
SHOP_001,C0295,T09850,205.0,2026-06-30
SHOP_001,C0754,T09851,782.0,2026-06-30
SHOP_001,C0558,T09852,375.0,2026-06-30
SHOP_001,C0744,T09853,557.0,2026-06-30
SHOP_001,C0384,T09854,911.0,2026-06-30
SHOP_001,C0142,T09855,406.0,2026-06-30
SHOP_001,C0593,T09856,685.0,2026-06-30
SHOP_001,C0761,T09857,392.0,2026-06-30
SHOP_001,C0506,T09858,380.0,2026-06-30
SHOP_001,C0927,T09859,329.0,2026-06-30
SHOP_001,C0346,T09860,660.0,2026-07-01
SHOP_001,C0047,T09861,616.0,2026-07-01
SHOP_001,C0636,T09862,1507.0,2026-07-01
SHOP_001,C0475,T09863,533.0,2026-07-01
SHOP_001,C0227,T09864,933.0,2026-07-01
SHOP_001,C0676,T09865,370.0,2026-07-01
SHOP_001,C0626,T09866,797.0,2026-07-01
SHOP_001,C0288,T09867,635.0,2026-07-01
SHOP_001,C0019,T09868,428.0,2026-07-01
SHOP_001,C0657,T09869,1279.0,2026-07-01
SHOP_001,C0153,T09870,1098.0,2026-07-01
SHOP_001,C0188,T09871,363.0,2026-07-01
SHOP_001,C0718,T09872,616.0,2026-07-01
SHOP_001,C0315,T09873,758.0,2026-07-01
SHOP_001,C0224,T09874,1572.0,2026-07-01
SHOP_001,C0835,T09875,336.0,2026-07-01
SHOP_001,C0671,T09876,1057.0,2026-07-01
SHOP_001,C0312,T09877,952.0,2026-07-01
SHOP_001,C0343,T09878,278.0,2026-07-01
SHOP_001,C0517,T09879,430.0,2026-07-01
SHOP_001,C0828,T09880,533.0,2026-07-01
SHOP_001,C0303,T09881,509.0,2026-07-01
SHOP_001,C0908,T09882,424.0,2026-07-01
SHOP_001,C0414,T09883,450.0,2026-07-01
SHOP_001,C0202,T09884,706.0,2026-07-02
SHOP_001,C0087,T09885,791.0,2026-07-02
SHOP_001,C0442,T09886,1029.0,2026-07-02
SHOP_001,C0227,T09887,932.0,2026-07-02
SHOP_001,C0112,T09888,429.0,2026-07-02
SHOP_001,C0355,T09889,357.0,2026-07-02
SHOP_001,C0288,T09890,475.0,2026-07-02
SHOP_001,C0286,T09891,571.0,2026-07-02
SHOP_001,C0919,T09892,655.0,2026-07-02
SHOP_001,C0780,T09893,488.0,2026-07-02
SHOP_001,C0900,T09894,391.0,2026-07-02
SHOP_001,C0903,T09895,405.0,2026-07-02
SHOP_001,C0343,T09896,243.0,2026-07-02
SHOP_001,C0115,T09897,337.0,2026-07-02
SHOP_001,C0855,T09898,589.0,2026-07-02
SHOP_001,C0562,T09899,993.0,2026-07-02
SHOP_001,C0084,T09900,409.0,2026-07-02
SHOP_001,C0304,T09901,978.0,2026-07-02
SHOP_001,C0512,T09902,794.0,2026-07-02
SHOP_001,C0474,T09903,322.0,2026-07-02
SHOP_001,C0967,T09904,665.0,2026-07-02
SHOP_001,C0984,T09905,640.0,2026-07-02
SHOP_001,C0396,T09906,376.0,2026-07-02
SHOP_001,C0534,T09907,352.0,2026-07-03
SHOP_001,C0738,T09908,375.0,2026-07-03
SHOP_001,C0079,T09909,408.0,2026-07-03
SHOP_001,C0399,T09910,387.0,2026-07-03
SHOP_001,C0618,T09911,360.0,2026-07-03
SHOP_001,C0940,T09912,618.0,2026-07-03
SHOP_001,C0718,T09913,364.0,2026-07-03
SHOP_001,C0751,T09914,413.0,2026-07-03
SHOP_001,C0030,T09915,459.0,2026-07-03
SHOP_001,C0157,T09916,312.0,2026-07-03
SHOP_001,C0977,T09917,588.0,2026-07-03
SHOP_001,C0008,T09918,316.0,2026-07-03
SHOP_001,C0084,T09919,350.0,2026-07-03
SHOP_001,C0512,T09920,640.0,2026-07-03
SHOP_001,C0169,T09921,873.0,2026-07-03
SHOP_001,C0489,T09922,1796.0,2026-07-03
SHOP_001,C0030,T09923,462.0,2026-07-03
SHOP_001,C0490,T09924,489.0,2026-07-03
SHOP_001,C0142,T09925,351.0,2026-07-03
SHOP_001,C0481,T09926,352.0,2026-07-03
SHOP_001,C0815,T09927,513.0,2026-07-03
SHOP_001,C0353,T09928,978.0,2026-07-03
SHOP_001,C0448,T09929,662.0,2026-07-03
SHOP_001,C0663,T09930,269.0,2026-07-03
SHOP_001,C0140,T09931,543.0,2026-07-03
SHOP_001,C0827,T09932,538.0,2026-07-03
SHOP_001,C0940,T09933,385.0,2026-07-03
SHOP_001,C0560,T09934,806.0,2026-07-03
SHOP_001,C0689,T09935,560.0,2026-07-03
SHOP_001,C0903,T09936,543.0,2026-07-03
SHOP_001,C0805,T09937,432.0,2026-07-04
SHOP_001,C0214,T09938,562.0,2026-07-04
SHOP_001,C0242,T09939,406.0,2026-07-04
SHOP_001,C0315,T09940,574.0,2026-07-04
SHOP_001,C0771,T09941,406.0,2026-07-04
SHOP_001,C0632,T09942,570.0,2026-07-04
SHOP_001,C0389,T09943,813.0,2026-07-04
SHOP_001,C0343,T09944,468.0,2026-07-04
SHOP_001,C0943,T09945,375.0,2026-07-04
SHOP_001,C0433,T09946,444.0,2026-07-04
SHOP_001,C0755,T09947,511.0,2026-07-04
SHOP_001,C0144,T09948,756.0,2026-07-04
SHOP_001,C0263,T09949,433.0,2026-07-04
SHOP_001,C0671,T09950,505.0,2026-07-04
SHOP_001,C0803,T09951,366.0,2026-07-04
SHOP_001,C0943,T09952,451.0,2026-07-04
SHOP_001,C0782,T09953,405.0,2026-07-04
SHOP_001,C0525,T09954,734.0,2026-07-04
SHOP_001,C0525,T09955,792.0,2026-07-04
SHOP_001,C0901,T09956,432.0,2026-07-04
SHOP_001,C0456,T09957,312.0,2026-07-04
SHOP_001,C0604,T09958,545.0,2026-07-04
SHOP_001,C0754,T09959,998.0,2026-07-04
SHOP_001,C0505,T09960,478.0,2026-07-04
SHOP_001,C0102,T09961,340.0,2026-07-04
SHOP_001,C0061,T09962,592.0,2026-07-04
SHOP_001,C0967,T09963,329.0,2026-07-04
SHOP_001,C0714,T09964,561.0,2026-07-04
SHOP_001,C0341,T09965,616.0,2026-07-04
SHOP_001,C0090,T09966,619.0,2026-07-04
SHOP_001,C0229,T09967,1261.0,2026-07-04
SHOP_001,C0793,T09968,524.0,2026-07-04
SHOP_001,C0769,T09969,540.0,2026-07-04
SHOP_001,C0219,T09970,995.0,2026-07-04
SHOP_001,C0343,T09971,286.0,2026-07-04
SHOP_001,C0671,T09972,736.0,2026-07-04
SHOP_001,C0211,T09973,465.0,2026-07-05
SHOP_001,C0019,T09974,826.0,2026-07-05
SHOP_001,C0780,T09975,879.0,2026-07-05
SHOP_001,C0498,T09976,488.0,2026-07-05
SHOP_001,C0509,T09977,292.0,2026-07-05
SHOP_001,C0694,T09978,1580.0,2026-07-05
SHOP_001,C0468,T09979,1020.0,2026-07-05
SHOP_001,C0084,T09980,486.0,2026-07-05
SHOP_001,C0498,T09981,577.0,2026-07-05
SHOP_001,C0691,T09982,539.0,2026-07-05
SHOP_001,C0374,T09983,558.0,2026-07-05
SHOP_001,C0066,T09984,771.0,2026-07-05
SHOP_001,C0681,T09985,448.0,2026-07-05
SHOP_001,C0109,T09986,447.0,2026-07-05
SHOP_001,C0649,T09987,626.0,2026-07-05
SHOP_001,C0627,T09988,771.0,2026-07-05
SHOP_001,C0372,T09989,1092.0,2026-07-05
SHOP_001,C0686,T09990,482.0,2026-07-05
SHOP_001,C0144,T09991,806.0,2026-07-05
SHOP_001,C0805,T09992,420.0,2026-07-05
SHOP_001,C0455,T09993,606.0,2026-07-05
SHOP_001,C0808,T09994,798.0,2026-07-05
SHOP_001,C0306,T09995,803.0,2026-07-05
SHOP_001,C0943,T09996,628.0,2026-07-05
SHOP_001,C0495,T09997,835.0,2026-07-05
SHOP_001,C0472,T09998,867.0,2026-07-05
SHOP_001,C0568,T09999,461.0,2026-07-05
SHOP_001,C0837,T10000,772.0,2026-07-05
