shop_id,customer_id,transaction_id,amount,date
SHOP_001,C0742,T10001,561.0,2026-07-06
SHOP_001,C0084,T10002,646.0,2026-07-06
SHOP_001,C0847,T10003,428.0,2026-07-06
SHOP_001,C0721,T10004,312.0,2026-07-06
SHOP_001,C0312,T10005,605.0,2026-07-06
SHOP_001,C0266,T10006,319.0,2026-07-06
SHOP_001,C0285,T10007,789.0,2026-07-06
SHOP_001,C0180,T10008,456.0,2026-07-06
SHOP_001,C0661,T10009,456.0,2026-07-06
SHOP_001,C0343,T10010,284.0,2026-07-06
SHOP_001,C0556,T10011,635.0,2026-07-06
SHOP_001,C0112,T10012,1097.0,2026-07-06
SHOP_001,C0135,T10013,318.0,2026-07-06
SHOP_001,C0597,T10014,726.0,2026-07-06
SHOP_001,C0940,T10015,240.0,2026-07-06
SHOP_001,C0831,T10016,531.0,2026-07-06
SHOP_001,C0080,T10017,455.0,2026-07-06
SHOP_001,C0714,T10018,566.0,2026-07-06
SHOP_001,C0744,T10019,476.0,2026-07-06
SHOP_001,C0870,T10020,458.0,2026-07-06
SHOP_001,C0809,T10021,1123.0,2026-07-06
SHOP_001,C0661,T10022,451.0,2026-07-07
SHOP_001,C0723,T10023,372.0,2026-07-07
SHOP_001,C0477,T10024,644.0,2026-07-07
SHOP_001,C0026,T10025,1188.0,2026-07-07
SHOP_001,C0988,T10026,614.0,2026-07-07
SHOP_001,C0716,T10027,785.0,2026-07-07
SHOP_001,C0719,T10028,334.0,2026-07-07
SHOP_001,C0510,T10029,529.0,2026-07-07
SHOP_001,C0012,T10030,751.0,2026-07-07
SHOP_001,C0766,T10031,677.0,2026-07-07
SHOP_001,C0397,T10032,364.0,2026-07-07
SHOP_001,C0140,T10033,576.0,2026-07-07
SHOP_001,C0763,T10034,411.0,2026-07-07
SHOP_001,C0780,T10035,1128.0,2026-07-07
SHOP_001,C0609,T10036,825.0,2026-07-07
SHOP_001,C0512,T10037,345.0,2026-07-07
SHOP_001,C0509,T10038,553.0,2026-07-07
SHOP_001,C0553,T10039,886.0,2026-07-07
SHOP_001,C0227,T10040,522.0,2026-07-08
SHOP_001,C0591,T10041,466.0,2026-07-08
SHOP_001,C0142,T10042,627.0,2026-07-08
SHOP_001,C0763,T10043,450.0,2026-07-08
SHOP_001,C0456,T10044,466.0,2026-07-08
SHOP_001,C0657,T10045,717.0,2026-07-08
SHOP_001,C0636,T10046,459.0,2026-07-08
SHOP_001,C0989,T10047,479.0,2026-07-08
SHOP_001,C0025,T10048,434.0,2026-07-08
SHOP_001,C0745,T10049,566.0,2026-07-08
SHOP_001,C0719,T10050,230.0,2026-07-08
SHOP_001,C0900,T10051,428.0,2026-07-08
SHOP_001,C0741,T10052,276.0,2026-07-08
SHOP_001,C0593,T10053,563.0,2026-07-08
SHOP_001,C0359,T10054,682.0,2026-07-08
SHOP_001,C0249,T10055,333.0,2026-07-08
SHOP_001,C0677,T10056,1206.0,2026-07-09
SHOP_001,C0460,T10057,276.0,2026-07-09
SHOP_001,C0873,T10058,416.0,2026-07-09
SHOP_001,C0240,T10059,523.0,2026-07-09
SHOP_001,C0373,T10060,449.0,2026-07-09
SHOP_001,C0294,T10061,526.0,2026-07-09
SHOP_001,C0548,T10062,486.0,2026-07-09
SHOP_001,C0762,T10063,867.0,2026-07-09
SHOP_001,C0489,T10064,1010.0,2026-07-09
SHOP_001,C0780,T10065,566.0,2026-07-09
SHOP_001,C0140,T10066,336.0,2026-07-09
SHOP_001,C0912,T10067,448.0,2026-07-09
SHOP_001,C0105,T10068,466.0,2026-07-09
SHOP_001,C0924,T10069,846.0,2026-07-09
SHOP_001,C0311,T10070,542.0,2026-07-09
SHOP_001,C0539,T10071,476.0,2026-07-09
SHOP_001,C0012,T10072,1158.0,2026-07-09
SHOP_001,C0601,T10073,438.0,2026-07-09
SHOP_001,C0625,T10074,331.0,2026-07-09
SHOP_001,C0112,T10075,742.0,2026-07-09
SHOP_001,C0940,T10076,335.0,2026-07-10
SHOP_001,C0831,T10077,676.0,2026-07-10
SHOP_001,C0188,T10078,361.0,2026-07-10
SHOP_001,C0341,T10079,864.0,2026-07-10
SHOP_001,C0157,T10080,421.0,2026-07-10
SHOP_001,C0254,T10081,342.0,2026-07-10
SHOP_001,C0528,T10082,404.0,2026-07-10
SHOP_001,C0956,T10083,460.0,2026-07-10
SHOP_001,C0071,T10084,805.0,2026-07-10
SHOP_001,C0088,T10085,1332.0,2026-07-10
SHOP_001,C0099,T10086,1024.0,2026-07-10
SHOP_001,C0466,T10087,928.0,2026-07-10
SHOP_001,C0763,T10088,717.0,2026-07-10
SHOP_001,C0442,T10089,461.0,2026-07-10
SHOP_001,C0423,T10090,587.0,2026-07-10
SHOP_001,C0716,T10091,1102.0,2026-07-10
SHOP_001,C0019,T10092,767.0,2026-07-10
SHOP_001,C0073,T10093,481.0,2026-07-10
SHOP_001,C0198,T10094,408.0,2026-07-10
SHOP_001,C0768,T10095,714.0,2026-07-10
SHOP_001,C0442,T10096,891.0,2026-07-10
SHOP_001,C0787,T10097,551.0,2026-07-10
SHOP_001,C0990,T10098,907.0,2026-07-10
SHOP_001,C0953,T10099,893.0,2026-07-10
SHOP_001,C0286,T10100,472.0,2026-07-10
SHOP_001,C0903,T10101,328.0,2026-07-10
SHOP_001,C0396,T10102,590.0,2026-07-10
SHOP_001,C0860,T10103,377.0,2026-07-10
SHOP_001,C0380,T10104,351.0,2026-07-10
SHOP_001,C0861,T10105,1013.0,2026-07-10
SHOP_001,C0919,T10106,432.0,2026-07-10
SHOP_001,C0648,T10107,689.0,2026-07-10
SHOP_001,C0087,T10108,863.0,2026-07-10
SHOP_001,C0931,T10109,369.0,2026-07-10
SHOP_001,C0655,T10110,448.0,2026-07-10
SHOP_001,C0166,T10111,1045.0,2026-07-10
SHOP_001,C0305,T10112,781.0,2026-07-10
SHOP_001,C0105,T10113,717.0,2026-07-10
SHOP_001,C0406,T10114,566.0,2026-07-10
SHOP_001,C0999,T10115,707.0,2026-07-10
SHOP_001,C0703,T10116,596.0,2026-07-10
SHOP_001,C0661,T10117,698.0,2026-07-11
SHOP_001,C0370,T10118,361.0,2026-07-11
SHOP_001,C0440,T10119,565.0,2026-07-11
SHOP_001,C0073,T10120,591.0,2026-07-11
SHOP_001,C0718,T10121,490.0,2026-07-11
SHOP_001,C0112,T10122,588.0,2026-07-11
SHOP_001,C0347,T10123,746.0,2026-07-11
SHOP_001,C0805,T10124,493.0,2026-07-11
SHOP_001,C0714,T10125,597.0,2026-07-11
SHOP_001,C0426,T10126,401.0,2026-07-11
SHOP_001,C0835,T10127,324.0,2026-07-11
SHOP_001,C0352,T10128,896.0,2026-07-11
SHOP_001,C0648,T10129,447.0,2026-07-11
SHOP_001,C0213,T10130,463.0,2026-07-11
SHOP_001,C0353,T10131,1059.0,2026-07-11
SHOP_001,C0870,T10132,652.0,2026-07-11
SHOP_001,C0961,T10133,569.0,2026-07-11
SHOP_001,C0990,T10134,438.0,2026-07-11
SHOP_001,C0683,T10135,370.0,2026-07-11
SHOP_001,C0190,T10136,551.0,2026-07-11
SHOP_001,C0557,T10137,433.0,2026-07-11
SHOP_001,C0844,T10138,701.0,2026-07-11
SHOP_001,C0163,T10139,554.0,2026-07-11
SHOP_001,C0943,T10140,377.0,2026-07-11
SHOP_001,C0872,T10141,754.0,2026-07-11
SHOP_001,C0199,T10142,401.0,2026-07-11
SHOP_001,C0489,T10143,598.0,2026-07-11
SHOP_001,C0724,T10144,500.0,2026-07-11
SHOP_001,C0753,T10145,590.0,2026-07-11
SHOP_001,C0435,T10146,803.0,2026-07-11
SHOP_001,C0359,T10147,413.0,2026-07-11
SHOP_001,C0932,T10148,873.0,2026-07-11
SHOP_001,C0180,T10149,547.0,2026-07-11
SHOP_001,C0832,T10150,786.0,2026-07-11
SHOP_001,C0811,T10151,444.0,2026-07-11
SHOP_001,C0935,T10152,293.0,2026-07-11
SHOP_001,C0288,T10153,510.0,2026-07-11
SHOP_001,C0623,T10154,362.0,2026-07-11
SHOP_001,C0677,T10155,498.0,2026-07-11
SHOP_001,C0143,T10156,509.0,2026-07-11
SHOP_001,C0337,T10157,939.0,2026-07-11
SHOP_001,C0685,T10158,370.0,2026-07-12
SHOP_001,C0683,T10159,495.0,2026-07-12
SHOP_001,C0183,T10160,741.0,2026-07-12
SHOP_001,C0180,T10161,351.0,2026-07-12
SHOP_001,C0352,T10162,464.0,2026-07-12
SHOP_001,C0723,T10163,350.0,2026-07-12
SHOP_001,C0659,T10164,454.0,2026-07-12
SHOP_001,C0089,T10165,464.0,2026-07-12
SHOP_001,C0852,T10166,372.0,2026-07-12
SHOP_001,C0019,T10167,472.0,2026-07-12
SHOP_001,C0294,T10168,438.0,2026-07-12
SHOP_001,C0427,T10169,971.0,2026-07-12
SHOP_001,C0408,T10170,459.0,2026-07-12
SHOP_001,C0440,T10171,738.0,2026-07-12
SHOP_001,C0031,T10172,857.0,2026-07-12
SHOP_001,C0066,T10173,740.0,2026-07-12
SHOP_001,C0374,T10174,916.0,2026-07-12
SHOP_001,C0316,T10175,435.0,2026-07-12
SHOP_001,C0651,T10176,587.0,2026-07-12
SHOP_001,C0475,T10177,247.0,2026-07-12
SHOP_001,C0910,T10178,296.0,2026-07-12
SHOP_001,C0142,T10179,575.0,2026-07-12
SHOP_001,C0966,T10180,610.0,2026-07-12
SHOP_001,C0080,T10181,643.0,2026-07-12
SHOP_001,C0903,T10182,455.0,2026-07-12
SHOP_001,C0741,T10183,645.0,2026-07-12
SHOP_001,C0621,T10184,744.0,2026-07-12
SHOP_001,C0793,T10185,790.0,2026-07-12
SHOP_001,C0024,T10186,482.0,2026-07-12
SHOP_001,C0716,T10187,690.0,2026-07-12
SHOP_001,C0744,T10188,520.0,2026-07-12
SHOP_001,C0949,T10189,476.0,2026-07-12
SHOP_001,C0663,T10190,512.0,2026-07-12
SHOP_001,C0779,T10191,563.0,2026-07-12
SHOP_001,C0414,T10192,494.0,2026-07-13
SHOP_001,C0753,T10193,638.0,2026-07-13
SHOP_001,C0305,T10194,684.0,2026-07-13
SHOP_001,C0353,T10195,797.0,2026-07-13
SHOP_001,C0657,T10196,724.0,2026-07-13
SHOP_001,C0968,T10197,670.0,2026-07-13
SHOP_001,C0506,T10198,214.0,2026-07-13
SHOP_001,C0554,T10199,592.0,2026-07-13
SHOP_001,C0130,T10200,723.0,2026-07-13
SHOP_001,C0435,T10201,585.0,2026-07-13
SHOP_001,C0681,T10202,257.0,2026-07-13
SHOP_001,C0487,T10203,490.0,2026-07-13
SHOP_001,C0524,T10204,394.0,2026-07-13
SHOP_001,C0767,T10205,394.0,2026-07-13
SHOP_001,C0459,T10206,514.0,2026-07-14
SHOP_001,C0492,T10207,655.0,2026-07-14
SHOP_001,C0767,T10208,356.0,2026-07-14
SHOP_001,C0444,T10209,935.0,2026-07-14
SHOP_001,C0359,T10210,1168.0,2026-07-14
SHOP_001,C0791,T10211,618.0,2026-07-14
SHOP_001,C0984,T10212,385.0,2026-07-14
SHOP_001,C0498,T10213,806.0,2026-07-14
SHOP_001,C0066,T10214,654.0,2026-07-14
SHOP_001,C0066,T10215,531.0,2026-07-14
SHOP_001,C0967,T10216,280.0,2026-07-14
SHOP_001,C0686,T10217,580.0,2026-07-14
SHOP_001,C0080,T10218,1057.0,2026-07-14
SHOP_001,C0618,T10219,629.0,2026-07-14
SHOP_001,C0732,T10220,730.0,2026-07-14
SHOP_001,C0279,T10221,295.0,2026-07-14
SHOP_001,C0771,T10222,899.0,2026-07-15
SHOP_001,C0592,T10223,652.0,2026-07-15
SHOP_001,C0869,T10224,414.0,2026-07-15
SHOP_001,C0331,T10225,373.0,2026-07-15
SHOP_001,C0539,T10226,529.0,2026-07-15
SHOP_001,C0732,T10227,387.0,2026-07-15
SHOP_001,C0352,T10228,838.0,2026-07-15
SHOP_001,C0418,T10229,491.0,2026-07-15
SHOP_001,C0426,T10230,398.0,2026-07-15
SHOP_001,C0166,T10231,793.0,2026-07-15
SHOP_001,C0496,T10232,518.0,2026-07-15
SHOP_001,C0498,T10233,720.0,2026-07-15
SHOP_001,C0570,T10234,1023.0,2026-07-15
SHOP_001,C0426,T10235,410.0,2026-07-16
SHOP_001,C0753,T10236,706.0,2026-07-16
SHOP_001,C0040,T10237,695.0,2026-07-16
SHOP_001,C0919,T10238,404.0,2026-07-16
SHOP_001,C0805,T10239,408.0,2026-07-16
SHOP_001,C0479,T10240,675.0,2026-07-16
SHOP_001,C0841,T10241,342.0,2026-07-16
SHOP_001,C0202,T10242,699.0,2026-07-16
SHOP_001,C0304,T10243,426.0,2026-07-16
SHOP_001,C0660,T10244,567.0,2026-07-16
SHOP_001,C0469,T10245,423.0,2026-07-16
SHOP_001,C0396,T10246,328.0,2026-07-16
SHOP_001,C0463,T10247,582.0,2026-07-16
SHOP_001,C0369,T10248,715.0,2026-07-16
SHOP_001,C0254,T10249,298.0,2026-07-16
SHOP_001,C0671,T10250,1094.0,2026-07-16
SHOP_001,C0289,T10251,378.0,2026-07-16
SHOP_001,C0392,T10252,445.0,2026-07-16
SHOP_001,C0621,T10253,347.0,2026-07-16
SHOP_001,C0774,T10254,302.0,2026-07-16
SHOP_001,C0768,T10255,680.0,2026-07-16
SHOP_001,C0030,T10256,307.0,2026-07-16
SHOP_001,C0626,T10257,888.0,2026-07-16
SHOP_001,C0070,T10258,419.0,2026-07-16
SHOP_001,C0625,T10259,539.0,2026-07-16
SHOP_001,C0200,T10260,336.0,2026-07-16
SHOP_001,C0966,T10261,616.0,2026-07-16
SHOP_001,C0540,T10262,769.0,2026-07-16
SHOP_001,C0526,T10263,639.0,2026-07-16
SHOP_001,C0712,T10264,470.0,2026-07-16
SHOP_001,C0506,T10265,221.0,2026-07-16
SHOP_001,C0753,T10266,1487.0,2026-07-16
SHOP_001,C0383,T10267,562.0,2026-07-16
SHOP_001,C0681,T10268,784.0,2026-07-16
SHOP_001,C0856,T10269,377.0,2026-07-16
SHOP_001,C0031,T10270,810.0,2026-07-17
SHOP_001,C0768,T10271,530.0,2026-07-17
SHOP_001,C0723,T10272,188.0,2026-07-17
SHOP_001,C0353,T10273,689.0,2026-07-17
SHOP_001,C0158,T10274,892.0,2026-07-17
SHOP_001,C0738,T10275,612.0,2026-07-17
SHOP_001,C0019,T10276,707.0,2026-07-17
SHOP_001,C0030,T10277,431.0,2026-07-17
SHOP_001,C0123,T10278,573.0,2026-07-17
SHOP_001,C0106,T10279,528.0,2026-07-17
SHOP_001,C0872,T10280,757.0,2026-07-17
SHOP_001,C0475,T10281,600.0,2026-07-17
SHOP_001,C0176,T10282,926.0,2026-07-17
SHOP_001,C0325,T10283,925.0,2026-07-17
SHOP_001,C0734,T10284,470.0,2026-07-17
SHOP_001,C0019,T10285,947.0,2026-07-17
SHOP_001,C0509,T10286,574.0,2026-07-17
SHOP_001,C0673,T10287,357.0,2026-07-17
SHOP_001,C0338,T10288,713.0,2026-07-17
SHOP_001,C0264,T10289,671.0,2026-07-17
SHOP_001,C0355,T10290,533.0,2026-07-17
SHOP_001,C0539,T10291,748.0,2026-07-17
SHOP_001,C0993,T10292,682.0,2026-07-17
SHOP_001,C0174,T10293,709.0,2026-07-17
SHOP_001,C0647,T10294,822.0,2026-07-17
SHOP_001,C0556,T10295,844.0,2026-07-17
SHOP_001,C0625,T10296,306.0,2026-07-17
SHOP_001,C0353,T10297,534.0,2026-07-17
SHOP_001,C0333,T10298,382.0,2026-07-17
SHOP_001,C0763,T10299,486.0,2026-07-17
SHOP_001,C0648,T10300,253.0,2026-07-17
SHOP_001,C0738,T10301,579.0,2026-07-17
SHOP_001,C0599,T10302,342.0,2026-07-17
SHOP_001,C0311,T10303,294.0,2026-07-18
SHOP_001,C0694,T10304,634.0,2026-07-18
SHOP_001,C0694,T10305,825.0,2026-07-18
SHOP_001,C0153,T10306,564.0,2026-07-18
SHOP_001,C0308,T10307,385.0,2026-07-18
SHOP_001,C0692,T10308,800.0,2026-07-18
SHOP_001,C0714,T10309,318.0,2026-07-18
SHOP_001,C0583,T10310,368.0,2026-07-18
SHOP_001,C0312,T10311,817.0,2026-07-18
SHOP_001,C0143,T10312,357.0,2026-07-18
SHOP_001,C0855,T10313,401.0,2026-07-18
SHOP_001,C0473,T10314,662.0,2026-07-18
SHOP_001,C0322,T10315,940.0,2026-07-18
SHOP_001,C0294,T10316,561.0,2026-07-18
SHOP_001,C0258,T10317,380.0,2026-07-18
SHOP_001,C0183,T10318,867.0,2026-07-18
SHOP_001,C0541,T10319,736.0,2026-07-18
SHOP_001,C0918,T10320,770.0,2026-07-18
SHOP_001,C0973,T10321,754.0,2026-07-18
SHOP_001,C0181,T10322,677.0,2026-07-18
SHOP_001,C0831,T10323,589.0,2026-07-18
SHOP_001,C0446,T10324,488.0,2026-07-18
SHOP_001,C0338,T10325,452.0,2026-07-18
SHOP_001,C0842,T10326,802.0,2026-07-18
SHOP_001,C0376,T10327,849.0,2026-07-18
SHOP_001,C0440,T10328,922.0,2026-07-18
SHOP_001,C0931,T10329,990.0,2026-07-18
SHOP_001,C0940,T10330,248.0,2026-07-18
SHOP_001,C0874,T10331,538.0,2026-07-18
SHOP_001,C0723,T10332,471.0,2026-07-18
SHOP_001,C0990,T10333,251.0,2026-07-18
SHOP_001,C0738,T10334,542.0,2026-07-18
SHOP_001,C0862,T10335,498.0,2026-07-18
SHOP_001,C0315,T10336,994.0,2026-07-18
SHOP_001,C0422,T10337,483.0,2026-07-18
SHOP_001,C0229,T10338,1182.0,2026-07-18
SHOP_001,C0511,T10339,710.0,2026-07-19
SHOP_001,C0530,T10340,446.0,2026-07-19
SHOP_001,C0345,T10341,503.0,2026-07-19
SHOP_001,C0961,T10342,605.0,2026-07-19
SHOP_001,C0560,T10343,404.0,2026-07-19
SHOP_001,C0343,T10344,298.0,2026-07-19
SHOP_001,C0396,T10345,451.0,2026-07-19
SHOP_001,C0142,T10346,444.0,2026-07-19
SHOP_001,C0325,T10347,360.0,2026-07-19
SHOP_001,C0872,T10348,726.0,2026-07-19
SHOP_001,C0858,T10349,427.0,2026-07-19
SHOP_001,C0768,T10350,1215.0,2026-07-19
SHOP_001,C0625,T10351,616.0,2026-07-19
SHOP_001,C0671,T10352,2086.0,2026-07-19
SHOP_001,C0290,T10353,1106.0,2026-07-19
SHOP_001,C0879,T10354,973.0,2026-07-19
SHOP_001,C0456,T10355,324.0,2026-07-19
SHOP_001,C0805,T10356,402.0,2026-07-19
SHOP_001,C0201,T10357,680.0,2026-07-19
SHOP_001,C0762,T10358,578.0,2026-07-19
SHOP_001,C0560,T10359,641.0,2026-07-19
SHOP_001,C0181,T10360,402.0,2026-07-19
SHOP_001,C0254,T10361,268.0,2026-07-19
SHOP_001,C0539,T10362,729.0,2026-07-19
SHOP_001,C0355,T10363,648.0,2026-07-19
SHOP_001,C0046,T10364,425.0,2026-07-19
SHOP_001,C0592,T10365,976.0,2026-07-19
SHOP_001,C0663,T10366,672.0,2026-07-19
SHOP_001,C0401,T10367,869.0,2026-07-19
SHOP_001,C0604,T10368,390.0,2026-07-20
SHOP_001,C0524,T10369,704.0,2026-07-20
SHOP_001,C0341,T10370,660.0,2026-07-20
SHOP_001,C0464,T10371,522.0,2026-07-20
SHOP_001,C0927,T10372,477.0,2026-07-20
SHOP_001,C0325,T10373,518.0,2026-07-20
SHOP_001,C0518,T10374,788.0,2026-07-20
SHOP_001,C0728,T10375,431.0,2026-07-20
SHOP_001,C0105,T10376,377.0,2026-07-20
SHOP_001,C0209,T10377,862.0,2026-07-20
SHOP_001,C0872,T10378,1083.0,2026-07-20
SHOP_001,C0791,T10379,377.0,2026-07-20
SHOP_001,C0772,T10380,606.0,2026-07-20
SHOP_001,C0084,T10381,489.0,2026-07-20
SHOP_001,C0677,T10382,319.0,2026-07-20
SHOP_001,C0209,T10383,1179.0,2026-07-20
SHOP_001,C0159,T10384,333.0,2026-07-20
SHOP_001,C0984,T10385,237.0,2026-07-20
SHOP_001,C0289,T10386,597.0,2026-07-20
SHOP_001,C0670,T10387,598.0,2026-07-20
SHOP_001,C0542,T10388,255.0,2026-07-20
SHOP_001,C0304,T10389,478.0,2026-07-20
SHOP_001,C0197,T10390,445.0,2026-07-20
SHOP_001,C0242,T10391,1209.0,2026-07-21
SHOP_001,C0587,T10392,678.0,2026-07-21
SHOP_001,C0288,T10393,790.0,2026-07-21
SHOP_001,C0271,T10394,483.0,2026-07-21
SHOP_001,C0526,T10395,402.0,2026-07-21
SHOP_001,C0013,T10396,309.0,2026-07-21
SHOP_001,C0353,T10397,1026.0,2026-07-21
SHOP_001,C0940,T10398,328.0,2026-07-21
SHOP_001,C0105,T10399,593.0,2026-07-21
SHOP_001,C0295,T10400,274.0,2026-07-21
SHOP_001,C0648,T10401,336.0,2026-07-21
SHOP_001,C0762,T10402,777.0,2026-07-21
SHOP_001,C0548,T10403,516.0,2026-07-21
SHOP_001,C0498,T10404,387.0,2026-07-21
SHOP_001,C0692,T10405,410.0,2026-07-21
SHOP_001,C0761,T10406,433.0,2026-07-21
SHOP_001,C0718,T10407,452.0,2026-07-21
SHOP_001,C0426,T10408,515.0,2026-07-21
SHOP_001,C0657,T10409,414.0,2026-07-21
SHOP_001,C0631,T10410,587.0,2026-07-21
SHOP_001,C0202,T10411,682.0,2026-07-21
SHOP_001,C0736,T10412,799.0,2026-07-21
SHOP_001,C0841,T10413,338.0,2026-07-21
SHOP_001,C0227,T10414,978.0,2026-07-21
SHOP_001,C0649,T10415,1033.0,2026-07-21
SHOP_001,C0490,T10416,536.0,2026-07-21
SHOP_001,C0478,T10417,367.0,2026-07-22
SHOP_001,C0142,T10418,492.0,2026-07-22
SHOP_001,C0271,T10419,743.0,2026-07-22
SHOP_001,C0424,T10420,801.0,2026-07-22
SHOP_001,C0280,T10421,398.0,2026-07-22
SHOP_001,C0645,T10422,632.0,2026-07-22
SHOP_001,C0779,T10423,459.0,2026-07-22
SHOP_001,C0660,T10424,478.0,2026-07-22
SHOP_001,C0105,T10425,911.0,2026-07-22
SHOP_001,C0295,T10426,456.0,2026-07-22
SHOP_001,C0344,T10427,356.0,2026-07-22
SHOP_001,C0524,T10428,351.0,2026-07-22
SHOP_001,C0645,T10429,473.0,2026-07-22
SHOP_001,C0554,T10430,493.0,2026-07-22
SHOP_001,C0924,T10431,455.0,2026-07-22
SHOP_001,C0617,T10432,472.0,2026-07-22
SHOP_001,C0105,T10433,1054.0,2026-07-22
SHOP_001,C0777,T10434,510.0,2026-07-22
SHOP_001,C0967,T10435,685.0,2026-07-22
SHOP_001,C0862,T10436,929.0,2026-07-22
SHOP_001,C0066,T10437,485.0,2026-07-22
SHOP_001,C0019,T10438,929.0,2026-07-22
SHOP_001,C0227,T10439,232.0,2026-07-22
SHOP_001,C0092,T10440,1131.0,2026-07-22
SHOP_001,C0322,T10441,612.0,2026-07-22
SHOP_001,C0898,T10442,400.0,2026-07-22
SHOP_001,C0763,T10443,595.0,2026-07-23
SHOP_001,C0273,T10444,561.0,2026-07-23
SHOP_001,C0535,T10445,567.0,2026-07-23
SHOP_001,C0066,T10446,430.0,2026-07-23
SHOP_001,C0396,T10447,291.0,2026-07-23
SHOP_001,C0144,T10448,474.0,2026-07-23
SHOP_001,C0211,T10449,294.0,2026-07-23
SHOP_001,C0777,T10450,554.0,2026-07-23
SHOP_001,C0353,T10451,580.0,2026-07-23
SHOP_001,C0515,T10452,497.0,2026-07-23
SHOP_001,C0518,T10453,524.0,2026-07-23
SHOP_001,C0588,T10454,461.0,2026-07-23
SHOP_001,C0714,T10455,575.0,2026-07-23
SHOP_001,C0172,T10456,479.0,2026-07-23
SHOP_001,C0524,T10457,785.0,2026-07-23
SHOP_001,C0751,T10458,614.0,2026-07-23
SHOP_001,C0483,T10459,530.0,2026-07-23
SHOP_001,C0284,T10460,690.0,2026-07-23
SHOP_001,C0307,T10461,1133.0,2026-07-23
SHOP_001,C0768,T10462,892.0,2026-07-23
SHOP_001,C0707,T10463,1001.0,2026-07-23
SHOP_001,C0211,T10464,453.0,2026-07-23
SHOP_001,C0782,T10465,523.0,2026-07-23
SHOP_001,C0539,T10466,545.0,2026-07-23
SHOP_001,C0844,T10467,1239.0,2026-07-23
SHOP_001,C0767,T10468,272.0,2026-07-23
SHOP_001,C0997,T10469,407.0,2026-07-24
SHOP_001,C0476,T10470,361.0,2026-07-24
SHOP_001,C0188,T10471,530.0,2026-07-24
SHOP_001,C0737,T10472,634.0,2026-07-24
SHOP_001,C0142,T10473,436.0,2026-07-24
SHOP_001,C0080,T10474,1108.0,2026-07-24
SHOP_001,C0780,T10475,683.0,2026-07-24
SHOP_001,C0805,T10476,330.0,2026-07-24
SHOP_001,C0263,T10477,549.0,2026-07-24
SHOP_001,C0333,T10478,843.0,2026-07-24
SHOP_001,C0499,T10479,1156.0,2026-07-24
SHOP_001,C0089,T10480,315.0,2026-07-24
SHOP_001,C0813,T10481,566.0,2026-07-24
SHOP_001,C0800,T10482,465.0,2026-07-24
SHOP_001,C0841,T10483,847.0,2026-07-24
SHOP_001,C0754,T10484,540.0,2026-07-24
SHOP_001,C0296,T10485,463.0,2026-07-24
SHOP_001,C0379,T10486,465.0,2026-07-24
SHOP_001,C0047,T10487,450.0,2026-07-24
SHOP_001,C0073,T10488,327.0,2026-07-24
SHOP_001,C0928,T10489,667.0,2026-07-24
SHOP_001,C0360,T10490,322.0,2026-07-24
SHOP_001,C0498,T10491,650.0,2026-07-24
SHOP_001,C0969,T10492,796.0,2026-07-24
SHOP_001,C1000,T10493,631.0,2026-07-24
SHOP_001,C0512,T10494,363.0,2026-07-24
SHOP_001,C0121,T10495,603.0,2026-07-24
SHOP_001,C0888,T10496,530.0,2026-07-24
SHOP_001,C0174,T10497,513.0,2026-07-24
SHOP_001,C0880,T10498,686.0,2026-07-25
SHOP_001,C0132,T10499,454.0,2026-07-25
SHOP_001,C0848,T10500,567.0,2026-07-25
SHOP_001,C0781,T10501,789.0,2026-07-25
SHOP_001,C0844,T10502,1212.0,2026-07-25
SHOP_001,C0388,T10503,986.0,2026-07-25
SHOP_001,C0754,T10504,814.0,2026-07-25
SHOP_001,C0195,T10505,712.0,2026-07-25
SHOP_001,C0648,T10506,405.0,2026-07-25
SHOP_001,C0411,T10507,645.0,2026-07-25
SHOP_001,C0498,T10508,521.0,2026-07-25
SHOP_001,C0019,T10509,605.0,2026-07-25
SHOP_001,C0217,T10510,410.0,2026-07-25
SHOP_001,C0509,T10511,892.0,2026-07-25
SHOP_001,C0261,T10512,1256.0,2026-07-25
SHOP_001,C0793,T10513,360.0,2026-07-25
SHOP_001,C0943,T10514,532.0,2026-07-25
SHOP_001,C0143,T10515,1109.0,2026-07-25
SHOP_001,C0315,T10516,635.0,2026-07-25
SHOP_001,C0028,T10517,550.0,2026-07-25
SHOP_001,C0985,T10518,354.0,2026-07-25
SHOP_001,C0109,T10519,802.0,2026-07-25
SHOP_001,C0965,T10520,380.0,2026-07-25
SHOP_001,C0708,T10521,847.0,2026-07-25
SHOP_001,C0742,T10522,928.0,2026-07-25
SHOP_001,C0707,T10523,464.0,2026-07-25
SHOP_001,C0741,T10524,339.0,2026-07-25
SHOP_001,C0509,T10525,833.0,2026-07-25
SHOP_001,C0636,T10526,950.0,2026-07-25
SHOP_001,C0950,T10527,591.0,2026-07-25
SHOP_001,C0426,T10528,273.0,2026-07-25
SHOP_001,C0753,T10529,902.0,2026-07-25
SHOP_001,C0080,T10530,903.0,2026-07-25
SHOP_001,C0047,T10531,611.0,2026-07-26
SHOP_001,C0229,T10532,602.0,2026-07-26
SHOP_001,C0785,T10533,425.0,2026-07-26
SHOP_001,C0897,T10534,728.0,2026-07-26
SHOP_001,C0211,T10535,688.0,2026-07-26
SHOP_001,C0540,T10536,465.0,2026-07-26
SHOP_001,C0719,T10537,582.0,2026-07-26
SHOP_001,C0745,T10538,320.0,2026-07-26
SHOP_001,C0301,T10539,968.0,2026-07-26
SHOP_001,C0651,T10540,444.0,2026-07-26
SHOP_001,C0897,T10541,486.0,2026-07-26
SHOP_001,C0466,T10542,710.0,2026-07-26
SHOP_001,C0763,T10543,553.0,2026-07-26
SHOP_001,C0151,T10544,869.0,2026-07-26
SHOP_001,C0705,T10545,721.0,2026-07-26
SHOP_001,C0299,T10546,501.0,2026-07-26
SHOP_001,C0556,T10547,744.0,2026-07-26
SHOP_001,C0636,T10548,701.0,2026-07-26
SHOP_001,C0771,T10549,641.0,2026-07-26
SHOP_001,C0904,T10550,655.0,2026-07-26
SHOP_001,C0847,T10551,354.0,2026-07-26
SHOP_001,C0140,T10552,489.0,2026-07-26
SHOP_001,C0967,T10553,474.0,2026-07-26
SHOP_001,C0685,T10554,236.0,2026-07-26
SHOP_001,C0199,T10555,314.0,2026-07-26
SHOP_001,C0475,T10556,573.0,2026-07-26
SHOP_001,C0289,T10557,418.0,2026-07-26
SHOP_001,C0636,T10558,909.0,2026-07-26
SHOP_001,C0080,T10559,845.0,2026-07-26
SHOP_001,C0252,T10560,254.0,2026-07-26
SHOP_001,C0685,T10561,410.0,2026-07-26
SHOP_001,C0097,T10562,621.0,2026-07-26
SHOP_001,C0407,T10563,320.0,2026-07-26
SHOP_001,C0102,T10564,806.0,2026-07-26
SHOP_001,C0105,T10565,1507.0,2026-07-27
SHOP_001,C0084,T10566,993.0,2026-07-27
SHOP_001,C0353,T10567,1260.0,2026-07-27
SHOP_001,C0435,T10568,910.0,2026-07-27
SHOP_001,C0140,T10569,535.0,2026-07-27
SHOP_001,C0570,T10570,831.0,2026-07-27
SHOP_001,C0586,T10571,496.0,2026-07-27
SHOP_001,C0831,T10572,766.0,2026-07-27
SHOP_001,C0862,T10573,543.0,2026-07-27
SHOP_001,C0754,T10574,618.0,2026-07-27
SHOP_001,C0188,T10575,833.0,2026-07-27
SHOP_001,C0030,T10576,752.0,2026-07-27
SHOP_001,C0509,T10577,604.0,2026-07-27
SHOP_001,C0503,T10578,503.0,2026-07-27
SHOP_001,C0655,T10579,385.0,2026-07-27
SHOP_001,C0547,T10580,629.0,2026-07-27
SHOP_001,C0295,T10581,325.0,2026-07-27
SHOP_001,C0493,T10582,516.0,2026-07-27
SHOP_001,C0304,T10583,586.0,2026-07-27
SHOP_001,C0860,T10584,556.0,2026-07-27
SHOP_001,C0715,T10585,329.0,2026-07-27
SHOP_001,C0153,T10586,774.0,2026-07-27
SHOP_001,C0716,T10587,558.0,2026-07-27
SHOP_001,C0826,T10588,348.0,2026-07-28
SHOP_001,C0161,T10589,512.0,2026-07-28
SHOP_001,C0913,T10590,650.0,2026-07-28
SHOP_001,C0178,T10591,339.0,2026-07-28
SHOP_001,C0611,T10592,342.0,2026-07-28
SHOP_001,C0296,T10593,609.0,2026-07-28
SHOP_001,C0777,T10594,406.0,2026-07-28
SHOP_001,C0372,T10595,655.0,2026-07-28
SHOP_001,C0790,T10596,528.0,2026-07-28
SHOP_001,C0901,T10597,744.0,2026-07-28
SHOP_001,C0767,T10598,396.0,2026-07-28
SHOP_001,C0835,T10599,549.0,2026-07-28
SHOP_001,C0649,T10600,630.0,2026-07-28
SHOP_001,C0873,T10601,797.0,2026-07-28
SHOP_001,C0493,T10602,896.0,2026-07-28
SHOP_001,C0313,T10603,552.0,2026-07-28
SHOP_001,C0477,T10604,663.0,2026-07-28
SHOP_001,C0604,T10605,706.0,2026-07-28
SHOP_001,C0285,T10606,497.0,2026-07-28
SHOP_001,C0188,T10607,476.0,2026-07-28
SHOP_001,C0279,T10608,309.0,2026-07-28
SHOP_001,C0199,T10609,521.0,2026-07-28
SHOP_001,C0900,T10610,759.0,2026-07-28
SHOP_001,C0228,T10611,1033.0,2026-07-28
SHOP_001,C0002,T10612,1124.0,2026-07-28
SHOP_001,C0573,T10613,647.0,2026-07-28
SHOP_001,C0019,T10614,654.0,2026-07-28
SHOP_001,C0418,T10615,599.0,2026-07-29
SHOP_001,C0648,T10616,530.0,2026-07-29
SHOP_001,C0158,T10617,1193.0,2026-07-29
SHOP_001,C0142,T10618,586.0,2026-07-29
SHOP_001,C0345,T10619,839.0,2026-07-29
SHOP_001,C0380,T10620,561.0,2026-07-29
SHOP_001,C0761,T10621,357.0,2026-07-29
SHOP_001,C0990,T10622,558.0,2026-07-29
SHOP_001,C0966,T10623,456.0,2026-07-29
SHOP_001,C0795,T10624,643.0,2026-07-29
SHOP_001,C0548,T10625,601.0,2026-07-29
SHOP_001,C0497,T10626,1148.0,2026-07-29
SHOP_001,C0539,T10627,557.0,2026-07-29
SHOP_001,C0621,T10628,549.0,2026-07-29
SHOP_001,C0513,T10629,582.0,2026-07-29
SHOP_001,C0762,T10630,600.0,2026-07-29
SHOP_001,C0919,T10631,480.0,2026-07-29
SHOP_001,C0835,T10632,425.0,2026-07-29
SHOP_001,C0080,T10633,847.0,2026-07-29
SHOP_001,C0901,T10634,449.0,2026-07-29
SHOP_001,C0459,T10635,839.0,2026-07-29
SHOP_001,C0497,T10636,825.0,2026-07-29
SHOP_001,C0014,T10637,1277.0,2026-07-30
SHOP_001,C0042,T10638,363.0,2026-07-30
SHOP_001,C0028,T10639,326.0,2026-07-30
SHOP_001,C0245,T10640,747.0,2026-07-30
SHOP_001,C0739,T10641,773.0,2026-07-30
SHOP_001,C0476,T10642,822.0,2026-07-30
SHOP_001,C0777,T10643,278.0,2026-07-30
SHOP_001,C0694,T10644,1209.0,2026-07-30
SHOP_001,C0447,T10645,392.0,2026-07-30
SHOP_001,C0197,T10646,425.0,2026-07-30
SHOP_001,C0435,T10647,745.0,2026-07-30
SHOP_001,C0015,T10648,607.0,2026-07-30
SHOP_001,C0897,T10649,711.0,2026-07-30
SHOP_001,C0197,T10650,643.0,2026-07-30
SHOP_001,C0451,T10651,577.0,2026-07-30
SHOP_001,C0950,T10652,848.0,2026-07-30
SHOP_001,C0540,T10653,372.0,2026-07-30
SHOP_001,C0271,T10654,514.0,2026-07-30
SHOP_001,C0308,T10655,795.0,2026-07-30
SHOP_001,C0164,T10656,291.0,2026-07-31
SHOP_001,C0019,T10657,676.0,2026-07-31
SHOP_001,C0539,T10658,445.0,2026-07-31
SHOP_001,C0153,T10659,763.0,2026-07-31
SHOP_001,C0894,T10660,435.0,2026-07-31
SHOP_001,C0854,T10661,451.0,2026-07-31
SHOP_001,C0456,T10662,463.0,2026-07-31
SHOP_001,C0525,T10663,831.0,2026-07-31
SHOP_001,C0144,T10664,453.0,2026-07-31
SHOP_001,C0780,T10665,642.0,2026-07-31
SHOP_001,C0901,T10666,331.0,2026-07-31
SHOP_001,C0144,T10667,742.0,2026-07-31
SHOP_001,C0956,T10668,590.0,2026-07-31
SHOP_001,C0477,T10669,193.0,2026-07-31
SHOP_001,C0198,T10670,611.0,2026-07-31
SHOP_001,C0685,T10671,513.0,2026-07-31
SHOP_001,C0898,T10672,549.0,2026-07-31
SHOP_001,C0433,T10673,620.0,2026-07-31
SHOP_001,C0777,T10674,672.0,2026-07-31
SHOP_001,C0295,T10675,257.0,2026-07-31
SHOP_001,C0228,T10676,932.0,2026-07-31
SHOP_001,C0841,T10677,763.0,2026-07-31
SHOP_001,C0704,T10678,632.0,2026-07-31
SHOP_001,C0197,T10679,576.0,2026-07-31
SHOP_001,C0901,T10680,487.0,2026-07-31
SHOP_001,C0144,T10681,481.0,2026-07-31
SHOP_001,C0466,T10682,869.0,2026-07-31
SHOP_001,C0105,T10683,781.0,2026-07-31
SHOP_001,C0015,T10684,569.0,2026-07-31
SHOP_001,C0370,T10685,398.0,2026-07-31
SHOP_001,C0224,T10686,1752.0,2026-07-31
SHOP_001,C0428,T10687,972.0,2026-07-31
SHOP_001,C0593,T10688,533.0,2026-07-31
SHOP_001,C0679,T10689,733.0,2026-08-01
SHOP_001,C0333,T10690,532.0,2026-08-01
SHOP_001,C0657,T10691,1017.0,2026-08-01
SHOP_001,C0424,T10692,576.0,2026-08-01
SHOP_001,C0188,T10693,529.0,2026-08-01
SHOP_001,C0129,T10694,426.0,2026-08-01
SHOP_001,C0707,T10695,1637.0,2026-08-01
SHOP_001,C0606,T10696,756.0,2026-08-01
SHOP_001,C0855,T10697,637.0,2026-08-01
SHOP_001,C0156,T10698,482.0,2026-08-01
SHOP_001,C0809,T10699,642.0,2026-08-01
SHOP_001,C0775,T10700,399.0,2026-08-01
SHOP_001,C0456,T10701,293.0,2026-08-01
SHOP_001,C0693,T10702,638.0,2026-08-01
SHOP_001,C0125,T10703,608.0,2026-08-01
SHOP_001,C0939,T10704,547.0,2026-08-01
SHOP_001,C0073,T10705,607.0,2026-08-01
SHOP_001,C0987,T10706,788.0,2026-08-01
SHOP_001,C0105,T10707,924.0,2026-08-01
SHOP_001,C0277,T10708,987.0,2026-08-02
SHOP_001,C0392,T10709,481.0,2026-08-02
SHOP_001,C0637,T10710,748.0,2026-08-02
SHOP_001,C0231,T10711,2116.0,2026-08-02
SHOP_001,C0621,T10712,384.0,2026-08-02
SHOP_001,C0490,T10713,739.0,2026-08-02
SHOP_001,C0084,T10714,790.0,2026-08-02
SHOP_001,C0458,T10715,892.0,2026-08-02
SHOP_001,C0418,T10716,325.0,2026-08-02
SHOP_001,C0211,T10717,706.0,2026-08-02
SHOP_001,C0540,T10718,439.0,2026-08-02
SHOP_001,C0666,T10719,759.0,2026-08-02
SHOP_001,C0834,T10720,396.0,2026-08-02
SHOP_001,C0518,T10721,953.0,2026-08-02
SHOP_001,C0854,T10722,447.0,2026-08-02
SHOP_001,C0808,T10723,422.0,2026-08-02
SHOP_001,C0562,T10724,1016.0,2026-08-02
SHOP_001,C0433,T10725,503.0,2026-08-02
SHOP_001,C0580,T10726,627.0,2026-08-02
SHOP_001,C0159,T10727,493.0,2026-08-02
SHOP_001,C0769,T10728,976.0,2026-08-02
SHOP_001,C0174,T10729,721.0,2026-08-02
SHOP_001,C0295,T10730,413.0,2026-08-02
SHOP_001,C0025,T10731,595.0,2026-08-02
SHOP_001,C0112,T10732,652.0,2026-08-02
SHOP_001,C0580,T10733,685.0,2026-08-02
SHOP_001,C0782,T10734,323.0,2026-08-02
SHOP_001,C0805,T10735,295.0,2026-08-02
SHOP_001,C0606,T10736,559.0,2026-08-02
SHOP_001,C0809,T10737,462.0,2026-08-02
SHOP_001,C0967,T10738,410.0,2026-08-02
SHOP_001,C0934,T10739,330.0,2026-08-02
SHOP_001,C0170,T10740,282.0,2026-08-02
SHOP_001,C0539,T10741,1049.0,2026-08-02
SHOP_001,C0492,T10742,1039.0,2026-08-03
SHOP_001,C0901,T10743,532.0,2026-08-03
SHOP_001,C0302,T10744,577.0,2026-08-03
SHOP_001,C0140,T10745,366.0,2026-08-03
SHOP_001,C0209,T10746,385.0,2026-08-03
SHOP_001,C0013,T10747,845.0,2026-08-03
SHOP_001,C0058,T10748,769.0,2026-08-03
SHOP_001,C0185,T10749,994.0,2026-08-03
SHOP_001,C0495,T10750,710.0,2026-08-03
SHOP_001,C0473,T10751,572.0,2026-08-03
SHOP_001,C0407,T10752,264.0,2026-08-03
SHOP_001,C0771,T10753,586.0,2026-08-03
SHOP_001,C0719,T10754,286.0,2026-08-03
SHOP_001,C0987,T10755,493.0,2026-08-03
SHOP_001,C0578,T10756,757.0,2026-08-03
SHOP_001,C0295,T10757,287.0,2026-08-03
SHOP_001,C0506,T10758,326.0,2026-08-03
SHOP_001,C0343,T10759,212.0,2026-08-03
SHOP_001,C0014,T10760,469.0,2026-08-03
SHOP_001,C0517,T10761,492.0,2026-08-03
SHOP_001,C0451,T10762,302.0,2026-08-03
SHOP_001,C0777,T10763,601.0,2026-08-03
SHOP_001,C0027,T10764,715.0,2026-08-03
SHOP_001,C0537,T10765,1087.0,2026-08-03
SHOP_001,C0808,T10766,574.0,2026-08-03
SHOP_001,C0063,T10767,381.0,2026-08-03
SHOP_001,C0738,T10768,451.0,2026-08-04
SHOP_001,C0030,T10769,621.0,2026-08-04
SHOP_001,C0685,T10770,266.0,2026-08-04
SHOP_001,C0982,T10771,560.0,2026-08-04
SHOP_001,C0943,T10772,334.0,2026-08-04
SHOP_001,C0353,T10773,917.0,2026-08-04
SHOP_001,C0545,T10774,813.0,2026-08-04
SHOP_001,C0258,T10775,366.0,2026-08-04
SHOP_001,C0834,T10776,834.0,2026-08-04
SHOP_001,C0908,T10777,349.0,2026-08-04
SHOP_001,C0874,T10778,430.0,2026-08-04
SHOP_001,C0446,T10779,416.0,2026-08-04
SHOP_001,C0805,T10780,347.0,2026-08-04
SHOP_001,C0084,T10781,646.0,2026-08-05
SHOP_001,C0508,T10782,758.0,2026-08-05
SHOP_001,C0671,T10783,602.0,2026-08-05
SHOP_001,C0672,T10784,951.0,2026-08-05
SHOP_001,C0044,T10785,920.0,2026-08-05
SHOP_001,C0325,T10786,664.0,2026-08-05
SHOP_001,C0494,T10787,472.0,2026-08-05
SHOP_001,C0943,T10788,568.0,2026-08-05
SHOP_001,C0529,T10789,497.0,2026-08-05
SHOP_001,C0745,T10790,677.0,2026-08-05
SHOP_001,C0559,T10791,543.0,2026-08-05
SHOP_001,C0949,T10792,494.0,2026-08-05
SHOP_001,C0610,T10793,638.0,2026-08-05
SHOP_001,C0224,T10794,757.0,2026-08-05
SHOP_001,C0176,T10795,369.0,2026-08-05
SHOP_001,C0451,T10796,405.0,2026-08-05
SHOP_001,C0539,T10797,553.0,2026-08-05
SHOP_001,C0808,T10798,732.0,2026-08-05
SHOP_001,C0341,T10799,949.0,2026-08-05
SHOP_001,C0539,T10800,512.0,2026-08-05
SHOP_001,C0694,T10801,678.0,2026-08-05
SHOP_001,C0473,T10802,674.0,2026-08-05
SHOP_001,C0664,T10803,317.0,2026-08-05
SHOP_001,C0763,T10804,538.0,2026-08-05
SHOP_001,C0716,T10805,797.0,2026-08-05
SHOP_001,C0084,T10806,609.0,2026-08-05
SHOP_001,C0288,T10807,701.0,2026-08-05
SHOP_001,C0478,T10808,482.0,2026-08-05
SHOP_001,C0685,T10809,225.0,2026-08-06
SHOP_001,C0510,T10810,705.0,2026-08-06
SHOP_001,C0692,T10811,660.0,2026-08-06
SHOP_001,C0373,T10812,618.0,2026-08-06
SHOP_001,C0384,T10813,488.0,2026-08-06
SHOP_001,C0628,T10814,604.0,2026-08-06
SHOP_001,C0279,T10815,671.0,2026-08-06
SHOP_001,C0666,T10816,473.0,2026-08-06
SHOP_001,C0433,T10817,409.0,2026-08-06
SHOP_001,C0493,T10818,364.0,2026-08-06
SHOP_001,C0457,T10819,486.0,2026-08-06
SHOP_001,C0827,T10820,675.0,2026-08-06
SHOP_001,C0809,T10821,575.0,2026-08-06
SHOP_001,C0694,T10822,872.0,2026-08-06
SHOP_001,C0847,T10823,370.0,2026-08-06
SHOP_001,C0250,T10824,374.0,2026-08-06
SHOP_001,C0144,T10825,465.0,2026-08-06
SHOP_001,C0693,T10826,450.0,2026-08-06
SHOP_001,C0353,T10827,621.0,2026-08-06
SHOP_001,C0440,T10828,865.0,2026-08-06
SHOP_001,C0846,T10829,305.0,2026-08-06
SHOP_001,C0453,T10830,1316.0,2026-08-06
SHOP_001,C0185,T10831,431.0,2026-08-06
SHOP_001,C0856,T10832,413.0,2026-08-07
SHOP_001,C0044,T10833,336.0,2026-08-07
SHOP_001,C0102,T10834,1162.0,2026-08-07
SHOP_001,C0451,T10835,459.0,2026-08-07
SHOP_001,C0468,T10836,1189.0,2026-08-07
SHOP_001,C0809,T10837,776.0,2026-08-07
SHOP_001,C0737,T10838,539.0,2026-08-07
SHOP_001,C0411,T10839,396.0,2026-08-07
SHOP_001,C0883,T10840,580.0,2026-08-07
SHOP_001,C0997,T10841,1114.0,2026-08-07
SHOP_001,C0854,T10842,503.0,2026-08-07
SHOP_001,C0990,T10843,890.0,2026-08-07
SHOP_001,C0846,T10844,507.0,2026-08-07
SHOP_001,C0294,T10845,384.0,2026-08-07
SHOP_001,C0848,T10846,641.0,2026-08-07
SHOP_001,C0842,T10847,503.0,2026-08-07
SHOP_001,C0809,T10848,624.0,2026-08-07
SHOP_001,C0304,T10849,602.0,2026-08-07
SHOP_001,C0987,T10850,391.0,2026-08-07
SHOP_001,C0660,T10851,343.0,2026-08-07
SHOP_001,C0777,T10852,559.0,2026-08-07
SHOP_001,C0469,T10853,499.0,2026-08-07
SHOP_001,C0183,T10854,1340.0,2026-08-07
SHOP_001,C0515,T10855,439.0,2026-08-07
SHOP_001,C0719,T10856,592.0,2026-08-07
SHOP_001,C0261,T10857,718.0,2026-08-07
SHOP_001,C0854,T10858,483.0,2026-08-07
SHOP_001,C0294,T10859,331.0,2026-08-07
SHOP_001,C0867,T10860,370.0,2026-08-07
SHOP_001,C0723,T10861,305.0,2026-08-08
SHOP_001,C0548,T10862,742.0,2026-08-08
SHOP_001,C0833,T10863,469.0,2026-08-08
SHOP_001,C0989,T10864,470.0,2026-08-08
SHOP_001,C0769,T10865,611.0,2026-08-08
SHOP_001,C0399,T10866,675.0,2026-08-08
SHOP_001,C0409,T10867,883.0,2026-08-08
SHOP_001,C0440,T10868,636.0,2026-08-08
SHOP_001,C0570,T10869,757.0,2026-08-08
SHOP_001,C0343,T10870,406.0,2026-08-08
SHOP_001,C0472,T10871,567.0,2026-08-08
SHOP_001,C0202,T10872,839.0,2026-08-08
SHOP_001,C0015,T10873,795.0,2026-08-08
SHOP_001,C0305,T10874,1007.0,2026-08-08
SHOP_001,C0097,T10875,463.0,2026-08-08
SHOP_001,C0664,T10876,471.0,2026-08-08
SHOP_001,C0686,T10877,488.0,2026-08-08
SHOP_001,C0744,T10878,612.0,2026-08-08
SHOP_001,C0295,T10879,274.0,2026-08-08
SHOP_001,C0854,T10880,458.0,2026-08-08
SHOP_001,C0329,T10881,506.0,2026-08-08
SHOP_001,C0949,T10882,430.0,2026-08-08
SHOP_001,C0188,T10883,402.0,2026-08-08
SHOP_001,C0459,T10884,349.0,2026-08-08
SHOP_001,C0162,T10885,322.0,2026-08-08
SHOP_001,C0738,T10886,508.0,2026-08-08
SHOP_001,C0140,T10887,379.0,2026-08-08
SHOP_001,C0567,T10888,339.0,2026-08-08
SHOP_001,C0805,T10889,467.0,2026-08-08
SHOP_001,C0353,T10890,593.0,2026-08-08
SHOP_001,C0472,T10891,351.0,2026-08-08
SHOP_001,C0224,T10892,558.0,2026-08-08
SHOP_001,C0985,T10893,496.0,2026-08-08
SHOP_001,C0248,T10894,284.0,2026-08-08
SHOP_001,C0396,T10895,734.0,2026-08-08
SHOP_001,C0808,T10896,838.0,2026-08-08
SHOP_001,C0307,T10897,1095.0,2026-08-08
SHOP_001,C0144,T10898,380.0,2026-08-09
SHOP_001,C0355,T10899,651.0,2026-08-09
SHOP_001,C0084,T10900,498.0,2026-08-09
SHOP_001,C0036,T10901,736.0,2026-08-09
SHOP_001,C0826,T10902,349.0,2026-08-09
SHOP_001,C0685,T10903,270.0,2026-08-09
SHOP_001,C0158,T10904,531.0,2026-08-09
SHOP_001,C0494,T10905,656.0,2026-08-09
SHOP_001,C0693,T10906,627.0,2026-08-09
SHOP_001,C0469,T10907,347.0,2026-08-09
SHOP_001,C0864,T10908,539.0,2026-08-09
SHOP_001,C0636,T10909,1481.0,2026-08-09
SHOP_001,C0288,T10910,566.0,2026-08-09
SHOP_001,C0258,T10911,246.0,2026-08-09
SHOP_001,C0691,T10912,319.0,2026-08-09
SHOP_001,C0625,T10913,866.0,2026-08-09
SHOP_001,C0954,T10914,996.0,2026-08-09
SHOP_001,C0352,T10915,754.0,2026-08-09
SHOP_001,C0785,T10916,670.0,2026-08-09
SHOP_001,C0625,T10917,958.0,2026-08-09
SHOP_001,C0961,T10918,502.0,2026-08-09
SHOP_001,C0343,T10919,211.0,2026-08-09
SHOP_001,C0392,T10920,618.0,2026-08-09
SHOP_001,C0966,T10921,514.0,2026-08-09
SHOP_001,C0692,T10922,719.0,2026-08-09
SHOP_001,C0901,T10923,361.0,2026-08-10
SHOP_001,C0493,T10924,840.0,2026-08-10
SHOP_001,C0761,T10925,581.0,2026-08-10
SHOP_001,C0847,T10926,206.0,2026-08-10
SHOP_001,C0456,T10927,568.0,2026-08-10
SHOP_001,C0663,T10928,575.0,2026-08-10
SHOP_001,C0665,T10929,488.0,2026-08-10
SHOP_001,C0528,T10930,426.0,2026-08-10
SHOP_001,C0805,T10931,509.0,2026-08-10
SHOP_001,C0509,T10932,590.0,2026-08-10
SHOP_001,C0142,T10933,391.0,2026-08-10
SHOP_001,C0578,T10934,728.0,2026-08-10
SHOP_001,C0707,T10935,912.0,2026-08-10
SHOP_001,C0951,T10936,805.0,2026-08-10
SHOP_001,C0019,T10937,534.0,2026-08-10
SHOP_001,C0451,T10938,362.0,2026-08-10
SHOP_001,C0045,T10939,703.0,2026-08-10
SHOP_001,C0809,T10940,410.0,2026-08-10
SHOP_001,C0943,T10941,355.0,2026-08-10
SHOP_001,C0543,T10942,591.0,2026-08-10
SHOP_001,C0537,T10943,944.0,2026-08-10
SHOP_001,C0398,T10944,471.0,2026-08-10
SHOP_001,C0479,T10945,477.0,2026-08-10
SHOP_001,C0073,T10946,358.0,2026-08-10
SHOP_001,C0867,T10947,372.0,2026-08-10
SHOP_001,C0220,T10948,449.0,2026-08-10
SHOP_001,C0966,T10949,703.0,2026-08-10
SHOP_001,C0205,T10950,648.0,2026-08-11
SHOP_001,C0844,T10951,838.0,2026-08-11
SHOP_001,C0181,T10952,346.0,2026-08-11
SHOP_001,C0881,T10953,721.0,2026-08-11
SHOP_001,C0855,T10954,326.0,2026-08-11
SHOP_001,C0042,T10955,587.0,2026-08-11
SHOP_001,C0780,T10956,443.0,2026-08-11
SHOP_001,C0562,T10957,779.0,2026-08-11
SHOP_001,C0610,T10958,736.0,2026-08-11
SHOP_001,C0181,T10959,324.0,2026-08-11
SHOP_001,C0808,T10960,411.0,2026-08-11
SHOP_001,C0396,T10961,402.0,2026-08-11
SHOP_001,C0580,T10962,571.0,2026-08-11
SHOP_001,C0599,T10963,675.0,2026-08-11
SHOP_001,C0219,T10964,719.0,2026-08-11
SHOP_001,C0610,T10965,641.0,2026-08-11
SHOP_001,C0525,T10966,292.0,2026-08-11
SHOP_001,C0233,T10967,394.0,2026-08-11
SHOP_001,C0241,T10968,581.0,2026-08-11
SHOP_001,C0923,T10969,1491.0,2026-08-11
SHOP_001,C0588,T10970,311.0,2026-08-11
SHOP_001,C0808,T10971,370.0,2026-08-11
SHOP_001,C0800,T10972,449.0,2026-08-11
SHOP_001,C0486,T10973,481.0,2026-08-11
SHOP_001,C0295,T10974,298.0,2026-08-11
SHOP_001,C0855,T10975,600.0,2026-08-11
SHOP_001,C0370,T10976,510.0,2026-08-11
SHOP_001,C0073,T10977,693.0,2026-08-11
SHOP_001,C0033,T10978,448.0,2026-08-11
SHOP_001,C0279,T10979,358.0,2026-08-11
SHOP_001,C0289,T10980,439.0,2026-08-11
SHOP_001,C0713,T10981,744.0,2026-08-12
SHOP_001,C0670,T10982,591.0,2026-08-12
SHOP_001,C0524,T10983,465.0,2026-08-12
SHOP_001,C0742,T10984,528.0,2026-08-12
SHOP_001,C0422,T10985,588.0,2026-08-12
SHOP_001,C0984,T10986,627.0,2026-08-12
SHOP_001,C0792,T10987,576.0,2026-08-12
SHOP_001,C0849,T10988,491.0,2026-08-12
SHOP_001,C0202,T10989,580.0,2026-08-12
SHOP_001,C0671,T10990,945.0,2026-08-12
SHOP_001,C0087,T10991,544.0,2026-08-12
SHOP_001,C0582,T10992,536.0,2026-08-12
SHOP_001,C0763,T10993,408.0,2026-08-12
SHOP_001,C0242,T10994,485.0,2026-08-12
SHOP_001,C0508,T10995,829.0,2026-08-12
SHOP_001,C0703,T10996,570.0,2026-08-12
SHOP_001,C0315,T10997,1201.0,2026-08-12
SHOP_001,C0897,T10998,994.0,2026-08-12
SHOP_001,C0529,T10999,669.0,2026-08-12
SHOP_001,C0848,T11000,536.0,2026-08-12
SHOP_001,C0848,T11001,254.0,2026-08-12
SHOP_001,C0643,T11002,457.0,2026-08-12
SHOP_001,C0539,T11003,440.0,2026-08-13
SHOP_001,C0606,T11004,270.0,2026-08-13
SHOP_001,C0197,T11005,548.0,2026-08-13
SHOP_001,C0636,T11006,730.0,2026-08-13
SHOP_001,C0681,T11007,486.0,2026-08-13
SHOP_001,C0767,T11008,280.0,2026-08-13
SHOP_001,C0025,T11009,215.0,2026-08-13
SHOP_001,C0506,T11010,455.0,2026-08-13
SHOP_001,C0821,T11011,583.0,2026-08-13
SHOP_001,C0848,T11012,404.0,2026-08-13
SHOP_001,C0884,T11013,458.0,2026-08-13
SHOP_001,C0113,T11014,399.0,2026-08-13
SHOP_001,C0791,T11015,336.0,2026-08-13
SHOP_001,C0325,T11016,440.0,2026-08-13
SHOP_001,C0670,T11017,737.0,2026-08-13
SHOP_001,C0784,T11018,915.0,2026-08-13
SHOP_001,C0030,T11019,527.0,2026-08-13
SHOP_001,C0791,T11020,558.0,2026-08-13
SHOP_001,C0496,T11021,393.0,2026-08-13
SHOP_001,C0435,T11022,542.0,2026-08-13
SHOP_001,C0841,T11023,617.0,2026-08-13
SHOP_001,C0307,T11024,983.0,2026-08-13
SHOP_001,C0950,T11025,623.0,2026-08-13
SHOP_001,C0879,T11026,738.0,2026-08-14
SHOP_001,C0073,T11027,687.0,2026-08-14
SHOP_001,C0206,T11028,726.0,2026-08-14
SHOP_001,C0039,T11029,472.0,2026-08-14
SHOP_001,C0535,T11030,468.0,2026-08-14
SHOP_001,C0279,T11031,630.0,2026-08-14
SHOP_001,C0744,T11032,1319.0,2026-08-14
SHOP_001,C0784,T11033,1265.0,2026-08-14
SHOP_001,C0625,T11034,751.0,2026-08-14
SHOP_001,C0486,T11035,465.0,2026-08-14
SHOP_001,C0813,T11036,628.0,2026-08-14
SHOP_001,C0329,T11037,532.0,2026-08-14
SHOP_001,C0033,T11038,522.0,2026-08-14
SHOP_001,C0808,T11039,622.0,2026-08-14
SHOP_001,C0628,T11040,487.0,2026-08-14
SHOP_001,C0440,T11041,845.0,2026-08-14
SHOP_001,C0560,T11042,477.0,2026-08-14
SHOP_001,C0506,T11043,326.0,2026-08-14
SHOP_001,C0426,T11044,417.0,2026-08-14
SHOP_001,C0738,T11045,585.0,2026-08-14
SHOP_001,C0435,T11046,1413.0,2026-08-14
SHOP_001,C0185,T11047,459.0,2026-08-14
SHOP_001,C0408,T11048,442.0,2026-08-14
SHOP_001,C0105,T11049,526.0,2026-08-14
SHOP_001,C0014,T11050,951.0,2026-08-14
SHOP_001,C0681,T11051,415.0,2026-08-14
SHOP_001,C0183,T11052,994.0,2026-08-14
SHOP_001,C0609,T11053,607.0,2026-08-14
SHOP_001,C0535,T11054,735.0,2026-08-14
SHOP_001,C0426,T11055,496.0,2026-08-14
SHOP_001,C0327,T11056,1028.0,2026-08-14
SHOP_001,C0761,T11057,559.0,2026-08-14
SHOP_001,C0768,T11058,1299.0,2026-08-14
SHOP_001,C0122,T11059,532.0,2026-08-14
SHOP_001,C0141,T11060,824.0,2026-08-14
SHOP_001,C0501,T11061,1051.0,2026-08-14
SHOP_001,C0860,T11062,642.0,2026-08-15
SHOP_001,C0968,T11063,790.0,2026-08-15
SHOP_001,C0685,T11064,339.0,2026-08-15
SHOP_001,C0753,T11065,532.0,2026-08-15
SHOP_001,C0493,T11066,426.0,2026-08-15
SHOP_001,C0295,T11067,460.0,2026-08-15
SHOP_001,C0338,T11068,555.0,2026-08-15
SHOP_001,C0635,T11069,652.0,2026-08-15
SHOP_001,C0873,T11070,576.0,2026-08-15
SHOP_001,C0199,T11071,701.0,2026-08-15
SHOP_001,C0929,T11072,1099.0,2026-08-15
SHOP_001,C0446,T11073,502.0,2026-08-15
SHOP_001,C0009,T11074,424.0,2026-08-15
SHOP_001,C0101,T11075,466.0,2026-08-15
SHOP_001,C0678,T11076,478.0,2026-08-15
SHOP_001,C0019,T11077,773.0,2026-08-15
SHOP_001,C0809,T11078,609.0,2026-08-15
SHOP_001,C0781,T11079,297.0,2026-08-15
SHOP_001,C0227,T11080,443.0,2026-08-15
SHOP_001,C0106,T11081,559.0,2026-08-15
SHOP_001,C0140,T11082,534.0,2026-08-15
SHOP_001,C0869,T11083,871.0,2026-08-15
SHOP_001,C0456,T11084,407.0,2026-08-15
SHOP_001,C0758,T11085,791.0,2026-08-15
SHOP_001,C0771,T11086,489.0,2026-08-15
SHOP_001,C0407,T11087,407.0,2026-08-15
SHOP_001,C0392,T11088,337.0,2026-08-15
SHOP_001,C0012,T11089,745.0,2026-08-16
SHOP_001,C0943,T11090,634.0,2026-08-16
SHOP_001,C0162,T11091,498.0,2026-08-16
SHOP_001,C0294,T11092,497.0,2026-08-16
SHOP_001,C0732,T11093,1200.0,2026-08-16
SHOP_001,C0771,T11094,374.0,2026-08-16
SHOP_001,C0754,T11095,1272.0,2026-08-16
SHOP_001,C0663,T11096,459.0,2026-08-16
SHOP_001,C0685,T11097,254.0,2026-08-16
SHOP_001,C0741,T11098,270.0,2026-08-16
SHOP_001,C0951,T11099,705.0,2026-08-16
SHOP_001,C0987,T11100,558.0,2026-08-16
SHOP_001,C0634,T11101,781.0,2026-08-16
SHOP_001,C0803,T11102,950.0,2026-08-16
SHOP_001,C0736,T11103,687.0,2026-08-16
SHOP_001,C0901,T11104,377.0,2026-08-16
SHOP_001,C0030,T11105,433.0,2026-08-16
SHOP_001,C0362,T11106,722.0,2026-08-16
SHOP_001,C0030,T11107,481.0,2026-08-16
SHOP_001,C0588,T11108,427.0,2026-08-16
SHOP_001,C0881,T11109,662.0,2026-08-16
SHOP_001,C0989,T11110,464.0,2026-08-16
SHOP_001,C0693,T11111,681.0,2026-08-16
SHOP_001,C0144,T11112,589.0,2026-08-16
SHOP_001,C0853,T11113,485.0,2026-08-16
SHOP_001,C0463,T11114,546.0,2026-08-16
SHOP_001,C0330,T11115,864.0,2026-08-16
SHOP_001,C0556,T11116,658.0,2026-08-16
SHOP_001,C0428,T11117,444.0,2026-08-16
SHOP_001,C0396,T11118,671.0,2026-08-16
SHOP_001,C0070,T11119,793.0,2026-08-16
SHOP_001,C0890,T11120,584.0,2026-08-16
SHOP_001,C0019,T11121,413.0,2026-08-16
SHOP_001,C0494,T11122,749.0,2026-08-16
SHOP_001,C0805,T11123,971.0,2026-08-16
SHOP_001,C0370,T11124,357.0,2026-08-17
SHOP_001,C0477,T11125,447.0,2026-08-17
SHOP_001,C0650,T11126,1010.0,2026-08-17
SHOP_001,C0686,T11127,396.0,2026-08-17
SHOP_001,C0205,T11128,629.0,2026-08-17
SHOP_001,C0685,T11129,228.0,2026-08-17
SHOP_001,C0802,T11130,607.0,2026-08-17
SHOP_001,C0345,T11131,740.0,2026-08-17
SHOP_001,C0150,T11132,420.0,2026-08-17
SHOP_001,C0831,T11133,419.0,2026-08-17
SHOP_001,C0669,T11134,483.0,2026-08-17
SHOP_001,C0144,T11135,696.0,2026-08-17
SHOP_001,C0685,T11136,190.0,2026-08-17
SHOP_001,C0771,T11137,747.0,2026-08-17
SHOP_001,C0873,T11138,1098.0,2026-08-17
SHOP_001,C0218,T11139,691.0,2026-08-17
SHOP_001,C0672,T11140,585.0,2026-08-17
SHOP_001,C0609,T11141,551.0,2026-08-17
SHOP_001,C0464,T11142,382.0,2026-08-18
SHOP_001,C0051,T11143,365.0,2026-08-18
SHOP_001,C0741,T11144,354.0,2026-08-18
SHOP_001,C0097,T11145,802.0,2026-08-18
SHOP_001,C0781,T11146,517.0,2026-08-18
SHOP_001,C0881,T11147,279.0,2026-08-18
SHOP_001,C0744,T11148,1471.0,2026-08-18
SHOP_001,C0848,T11149,436.0,2026-08-18
SHOP_001,C0305,T11150,641.0,2026-08-18
SHOP_001,C0901,T11151,406.0,2026-08-18
SHOP_001,C0841,T11152,604.0,2026-08-18
SHOP_001,C0123,T11153,665.0,2026-08-18
SHOP_001,C0609,T11154,669.0,2026-08-18
SHOP_001,C0780,T11155,853.0,2026-08-18
SHOP_001,C0451,T11156,278.0,2026-08-18
SHOP_001,C0646,T11157,316.0,2026-08-18
SHOP_001,C0579,T11158,358.0,2026-08-18
SHOP_001,C0288,T11159,817.0,2026-08-18
SHOP_001,C0969,T11160,412.0,2026-08-18
SHOP_001,C0774,T11161,392.0,2026-08-18
SHOP_001,C0438,T11162,772.0,2026-08-18
SHOP_001,C0019,T11163,441.0,2026-08-18
SHOP_001,C0339,T11164,532.0,2026-08-18
SHOP_001,C0681,T11165,207.0,2026-08-19
SHOP_001,C0435,T11166,957.0,2026-08-19
SHOP_001,C0712,T11167,416.0,2026-08-19
SHOP_001,C0900,T11168,651.0,2026-08-19
SHOP_001,C0346,T11169,437.0,2026-08-19
SHOP_001,C0171,T11170,739.0,2026-08-19
SHOP_001,C0110,T11171,816.0,2026-08-19
SHOP_001,C0019,T11172,1127.0,2026-08-19
SHOP_001,C0926,T11173,470.0,2026-08-19
SHOP_001,C0707,T11174,436.0,2026-08-19
SHOP_001,C0435,T11175,1007.0,2026-08-19
SHOP_001,C0352,T11176,1067.0,2026-08-19
SHOP_001,C0469,T11177,650.0,2026-08-19
SHOP_001,C0066,T11178,577.0,2026-08-19
SHOP_001,C0181,T11179,407.0,2026-08-19
SHOP_001,C0580,T11180,697.0,2026-08-19
SHOP_001,C0363,T11181,633.0,2026-08-19
SHOP_001,C0211,T11182,350.0,2026-08-19
SHOP_001,C0190,T11183,998.0,2026-08-19
SHOP_001,C0087,T11184,350.0,2026-08-19
SHOP_001,C0928,T11185,574.0,2026-08-19
SHOP_001,C0503,T11186,408.0,2026-08-19
SHOP_001,C0775,T11187,350.0,2026-08-19
SHOP_001,C0886,T11188,478.0,2026-08-19
SHOP_001,C0202,T11189,977.0,2026-08-19
SHOP_001,C0723,T11190,366.0,2026-08-19
SHOP_001,C0464,T11191,480.0,2026-08-20
SHOP_001,C0325,T11192,432.0,2026-08-20
SHOP_001,C0718,T11193,699.0,2026-08-20
SHOP_001,C0694,T11194,1027.0,2026-08-20
SHOP_001,C0747,T11195,302.0,2026-08-20
SHOP_001,C0879,T11196,809.0,2026-08-20
SHOP_001,C0201,T11197,377.0,2026-08-20
SHOP_001,C0031,T11198,546.0,2026-08-20
SHOP_001,C0071,T11199,808.0,2026-08-20
SHOP_001,C0847,T11200,295.0,2026-08-20
SHOP_001,C0647,T11201,439.0,2026-08-20
SHOP_001,C0803,T11202,258.0,2026-08-20
SHOP_001,C0506,T11203,501.0,2026-08-20
SHOP_001,C0490,T11204,236.0,2026-08-20
SHOP_001,C0176,T11205,436.0,2026-08-20
SHOP_001,C0177,T11206,702.0,2026-08-20
SHOP_001,C0435,T11207,1193.0,2026-08-21
SHOP_001,C0761,T11208,643.0,2026-08-21
SHOP_001,C0549,T11209,1566.0,2026-08-21
SHOP_001,C0174,T11210,547.0,2026-08-21
SHOP_001,C0518,T11211,634.0,2026-08-21
SHOP_001,C0530,T11212,624.0,2026-08-21
SHOP_001,C0872,T11213,1347.0,2026-08-21
SHOP_001,C0490,T11214,458.0,2026-08-21
SHOP_001,C0490,T11215,746.0,2026-08-21
SHOP_001,C0493,T11216,732.0,2026-08-21
SHOP_001,C0352,T11217,605.0,2026-08-21
SHOP_001,C0723,T11218,721.0,2026-08-21
SHOP_001,C0153,T11219,598.0,2026-08-21
SHOP_001,C0996,T11220,884.0,2026-08-21
SHOP_001,C0606,T11221,616.0,2026-08-21
SHOP_001,C0180,T11222,861.0,2026-08-21
SHOP_001,C0901,T11223,683.0,2026-08-21
SHOP_001,C0288,T11224,753.0,2026-08-21
SHOP_001,C0897,T11225,1140.0,2026-08-21
SHOP_001,C0919,T11226,438.0,2026-08-21
SHOP_001,C0495,T11227,773.0,2026-08-21
SHOP_001,C0372,T11228,1174.0,2026-08-21
SHOP_001,C0014,T11229,980.0,2026-08-21
SHOP_001,C0426,T11230,227.0,2026-08-21
SHOP_001,C0153,T11231,526.0,2026-08-21
SHOP_001,C0396,T11232,729.0,2026-08-21
SHOP_001,C0560,T11233,775.0,2026-08-21
SHOP_001,C0719,T11234,312.0,2026-08-21
SHOP_001,C0390,T11235,455.0,2026-08-21
SHOP_001,C0718,T11236,992.0,2026-08-21
SHOP_001,C0234,T11237,512.0,2026-08-21
SHOP_001,C0426,T11238,454.0,2026-08-21
SHOP_001,C0900,T11239,516.0,2026-08-21
SHOP_001,C0988,T11240,372.0,2026-08-21
SHOP_001,C0967,T11241,750.0,2026-08-21
SHOP_001,C0940,T11242,446.0,2026-08-21
SHOP_001,C0997,T11243,926.0,2026-08-21
SHOP_001,C0493,T11244,750.0,2026-08-21
SHOP_001,C0782,T11245,880.0,2026-08-21
SHOP_001,C0282,T11246,440.0,2026-08-22
SHOP_001,C0938,T11247,565.0,2026-08-22
SHOP_001,C0831,T11248,1017.0,2026-08-22
SHOP_001,C0456,T11249,275.0,2026-08-22
SHOP_001,C0622,T11250,515.0,2026-08-22
SHOP_001,C0144,T11251,644.0,2026-08-22
SHOP_001,C0716,T11252,611.0,2026-08-22
SHOP_001,C0019,T11253,696.0,2026-08-22
SHOP_001,C0071,T11254,657.0,2026-08-22
SHOP_001,C0539,T11255,534.0,2026-08-22
SHOP_001,C0158,T11256,776.0,2026-08-22
SHOP_001,C0734,T11257,487.0,2026-08-22
SHOP_001,C0105,T11258,686.0,2026-08-22
SHOP_001,C0854,T11259,386.0,2026-08-22
SHOP_001,C0777,T11260,554.0,2026-08-22
SHOP_001,C0665,T11261,434.0,2026-08-22
SHOP_001,C0106,T11262,396.0,2026-08-22
SHOP_001,C0723,T11263,500.0,2026-08-22
SHOP_001,C0714,T11264,471.0,2026-08-22
SHOP_001,C0950,T11265,685.0,2026-08-22
SHOP_001,C0636,T11266,633.0,2026-08-22
SHOP_001,C0211,T11267,488.0,2026-08-22
SHOP_001,C0073,T11268,893.0,2026-08-22
SHOP_001,C0258,T11269,446.0,2026-08-22
SHOP_001,C0410,T11270,581.0,2026-08-22
SHOP_001,C0358,T11271,412.0,2026-08-22
SHOP_001,C0579,T11272,398.0,2026-08-22
SHOP_001,C0606,T11273,510.0,2026-08-22
SHOP_001,C0866,T11274,721.0,2026-08-22
SHOP_001,C0139,T11275,396.0,2026-08-22
SHOP_001,C0464,T11276,447.0,2026-08-22
SHOP_001,C0266,T11277,425.0,2026-08-22
SHOP_001,C0670,T11278,411.0,2026-08-22
SHOP_001,C0263,T11279,1088.0,2026-08-22
SHOP_001,C0490,T11280,300.0,2026-08-22
SHOP_001,C0442,T11281,1428.0,2026-08-22
SHOP_001,C0681,T11282,198.0,2026-08-22
SHOP_001,C0741,T11283,335.0,2026-08-22
SHOP_001,C0448,T11284,1170.0,2026-08-22
SHOP_001,C0685,T11285,453.0,2026-08-23
SHOP_001,C0882,T11286,335.0,2026-08-23
SHOP_001,C0066,T11287,547.0,2026-08-23
SHOP_001,C0918,T11288,475.0,2026-08-23
SHOP_001,C0495,T11289,798.0,2026-08-23
SHOP_001,C0558,T11290,562.0,2026-08-23
SHOP_001,C0197,T11291,457.0,2026-08-23
SHOP_001,C0408,T11292,1009.0,2026-08-23
SHOP_001,C0745,T11293,634.0,2026-08-23
SHOP_001,C0648,T11294,578.0,2026-08-23
SHOP_001,C0384,T11295,719.0,2026-08-23
SHOP_001,C0610,T11296,1078.0,2026-08-23
SHOP_001,C0913,T11297,830.0,2026-08-23
SHOP_001,C0285,T11298,598.0,2026-08-23
SHOP_001,C0882,T11299,391.0,2026-08-23
SHOP_001,C0692,T11300,666.0,2026-08-23
SHOP_001,C0362,T11301,719.0,2026-08-23
SHOP_001,C0837,T11302,521.0,2026-08-23
SHOP_001,C0096,T11303,484.0,2026-08-23
SHOP_001,C0724,T11304,632.0,2026-08-23
SHOP_001,C0791,T11305,511.0,2026-08-23
SHOP_001,C0263,T11306,494.0,2026-08-23
SHOP_001,C0548,T11307,864.0,2026-08-23
SHOP_001,C0762,T11308,804.0,2026-08-23
SHOP_001,C0679,T11309,699.0,2026-08-23
SHOP_001,C0490,T11310,361.0,2026-08-23
SHOP_001,C0671,T11311,785.0,2026-08-23
SHOP_001,C0780,T11312,563.0,2026-08-23
SHOP_001,C0763,T11313,725.0,2026-08-23
SHOP_001,C0338,T11314,868.0,2026-08-23
SHOP_001,C0988,T11315,464.0,2026-08-24
SHOP_001,C0324,T11316,539.0,2026-08-24
SHOP_001,C0501,T11317,551.0,2026-08-24
SHOP_001,C0407,T11318,752.0,2026-08-24
SHOP_001,C0273,T11319,463.0,2026-08-24
SHOP_001,C0610,T11320,1630.0,2026-08-24
SHOP_001,C0205,T11321,923.0,2026-08-24
SHOP_001,C0817,T11322,630.0,2026-08-24
SHOP_001,C0780,T11323,610.0,2026-08-24
SHOP_001,C0433,T11324,406.0,2026-08-24
SHOP_001,C0205,T11325,393.0,2026-08-24
SHOP_001,C0776,T11326,414.0,2026-08-24
SHOP_001,C0359,T11327,489.0,2026-08-24
SHOP_001,C0703,T11328,530.0,2026-08-24
SHOP_001,C0955,T11329,725.0,2026-08-24
SHOP_001,C0704,T11330,653.0,2026-08-24
SHOP_001,C0753,T11331,373.0,2026-08-24
SHOP_001,C0214,T11332,479.0,2026-08-24
SHOP_001,C0793,T11333,690.0,2026-08-24
SHOP_001,C0466,T11334,1270.0,2026-08-24
SHOP_001,C0780,T11335,392.0,2026-08-24
SHOP_001,C0567,T11336,690.0,2026-08-24
SHOP_001,C0544,T11337,307.0,2026-08-25
SHOP_001,C0019,T11338,1068.0,2026-08-25
SHOP_001,C0927,T11339,743.0,2026-08-25
SHOP_001,C0472,T11340,281.0,2026-08-25
SHOP_001,C0411,T11341,489.0,2026-08-25
SHOP_001,C0440,T11342,729.0,2026-08-25
SHOP_001,C0903,T11343,491.0,2026-08-25
SHOP_001,C0263,T11344,503.0,2026-08-25
SHOP_001,C0409,T11345,599.0,2026-08-25
SHOP_001,C0919,T11346,839.0,2026-08-25
SHOP_001,C0039,T11347,441.0,2026-08-25
SHOP_001,C0855,T11348,418.0,2026-08-25
SHOP_001,C0838,T11349,762.0,2026-08-25
SHOP_001,C0311,T11350,475.0,2026-08-25
SHOP_001,C0135,T11351,437.0,2026-08-25
SHOP_001,C0562,T11352,543.0,2026-08-25
SHOP_001,C0199,T11353,513.0,2026-08-25
SHOP_001,C0868,T11354,611.0,2026-08-25
SHOP_001,C0557,T11355,580.0,2026-08-25
SHOP_001,C0197,T11356,825.0,2026-08-25
SHOP_001,C0353,T11357,558.0,2026-08-25
SHOP_001,C0168,T11358,267.0,2026-08-25
SHOP_001,C0809,T11359,339.0,2026-08-25
SHOP_001,C0670,T11360,282.0,2026-08-25
SHOP_001,C0352,T11361,645.0,2026-08-25
SHOP_001,C0562,T11362,750.0,2026-08-26
SHOP_001,C0064,T11363,860.0,2026-08-26
SHOP_001,C0997,T11364,957.0,2026-08-26
SHOP_001,C0741,T11365,307.0,2026-08-26
SHOP_001,C0987,T11366,419.0,2026-08-26
SHOP_001,C0151,T11367,363.0,2026-08-26
SHOP_001,C0761,T11368,409.0,2026-08-26
SHOP_001,C0370,T11369,261.0,2026-08-26
SHOP_001,C0100,T11370,648.0,2026-08-26
SHOP_001,C0084,T11371,574.0,2026-08-26
SHOP_001,C0933,T11372,225.0,2026-08-26
SHOP_001,C0254,T11373,551.0,2026-08-26
SHOP_001,C0694,T11374,1160.0,2026-08-26
SHOP_001,C0916,T11375,736.0,2026-08-26
SHOP_001,C0131,T11376,619.0,2026-08-26
SHOP_001,C0315,T11377,595.0,2026-08-26
SHOP_001,C0112,T11378,572.0,2026-08-26
SHOP_001,C0353,T11379,627.0,2026-08-26
SHOP_001,C0719,T11380,333.0,2026-08-26
SHOP_001,C0729,T11381,509.0,2026-08-26
SHOP_001,C0320,T11382,536.0,2026-08-26
SHOP_001,C0020,T11383,573.0,2026-08-26
SHOP_001,C0768,T11384,710.0,2026-08-26
SHOP_001,C0031,T11385,634.0,2026-08-26
SHOP_001,C0312,T11386,1596.0,2026-08-26
SHOP_001,C0318,T11387,166.0,2026-08-27
SHOP_001,C0518,T11388,653.0,2026-08-27
SHOP_001,C0809,T11389,592.0,2026-08-27
SHOP_001,C0233,T11390,386.0,2026-08-27
SHOP_001,C0718,T11391,631.0,2026-08-27
SHOP_001,C0031,T11392,476.0,2026-08-27
SHOP_001,C0378,T11393,572.0,2026-08-27
SHOP_001,C0144,T11394,1069.0,2026-08-27
SHOP_001,C0435,T11395,1299.0,2026-08-27
SHOP_001,C0685,T11396,386.0,2026-08-27
SHOP_001,C0609,T11397,281.0,2026-08-27
SHOP_001,C0109,T11398,431.0,2026-08-27
SHOP_001,C0820,T11399,579.0,2026-08-27
SHOP_001,C0830,T11400,467.0,2026-08-27
SHOP_001,C0648,T11401,357.0,2026-08-27
SHOP_001,C0753,T11402,385.0,2026-08-27
SHOP_001,C0174,T11403,708.0,2026-08-27
SHOP_001,C0636,T11404,1086.0,2026-08-27
SHOP_001,C0995,T11405,569.0,2026-08-27
SHOP_001,C0805,T11406,542.0,2026-08-27
SHOP_001,C0522,T11407,849.0,2026-08-27
SHOP_001,C0426,T11408,361.0,2026-08-27
SHOP_001,C0304,T11409,624.0,2026-08-27
SHOP_001,C0297,T11410,483.0,2026-08-27
SHOP_001,C0685,T11411,322.0,2026-08-27
SHOP_001,C0261,T11412,1012.0,2026-08-27
SHOP_001,C0123,T11413,408.0,2026-08-27
SHOP_001,C0019,T11414,955.0,2026-08-27
SHOP_001,C0176,T11415,682.0,2026-08-27
SHOP_001,C0530,T11416,511.0,2026-08-27
SHOP_001,C0515,T11417,443.0,2026-08-28
SHOP_001,C0106,T11418,643.0,2026-08-28
SHOP_001,C0218,T11419,594.0,2026-08-28
SHOP_001,C0451,T11420,352.0,2026-08-28
SHOP_001,C0273,T11421,646.0,2026-08-28
SHOP_001,C0732,T11422,471.0,2026-08-28
SHOP_001,C0573,T11423,1124.0,2026-08-28
SHOP_001,C0469,T11424,733.0,2026-08-28
SHOP_001,C0744,T11425,847.0,2026-08-28
SHOP_001,C0472,T11426,338.0,2026-08-28
SHOP_001,C0505,T11427,249.0,2026-08-28
SHOP_001,C0456,T11428,849.0,2026-08-28
SHOP_001,C0567,T11429,476.0,2026-08-28
SHOP_001,C0791,T11430,584.0,2026-08-28
SHOP_001,C0459,T11431,701.0,2026-08-28
SHOP_001,C0176,T11432,639.0,2026-08-28
SHOP_001,C0180,T11433,509.0,2026-08-28
SHOP_001,C0808,T11434,718.0,2026-08-28
SHOP_001,C0027,T11435,769.0,2026-08-28
SHOP_001,C0873,T11436,545.0,2026-08-28
SHOP_001,C0294,T11437,644.0,2026-08-28
SHOP_001,C0670,T11438,482.0,2026-08-28
SHOP_001,C0539,T11439,456.0,2026-08-28
SHOP_001,C0375,T11440,820.0,2026-08-28
SHOP_001,C0294,T11441,450.0,2026-08-28
SHOP_001,C0227,T11442,639.0,2026-08-28
SHOP_001,C0548,T11443,981.0,2026-08-28
SHOP_001,C0648,T11444,506.0,2026-08-28
SHOP_001,C0781,T11445,433.0,2026-08-28
SHOP_001,C0648,T11446,237.0,2026-08-28
SHOP_001,C0648,T11447,338.0,2026-08-28
SHOP_001,C0198,T11448,557.0,2026-08-28
SHOP_001,C0524,T11449,676.0,2026-08-29
SHOP_001,C0931,T11450,487.0,2026-08-29
SHOP_001,C0227,T11451,276.0,2026-08-29
SHOP_001,C0459,T11452,744.0,2026-08-29
SHOP_001,C0080,T11453,1052.0,2026-08-29
SHOP_001,C0315,T11454,1126.0,2026-08-29
SHOP_001,C0692,T11455,569.0,2026-08-29
SHOP_001,C0574,T11456,865.0,2026-08-29
SHOP_001,C0838,T11457,656.0,2026-08-29
SHOP_001,C0503,T11458,463.0,2026-08-29
SHOP_001,C0396,T11459,325.0,2026-08-29
SHOP_001,C0539,T11460,907.0,2026-08-29
SHOP_001,C0105,T11461,632.0,2026-08-29
SHOP_001,C0961,T11462,791.0,2026-08-29
SHOP_001,C0985,T11463,371.0,2026-08-29
SHOP_001,C0973,T11464,668.0,2026-08-29
SHOP_001,C0355,T11465,564.0,2026-08-29
SHOP_001,C0671,T11466,583.0,2026-08-29
SHOP_001,C0939,T11467,793.0,2026-08-29
SHOP_001,C0694,T11468,1184.0,2026-08-29
SHOP_001,C0162,T11469,651.0,2026-08-29
SHOP_001,C0475,T11470,615.0,2026-08-29
SHOP_001,C0355,T11471,1079.0,2026-08-29
SHOP_001,C0216,T11472,547.0,2026-08-29
SHOP_001,C0744,T11473,669.0,2026-08-29
SHOP_001,C0699,T11474,607.0,2026-08-29
SHOP_001,C0742,T11475,662.0,2026-08-29
SHOP_001,C0106,T11476,519.0,2026-08-29
SHOP_001,C0969,T11477,451.0,2026-08-29
SHOP_001,C0237,T11478,758.0,2026-08-29
SHOP_001,C0728,T11479,686.0,2026-08-29
SHOP_001,C0943,T11480,973.0,2026-08-29
SHOP_001,C0123,T11481,639.0,2026-08-29
SHOP_001,C0464,T11482,485.0,2026-08-29
SHOP_001,C0155,T11483,526.0,2026-08-29
SHOP_001,C0294,T11484,524.0,2026-08-29
SHOP_001,C0939,T11485,539.0,2026-08-29
SHOP_001,C0503,T11486,373.0,2026-08-29
SHOP_001,C0495,T11487,938.0,2026-08-29
SHOP_001,C0123,T11488,385.0,2026-08-29
SHOP_001,C0639,T11489,586.0,2026-08-29
SHOP_001,C0601,T11490,416.0,2026-08-29
SHOP_001,C0305,T11491,911.0,2026-08-29
SHOP_001,C0694,T11492,852.0,2026-08-29
SHOP_001,C0940,T11493,429.0,2026-08-29
SHOP_001,C0648,T11494,502.0,2026-08-29
SHOP_001,C0842,T11495,492.0,2026-08-29
SHOP_001,C0440,T11496,907.0,2026-08-30
SHOP_001,C0716,T11497,802.0,2026-08-30
SHOP_001,C0606,T11498,717.0,2026-08-30
SHOP_001,C0919,T11499,693.0,2026-08-30
SHOP_001,C0109,T11500,612.0,2026-08-30
SHOP_001,C0467,T11501,527.0,2026-08-30
SHOP_001,C0951,T11502,278.0,2026-08-30
SHOP_001,C0747,T11503,663.0,2026-08-30
SHOP_001,C0933,T11504,259.0,2026-08-30
SHOP_001,C0855,T11505,788.0,2026-08-30
SHOP_001,C0825,T11506,667.0,2026-08-30
SHOP_001,C0741,T11507,155.0,2026-08-30
SHOP_001,C0677,T11508,1206.0,2026-08-30
SHOP_001,C0894,T11509,529.0,2026-08-30
SHOP_001,C0877,T11510,381.0,2026-08-30
SHOP_001,C0396,T11511,631.0,2026-08-30
SHOP_001,C0440,T11512,540.0,2026-08-30
SHOP_001,C0648,T11513,204.0,2026-08-30
SHOP_001,C0609,T11514,501.0,2026-08-30
SHOP_001,C0966,T11515,536.0,2026-08-30
SHOP_001,C0211,T11516,455.0,2026-08-30
SHOP_001,C0813,T11517,487.0,2026-08-30
SHOP_001,C0294,T11518,805.0,2026-08-30
SHOP_001,C0296,T11519,465.0,2026-08-30
SHOP_001,C0805,T11520,576.0,2026-08-30
SHOP_001,C0490,T11521,468.0,2026-08-30
SHOP_001,C0391,T11522,650.0,2026-08-30
SHOP_001,C0003,T11523,292.0,2026-08-31
SHOP_001,C0485,T11524,625.0,2026-08-31
SHOP_001,C0761,T11525,460.0,2026-08-31
SHOP_001,C0448,T11526,872.0,2026-08-31
SHOP_001,C0517,T11527,483.0,2026-08-31
SHOP_001,C0716,T11528,547.0,2026-08-31
SHOP_001,C0648,T11529,284.0,2026-08-31
SHOP_001,C0211,T11530,359.0,2026-08-31
SHOP_001,C0526,T11531,583.0,2026-08-31
SHOP_001,C0517,T11532,512.0,2026-08-31
SHOP_001,C0014,T11533,935.0,2026-08-31
SHOP_001,C0716,T11534,477.0,2026-08-31
SHOP_001,C0744,T11535,714.0,2026-08-31
SHOP_001,C0490,T11536,650.0,2026-08-31
SHOP_001,C0703,T11537,620.0,2026-08-31
SHOP_001,C0202,T11538,501.0,2026-08-31
SHOP_001,C0464,T11539,505.0,2026-08-31
SHOP_001,C0625,T11540,897.0,2026-08-31
SHOP_001,C0352,T11541,643.0,2026-08-31
SHOP_001,C0190,T11542,740.0,2026-08-31
SHOP_001,C0123,T11543,523.0,2026-08-31
SHOP_001,C0556,T11544,566.0,2026-08-31
SHOP_001,C0685,T11545,461.0,2026-08-31
SHOP_001,C0468,T11546,448.0,2026-08-31
SHOP_001,C0768,T11547,1177.0,2026-08-31
SHOP_001,C0396,T11548,367.0,2026-09-01
SHOP_001,C0202,T11549,655.0,2026-09-01
SHOP_001,C0754,T11550,481.0,2026-09-01
SHOP_001,C0030,T11551,238.0,2026-09-01
SHOP_001,C0201,T11552,694.0,2026-09-01
SHOP_001,C0943,T11553,415.0,2026-09-01
SHOP_001,C0548,T11554,865.0,2026-09-01
SHOP_001,C0227,T11555,417.0,2026-09-01
SHOP_001,C0089,T11556,416.0,2026-09-01
SHOP_001,C0359,T11557,355.0,2026-09-01
SHOP_001,C0227,T11558,404.0,2026-09-01
SHOP_001,C0601,T11559,444.0,2026-09-01
SHOP_001,C0671,T11560,940.0,2026-09-01
SHOP_001,C0396,T11561,328.0,2026-09-01
SHOP_001,C0768,T11562,683.0,2026-09-01
SHOP_001,C0097,T11563,900.0,2026-09-01
SHOP_001,C0737,T11564,552.0,2026-09-01
SHOP_001,C0719,T11565,313.0,2026-09-01
SHOP_001,C0901,T11566,571.0,2026-09-01
SHOP_001,C0950,T11567,1010.0,2026-09-01
SHOP_001,C0294,T11568,421.0,2026-09-01
SHOP_001,C0456,T11569,364.0,2026-09-02
SHOP_001,C0960,T11570,651.0,2026-09-02
SHOP_001,C0967,T11571,457.0,2026-09-02
SHOP_001,C0202,T11572,787.0,2026-09-02
SHOP_001,C0768,T11573,927.0,2026-09-02
SHOP_001,C0741,T11574,553.0,2026-09-02
SHOP_001,C0647,T11575,334.0,2026-09-02
SHOP_001,C0933,T11576,520.0,2026-09-02
SHOP_001,C0102,T11577,378.0,2026-09-02
SHOP_001,C0089,T11578,363.0,2026-09-02
SHOP_001,C0579,T11579,217.0,2026-09-02
SHOP_001,C0831,T11580,776.0,2026-09-02
SHOP_001,C0493,T11581,802.0,2026-09-02
SHOP_001,C0901,T11582,519.0,2026-09-02
SHOP_001,C0077,T11583,502.0,2026-09-02
SHOP_001,C0019,T11584,712.0,2026-09-02
SHOP_001,C0341,T11585,553.0,2026-09-02
SHOP_001,C0359,T11586,602.0,2026-09-02
SHOP_001,C0692,T11587,766.0,2026-09-02
SHOP_001,C0721,T11588,376.0,2026-09-02
SHOP_001,C0468,T11589,726.0,2026-09-02
SHOP_001,C0938,T11590,762.0,2026-09-03
SHOP_001,C0753,T11591,512.0,2026-09-03
SHOP_001,C0751,T11592,418.0,2026-09-03
SHOP_001,C0353,T11593,408.0,2026-09-03
SHOP_001,C0888,T11594,781.0,2026-09-03
SHOP_001,C0150,T11595,303.0,2026-09-03
SHOP_001,C0716,T11596,531.0,2026-09-03
SHOP_001,C0671,T11597,718.0,2026-09-03
SHOP_001,C0163,T11598,650.0,2026-09-03
SHOP_001,C0578,T11599,388.0,2026-09-03
SHOP_001,C0293,T11600,383.0,2026-09-03
SHOP_001,C0461,T11601,491.0,2026-09-03
SHOP_001,C0841,T11602,719.0,2026-09-03
SHOP_001,C0753,T11603,821.0,2026-09-03
SHOP_001,C0527,T11604,616.0,2026-09-03
SHOP_001,C0677,T11605,1061.0,2026-09-03
SHOP_001,C0718,T11606,573.0,2026-09-03
SHOP_001,C0682,T11607,518.0,2026-09-03
SHOP_001,C0355,T11608,533.0,2026-09-03
SHOP_001,C0966,T11609,523.0,2026-09-03
SHOP_001,C0573,T11610,1104.0,2026-09-03
SHOP_001,C0028,T11611,668.0,2026-09-03
SHOP_001,C0353,T11612,518.0,2026-09-03
SHOP_001,C0055,T11613,366.0,2026-09-03
SHOP_001,C0977,T11614,710.0,2026-09-03
SHOP_001,C0677,T11615,814.0,2026-09-03
SHOP_001,C0678,T11616,400.0,2026-09-03
SHOP_001,C0373,T11617,812.0,2026-09-04
SHOP_001,C0102,T11618,1002.0,2026-09-04
SHOP_001,C0511,T11619,442.0,2026-09-04
SHOP_001,C0370,T11620,390.0,2026-09-04
SHOP_001,C0322,T11621,730.0,2026-09-04
SHOP_001,C0808,T11622,1037.0,2026-09-04
SHOP_001,C0606,T11623,511.0,2026-09-04
SHOP_001,C0661,T11624,490.0,2026-09-04
SHOP_001,C0348,T11625,321.0,2026-09-04
SHOP_001,C0967,T11626,461.0,2026-09-04
SHOP_001,C0693,T11627,528.0,2026-09-04
SHOP_001,C0950,T11628,800.0,2026-09-04
SHOP_001,C0396,T11629,731.0,2026-09-04
SHOP_001,C0714,T11630,345.0,2026-09-04
SHOP_001,C0493,T11631,637.0,2026-09-04
SHOP_001,C0679,T11632,511.0,2026-09-04
SHOP_001,C0121,T11633,606.0,2026-09-04
SHOP_001,C0794,T11634,694.0,2026-09-04
SHOP_001,C0176,T11635,821.0,2026-09-04
SHOP_001,C0939,T11636,507.0,2026-09-04
SHOP_001,C0881,T11637,509.0,2026-09-04
SHOP_001,C0019,T11638,596.0,2026-09-04
SHOP_001,C0343,T11639,264.0,2026-09-04
SHOP_001,C0694,T11640,1402.0,2026-09-04
SHOP_001,C0347,T11641,439.0,2026-09-04
SHOP_001,C0585,T11642,553.0,2026-09-04
SHOP_001,C0609,T11643,685.0,2026-09-04
SHOP_001,C0150,T11644,420.0,2026-09-04
SHOP_001,C0202,T11645,503.0,2026-09-04
SHOP_001,C0791,T11646,526.0,2026-09-04
SHOP_001,C0656,T11647,1223.0,2026-09-05
SHOP_001,C0791,T11648,541.0,2026-09-05
SHOP_001,C0205,T11649,661.0,2026-09-05
SHOP_001,C0181,T11650,587.0,2026-09-05
SHOP_001,C0457,T11651,593.0,2026-09-05
SHOP_001,C0556,T11652,534.0,2026-09-05
SHOP_001,C0080,T11653,1041.0,2026-09-05
SHOP_001,C0716,T11654,366.0,2026-09-05
SHOP_001,C0227,T11655,576.0,2026-09-05
SHOP_001,C0793,T11656,510.0,2026-09-05
SHOP_001,C0237,T11657,1154.0,2026-09-05
SHOP_001,C0252,T11658,704.0,2026-09-05
SHOP_001,C0442,T11659,1007.0,2026-09-05
SHOP_001,C0435,T11660,696.0,2026-09-05
SHOP_001,C0877,T11661,610.0,2026-09-05
SHOP_001,C0144,T11662,626.0,2026-09-05
SHOP_001,C0239,T11663,564.0,2026-09-05
SHOP_001,C0560,T11664,704.0,2026-09-05
SHOP_001,C0459,T11665,1120.0,2026-09-05
SHOP_001,C0321,T11666,739.0,2026-09-05
SHOP_001,C0396,T11667,706.0,2026-09-05
SHOP_001,C0343,T11668,260.0,2026-09-05
SHOP_001,C0308,T11669,664.0,2026-09-05
SHOP_001,C0560,T11670,834.0,2026-09-05
SHOP_001,C0552,T11671,1361.0,2026-09-05
SHOP_001,C0933,T11672,335.0,2026-09-05
SHOP_001,C0683,T11673,495.0,2026-09-05
SHOP_001,C0459,T11674,738.0,2026-09-05
SHOP_001,C0648,T11675,403.0,2026-09-05
SHOP_001,C0509,T11676,619.0,2026-09-05
SHOP_001,C0028,T11677,677.0,2026-09-05
SHOP_001,C0039,T11678,612.0,2026-09-05
SHOP_001,C0763,T11679,706.0,2026-09-06
SHOP_001,C0862,T11680,686.0,2026-09-06
SHOP_001,C0943,T11681,538.0,2026-09-06
SHOP_001,C0626,T11682,790.0,2026-09-06
SHOP_001,C0486,T11683,387.0,2026-09-06
SHOP_001,C0838,T11684,647.0,2026-09-06
SHOP_001,C0264,T11685,904.0,2026-09-06
SHOP_001,C0918,T11686,331.0,2026-09-06
SHOP_001,C0639,T11687,586.0,2026-09-06
SHOP_001,C0435,T11688,580.0,2026-09-06
SHOP_001,C0214,T11689,895.0,2026-09-06
SHOP_001,C0031,T11690,511.0,2026-09-06
SHOP_001,C0201,T11691,472.0,2026-09-06
SHOP_001,C0943,T11692,604.0,2026-09-06
SHOP_001,C0808,T11693,414.0,2026-09-06
SHOP_001,C0353,T11694,630.0,2026-09-06
SHOP_001,C0066,T11695,512.0,2026-09-06
SHOP_001,C0424,T11696,747.0,2026-09-06
SHOP_001,C0771,T11697,814.0,2026-09-06
SHOP_001,C0713,T11698,419.0,2026-09-06
SHOP_001,C0967,T11699,911.0,2026-09-06
SHOP_001,C0744,T11700,681.0,2026-09-06
SHOP_001,C0657,T11701,970.0,2026-09-06
SHOP_001,C0777,T11702,457.0,2026-09-06
SHOP_001,C0721,T11703,733.0,2026-09-06
SHOP_001,C0984,T11704,439.0,2026-09-06
SHOP_001,C0872,T11705,1121.0,2026-09-06
SHOP_001,C0144,T11706,1010.0,2026-09-06
SHOP_001,C0881,T11707,523.0,2026-09-06
SHOP_001,C0296,T11708,255.0,2026-09-06
SHOP_001,C0948,T11709,804.0,2026-09-06
SHOP_001,C0042,T11710,465.0,2026-09-06
SHOP_001,C0051,T11711,300.0,2026-09-06
SHOP_001,C0490,T11712,358.0,2026-09-06
SHOP_001,C0229,T11713,1309.0,2026-09-06
SHOP_001,C0492,T11714,969.0,2026-09-06
SHOP_001,C0019,T11715,899.0,2026-09-06
SHOP_001,C0433,T11716,675.0,2026-09-06
SHOP_001,C0692,T11717,872.0,2026-09-06
SHOP_001,C0809,T11718,689.0,2026-09-06
SHOP_001,C0316,T11719,521.0,2026-09-06
SHOP_001,C0681,T11720,414.0,2026-09-06
SHOP_001,C0355,T11721,611.0,2026-09-06
SHOP_001,C0517,T11722,929.0,2026-09-06
SHOP_001,C0808,T11723,600.0,2026-09-06
SHOP_001,C0594,T11724,605.0,2026-09-06
SHOP_001,C0557,T11725,552.0,2026-09-07
SHOP_001,C0854,T11726,408.0,2026-09-07
SHOP_001,C0349,T11727,652.0,2026-09-07
SHOP_001,C0671,T11728,709.0,2026-09-07
SHOP_001,C0014,T11729,859.0,2026-09-07
SHOP_001,C0071,T11730,708.0,2026-09-07
SHOP_001,C0516,T11731,494.0,2026-09-07
SHOP_001,C0480,T11732,578.0,2026-09-07
SHOP_001,C0174,T11733,571.0,2026-09-07
SHOP_001,C0216,T11734,426.0,2026-09-07
SHOP_001,C0809,T11735,679.0,2026-09-07
SHOP_001,C0625,T11736,294.0,2026-09-07
SHOP_001,C0659,T11737,785.0,2026-09-07
SHOP_001,C0913,T11738,571.0,2026-09-07
SHOP_001,C0459,T11739,464.0,2026-09-07
SHOP_001,C0201,T11740,265.0,2026-09-07
SHOP_001,C0793,T11741,676.0,2026-09-07
SHOP_001,C0574,T11742,657.0,2026-09-07
SHOP_001,C0237,T11743,737.0,2026-09-07
SHOP_001,C0846,T11744,450.0,2026-09-07
SHOP_001,C0073,T11745,464.0,2026-09-07
SHOP_001,C0433,T11746,544.0,2026-09-07
SHOP_001,C0490,T11747,335.0,2026-09-07
SHOP_001,C0486,T11748,443.0,2026-09-07
SHOP_001,C0609,T11749,680.0,2026-09-07
SHOP_001,C0233,T11750,302.0,2026-09-07
SHOP_001,C0263,T11751,876.0,2026-09-07
SHOP_001,C0694,T11752,645.0,2026-09-07
SHOP_001,C0738,T11753,828.0,2026-09-07
SHOP_001,C0451,T11754,441.0,2026-09-07
SHOP_001,C0856,T11755,455.0,2026-09-07
SHOP_001,C0022,T11756,794.0,2026-09-07
SHOP_001,C0205,T11757,518.0,2026-09-08
SHOP_001,C0713,T11758,672.0,2026-09-08
SHOP_001,C0905,T11759,562.0,2026-09-08
SHOP_001,C0035,T11760,603.0,2026-09-08
SHOP_001,C0982,T11761,594.0,2026-09-08
SHOP_001,C0683,T11762,472.0,2026-09-08
SHOP_001,C0399,T11763,433.0,2026-09-08
SHOP_001,C0754,T11764,766.0,2026-09-08
SHOP_001,C0517,T11765,583.0,2026-09-08
SHOP_001,C0943,T11766,298.0,2026-09-08
SHOP_001,C0263,T11767,642.0,2026-09-08
SHOP_001,C0451,T11768,395.0,2026-09-08
SHOP_001,C0903,T11769,624.0,2026-09-08
SHOP_001,C0198,T11770,479.0,2026-09-08
SHOP_001,C0498,T11771,642.0,2026-09-08
SHOP_001,C0618,T11772,555.0,2026-09-08
SHOP_001,C0744,T11773,452.0,2026-09-08
SHOP_001,C0912,T11774,369.0,2026-09-08
SHOP_001,C0724,T11775,474.0,2026-09-08
SHOP_001,C0295,T11776,348.0,2026-09-08
SHOP_001,C0295,T11777,261.0,2026-09-08
SHOP_001,C0927,T11778,483.0,2026-09-08
SHOP_001,C0744,T11779,575.0,2026-09-08
SHOP_001,C0996,T11780,1018.0,2026-09-08
SHOP_001,C0396,T11781,702.0,2026-09-09
SHOP_001,C0013,T11782,493.0,2026-09-09
SHOP_001,C0181,T11783,332.0,2026-09-09
SHOP_001,C0228,T11784,504.0,2026-09-09
SHOP_001,C0718,T11785,761.0,2026-09-09
SHOP_001,C0201,T11786,396.0,2026-09-09
SHOP_001,C0558,T11787,386.0,2026-09-09
SHOP_001,C0854,T11788,424.0,2026-09-09
SHOP_001,C0142,T11789,442.0,2026-09-09
SHOP_001,C0451,T11790,360.0,2026-09-09
SHOP_001,C0431,T11791,337.0,2026-09-09
SHOP_001,C0908,T11792,298.0,2026-09-09
SHOP_001,C0073,T11793,650.0,2026-09-09
SHOP_001,C0874,T11794,475.0,2026-09-09
SHOP_001,C0030,T11795,580.0,2026-09-09
SHOP_001,C0102,T11796,381.0,2026-09-09
SHOP_001,C0539,T11797,686.0,2026-09-09
SHOP_001,C0762,T11798,470.0,2026-09-09
SHOP_001,C0509,T11799,373.0,2026-09-09
SHOP_001,C0901,T11800,365.0,2026-09-09
SHOP_001,C0435,T11801,729.0,2026-09-09
SHOP_001,C0747,T11802,535.0,2026-09-09
SHOP_001,C0295,T11803,202.0,2026-09-09
SHOP_001,C0280,T11804,589.0,2026-09-09
SHOP_001,C0223,T11805,1258.0,2026-09-09
SHOP_001,C0525,T11806,710.0,2026-09-09
SHOP_001,C0202,T11807,795.0,2026-09-10
SHOP_001,C0708,T11808,596.0,2026-09-10
SHOP_001,C0775,T11809,521.0,2026-09-10
SHOP_001,C0408,T11810,887.0,2026-09-10
SHOP_001,C0805,T11811,676.0,2026-09-10
SHOP_001,C0696,T11812,472.0,2026-09-10
SHOP_001,C0322,T11813,780.0,2026-09-10
SHOP_001,C0509,T11814,654.0,2026-09-10
SHOP_001,C0211,T11815,502.0,2026-09-10
SHOP_001,C0525,T11816,319.0,2026-09-10
SHOP_001,C0539,T11817,427.0,2026-09-10
SHOP_001,C0763,T11818,428.0,2026-09-10
SHOP_001,C0030,T11819,392.0,2026-09-10
SHOP_001,C0227,T11820,380.0,2026-09-10
SHOP_001,C0368,T11821,343.0,2026-09-10
SHOP_001,C0015,T11822,521.0,2026-09-10
SHOP_001,C0803,T11823,1254.0,2026-09-10
SHOP_001,C0280,T11824,363.0,2026-09-10
SHOP_001,C0666,T11825,439.0,2026-09-10
SHOP_001,C0218,T11826,311.0,2026-09-10
SHOP_001,C0353,T11827,707.0,2026-09-10
SHOP_001,C0476,T11828,403.0,2026-09-10
SHOP_001,C0456,T11829,524.0,2026-09-10
SHOP_001,C0353,T11830,570.0,2026-09-10
SHOP_001,C0739,T11831,585.0,2026-09-10
SHOP_001,C0694,T11832,517.0,2026-09-10
SHOP_001,C0872,T11833,693.0,2026-09-10
SHOP_001,C0019,T11834,402.0,2026-09-10
SHOP_001,C0772,T11835,552.0,2026-09-10
SHOP_001,C0399,T11836,356.0,2026-09-10
SHOP_001,C0849,T11837,1029.0,2026-09-10
SHOP_001,C0019,T11838,1039.0,2026-09-10
SHOP_001,C0586,T11839,870.0,2026-09-10
SHOP_001,C0996,T11840,527.0,2026-09-10
SHOP_001,C0031,T11841,487.0,2026-09-10
SHOP_001,C0786,T11842,477.0,2026-09-11
SHOP_001,C0532,T11843,436.0,2026-09-11
SHOP_001,C0329,T11844,287.0,2026-09-11
SHOP_001,C0242,T11845,600.0,2026-09-11
SHOP_001,C0373,T11846,746.0,2026-09-11
SHOP_001,C0144,T11847,434.0,2026-09-11
SHOP_001,C0188,T11848,604.0,2026-09-11
SHOP_001,C0427,T11849,449.0,2026-09-11
SHOP_001,C0457,T11850,809.0,2026-09-11
SHOP_001,C0030,T11851,414.0,2026-09-11
SHOP_001,C0174,T11852,959.0,2026-09-11
SHOP_001,C0927,T11853,523.0,2026-09-11
SHOP_001,C0359,T11854,1237.0,2026-09-11
SHOP_001,C0176,T11855,1012.0,2026-09-11
SHOP_001,C0793,T11856,426.0,2026-09-11
SHOP_001,C0805,T11857,466.0,2026-09-11
SHOP_001,C0723,T11858,496.0,2026-09-11
SHOP_001,C0325,T11859,802.0,2026-09-11
SHOP_001,C0468,T11860,593.0,2026-09-11
SHOP_001,C0168,T11861,523.0,2026-09-11
SHOP_001,C0574,T11862,606.0,2026-09-11
SHOP_001,C0460,T11863,258.0,2026-09-11
SHOP_001,C0295,T11864,531.0,2026-09-11
SHOP_001,C0294,T11865,508.0,2026-09-11
SHOP_001,C0525,T11866,820.0,2026-09-11
SHOP_001,C0389,T11867,675.0,2026-09-11
SHOP_001,C0860,T11868,459.0,2026-09-11
SHOP_001,C0323,T11869,529.0,2026-09-11
SHOP_001,C0815,T11870,564.0,2026-09-11
SHOP_001,C0253,T11871,675.0,2026-09-12
SHOP_001,C0142,T11872,322.0,2026-09-12
SHOP_001,C0050,T11873,803.0,2026-09-12
SHOP_001,C0289,T11874,497.0,2026-09-12
SHOP_001,C0485,T11875,903.0,2026-09-12
SHOP_001,C0478,T11876,300.0,2026-09-12
SHOP_001,C0322,T11877,1128.0,2026-09-12
SHOP_001,C0604,T11878,541.0,2026-09-12
SHOP_001,C0346,T11879,660.0,2026-09-12
SHOP_001,C0515,T11880,864.0,2026-09-12
SHOP_001,C0294,T11881,447.0,2026-09-12
SHOP_001,C0590,T11882,789.0,2026-09-12
SHOP_001,C0169,T11883,861.0,2026-09-12
SHOP_001,C0181,T11884,393.0,2026-09-12
SHOP_001,C0226,T11885,326.0,2026-09-12
SHOP_001,C0753,T11886,261.0,2026-09-12
SHOP_001,C0176,T11887,839.0,2026-09-12
SHOP_001,C0051,T11888,545.0,2026-09-12
SHOP_001,C0067,T11889,617.0,2026-09-12
SHOP_001,C0671,T11890,807.0,2026-09-12
SHOP_001,C0808,T11891,535.0,2026-09-12
SHOP_001,C0847,T11892,554.0,2026-09-12
SHOP_001,C0485,T11893,1324.0,2026-09-12
SHOP_001,C0352,T11894,573.0,2026-09-12
SHOP_001,C0719,T11895,257.0,2026-09-12
SHOP_001,C0331,T11896,628.0,2026-09-12
SHOP_001,C0150,T11897,330.0,2026-09-12
SHOP_001,C0525,T11898,693.0,2026-09-12
SHOP_001,C0152,T11899,831.0,2026-09-12
SHOP_001,C0362,T11900,873.0,2026-09-12
SHOP_001,C0522,T11901,600.0,2026-09-12
SHOP_001,C0295,T11902,464.0,2026-09-12
SHOP_001,C0791,T11903,700.0,2026-09-13
SHOP_001,C0714,T11904,660.0,2026-09-13
SHOP_001,C0359,T11905,576.0,2026-09-13
SHOP_001,C0721,T11906,457.0,2026-09-13
SHOP_001,C0123,T11907,449.0,2026-09-13
SHOP_001,C0978,T11908,370.0,2026-09-13
SHOP_001,C0153,T11909,928.0,2026-09-13
SHOP_001,C0478,T11910,861.0,2026-09-13
SHOP_001,C0900,T11911,341.0,2026-09-13
SHOP_001,C0106,T11912,462.0,2026-09-13
SHOP_001,C0780,T11913,922.0,2026-09-13
SHOP_001,C0066,T11914,299.0,2026-09-13
SHOP_001,C0626,T11915,844.0,2026-09-13
SHOP_001,C0854,T11916,408.0,2026-09-13
SHOP_001,C0234,T11917,511.0,2026-09-13
SHOP_001,C0198,T11918,638.0,2026-09-13
SHOP_001,C0542,T11919,256.0,2026-09-13
SHOP_001,C0078,T11920,372.0,2026-09-13
SHOP_001,C0605,T11921,776.0,2026-09-13
SHOP_001,C0433,T11922,1168.0,2026-09-13
SHOP_001,C0014,T11923,1146.0,2026-09-13
SHOP_001,C0199,T11924,454.0,2026-09-13
SHOP_001,C0116,T11925,730.0,2026-09-13
SHOP_001,C0007,T11926,590.0,2026-09-13
SHOP_001,C0891,T11927,712.0,2026-09-13
SHOP_001,C0838,T11928,566.0,2026-09-13
SHOP_001,C0158,T11929,823.0,2026-09-13
SHOP_001,C0626,T11930,692.0,2026-09-13
SHOP_001,C0703,T11931,527.0,2026-09-13
SHOP_001,C0338,T11932,415.0,2026-09-13
SHOP_001,C0089,T11933,653.0,2026-09-13
SHOP_001,C0777,T11934,459.0,2026-09-13
SHOP_001,C0505,T11935,441.0,2026-09-13
SHOP_001,C0288,T11936,761.0,2026-09-13
SHOP_001,C0227,T11937,498.0,2026-09-13
SHOP_001,C0109,T11938,534.0,2026-09-14
SHOP_001,C0946,T11939,345.0,2026-09-14
SHOP_001,C0396,T11940,417.0,2026-09-14
SHOP_001,C0578,T11941,337.0,2026-09-14
SHOP_001,C0166,T11942,1259.0,2026-09-14
SHOP_001,C0140,T11943,408.0,2026-09-14
SHOP_001,C0718,T11944,556.0,2026-09-14
SHOP_001,C0609,T11945,441.0,2026-09-14
SHOP_001,C0541,T11946,482.0,2026-09-14
SHOP_001,C0648,T11947,403.0,2026-09-14
SHOP_001,C0837,T11948,733.0,2026-09-14
SHOP_001,C0528,T11949,361.0,2026-09-14
SHOP_001,C0490,T11950,359.0,2026-09-14
SHOP_001,C0570,T11951,767.0,2026-09-14
SHOP_001,C0984,T11952,275.0,2026-09-14
SHOP_001,C0768,T11953,774.0,2026-09-14
SHOP_001,C0872,T11954,883.0,2026-09-14
SHOP_001,C0692,T11955,646.0,2026-09-14
SHOP_001,C0708,T11956,579.0,2026-09-15
SHOP_001,C0279,T11957,554.0,2026-09-15
SHOP_001,C0263,T11958,447.0,2026-09-15
SHOP_001,C0611,T11959,571.0,2026-09-15
SHOP_001,C0777,T11960,624.0,2026-09-15
SHOP_001,C0090,T11961,441.0,2026-09-15
SHOP_001,C0078,T11962,871.0,2026-09-15
SHOP_001,C0854,T11963,608.0,2026-09-15
SHOP_001,C0873,T11964,700.0,2026-09-15
SHOP_001,C0190,T11965,609.0,2026-09-15
SHOP_001,C0969,T11966,283.0,2026-09-15
SHOP_001,C0277,T11967,551.0,2026-09-15
SHOP_001,C0352,T11968,567.0,2026-09-15
SHOP_001,C0451,T11969,257.0,2026-09-15
SHOP_001,C0346,T11970,561.0,2026-09-15
SHOP_001,C0872,T11971,629.0,2026-09-15
SHOP_001,C0019,T11972,1047.0,2026-09-15
SHOP_001,C0426,T11973,259.0,2026-09-15
SHOP_001,C0505,T11974,529.0,2026-09-15
SHOP_001,C0854,T11975,714.0,2026-09-15
SHOP_001,C0683,T11976,207.0,2026-09-15
SHOP_001,C0183,T11977,733.0,2026-09-16
SHOP_001,C0530,T11978,796.0,2026-09-16
SHOP_001,C0456,T11979,196.0,2026-09-16
SHOP_001,C0967,T11980,643.0,2026-09-16
SHOP_001,C0529,T11981,1059.0,2026-09-16
SHOP_001,C0956,T11982,473.0,2026-09-16
SHOP_001,C0440,T11983,688.0,2026-09-16
SHOP_001,C0392,T11984,252.0,2026-09-16
SHOP_001,C0351,T11985,674.0,2026-09-16
SHOP_001,C0352,T11986,665.0,2026-09-16
SHOP_001,C0780,T11987,923.0,2026-09-16
SHOP_001,C0726,T11988,431.0,2026-09-16
SHOP_001,C0940,T11989,248.0,2026-09-16
SHOP_001,C0294,T11990,653.0,2026-09-16
SHOP_001,C0518,T11991,614.0,2026-09-16
SHOP_001,C0791,T11992,401.0,2026-09-16
SHOP_001,C0171,T11993,654.0,2026-09-16
SHOP_001,C0433,T11994,691.0,2026-09-16
SHOP_001,C0567,T11995,277.0,2026-09-16
SHOP_001,C0900,T11996,547.0,2026-09-16
SHOP_001,C0493,T11997,623.0,2026-09-16
SHOP_001,C0966,T11998,593.0,2026-09-16
SHOP_001,C0872,T11999,1270.0,2026-09-16
SHOP_001,C0490,T12000,493.0,2026-09-16
SHOP_001,C0693,T12001,930.0,2026-09-16
SHOP_001,C0227,T12002,542.0,2026-09-16
SHOP_001,C0655,T12003,630.0,2026-09-16
SHOP_001,C0176,T12004,587.0,2026-09-16
SHOP_001,C0137,T12005,313.0,2026-09-16
SHOP_001,C0199,T12006,395.0,2026-09-17
SHOP_001,C0897,T12007,839.0,2026-09-17
SHOP_001,C0707,T12008,949.0,2026-09-17
SHOP_001,C0036,T12009,766.0,2026-09-17
SHOP_001,C0940,T12010,185.0,2026-09-17
SHOP_001,C0645,T12011,653.0,2026-09-17
SHOP_001,C0359,T12012,951.0,2026-09-17
SHOP_001,C0549,T12013,832.0,2026-09-17
SHOP_001,C0784,T12014,880.0,2026-09-17
SHOP_001,C0881,T12015,309.0,2026-09-17
SHOP_001,C0671,T12016,1033.0,2026-09-17
SHOP_001,C0063,T12017,329.0,2026-09-17
SHOP_001,C0512,T12018,420.0,2026-09-17
SHOP_001,C0317,T12019,430.0,2026-09-17
SHOP_001,C0671,T12020,829.0,2026-09-17
SHOP_001,C0759,T12021,1282.0,2026-09-17
SHOP_001,C0433,T12022,288.0,2026-09-17
SHOP_001,C0889,T12023,257.0,2026-09-17
SHOP_001,C0854,T12024,261.0,2026-09-17
SHOP_001,C0933,T12025,394.0,2026-09-17
SHOP_001,C0345,T12026,707.0,2026-09-17
SHOP_001,C0450,T12027,720.0,2026-09-17
SHOP_001,C0466,T12028,779.0,2026-09-17
SHOP_001,C0943,T12029,468.0,2026-09-17
SHOP_001,C0556,T12030,393.0,2026-09-17
SHOP_001,C0973,T12031,349.0,2026-09-17
SHOP_001,C0655,T12032,485.0,2026-09-17
SHOP_001,C0877,T12033,352.0,2026-09-18
SHOP_001,C0805,T12034,528.0,2026-09-18
SHOP_001,C0967,T12035,404.0,2026-09-18
SHOP_001,C0980,T12036,1076.0,2026-09-18
SHOP_001,C0847,T12037,300.0,2026-09-18
SHOP_001,C0097,T12038,594.0,2026-09-18
SHOP_001,C0129,T12039,331.0,2026-09-18
SHOP_001,C0086,T12040,655.0,2026-09-18
SHOP_001,C0671,T12041,733.0,2026-09-18
SHOP_001,C0767,T12042,235.0,2026-09-18
SHOP_001,C0439,T12043,706.0,2026-09-18
SHOP_001,C0940,T12044,634.0,2026-09-18
SHOP_001,C0013,T12045,967.0,2026-09-18
SHOP_001,C0293,T12046,264.0,2026-09-18
SHOP_001,C0803,T12047,580.0,2026-09-18
SHOP_001,C0754,T12048,607.0,2026-09-18
SHOP_001,C0609,T12049,676.0,2026-09-18
SHOP_001,C0399,T12050,389.0,2026-09-18
SHOP_001,C0721,T12051,712.0,2026-09-18
SHOP_001,C0153,T12052,534.0,2026-09-18
SHOP_001,C0080,T12053,978.0,2026-09-18
SHOP_001,C0355,T12054,1074.0,2026-09-18
SHOP_001,C0900,T12055,328.0,2026-09-18
SHOP_001,C0917,T12056,460.0,2026-09-18
SHOP_001,C0940,T12057,382.0,2026-09-18
SHOP_001,C0714,T12058,457.0,2026-09-19
SHOP_001,C0644,T12059,321.0,2026-09-19
SHOP_001,C0694,T12060,615.0,2026-09-19
SHOP_001,C0718,T12061,500.0,2026-09-19
SHOP_001,C0205,T12062,587.0,2026-09-19
SHOP_001,C0986,T12063,799.0,2026-09-19
SHOP_001,C0940,T12064,246.0,2026-09-19
SHOP_001,C0591,T12065,518.0,2026-09-19
SHOP_001,C0242,T12066,562.0,2026-09-19
SHOP_001,C0078,T12067,431.0,2026-09-19
SHOP_001,C0862,T12068,687.0,2026-09-19
SHOP_001,C0426,T12069,418.0,2026-09-19
SHOP_001,C0728,T12070,748.0,2026-09-19
SHOP_001,C0440,T12071,390.0,2026-09-19
SHOP_001,C0763,T12072,1290.0,2026-09-19
SHOP_001,C0846,T12073,488.0,2026-09-19
SHOP_001,C0288,T12074,593.0,2026-09-19
SHOP_001,C0227,T12075,636.0,2026-09-19
SHOP_001,C0665,T12076,460.0,2026-09-19
SHOP_001,C0407,T12077,673.0,2026-09-19
SHOP_001,C0119,T12078,749.0,2026-09-19
SHOP_001,C0105,T12079,935.0,2026-09-19
SHOP_001,C0609,T12080,478.0,2026-09-19
SHOP_001,C0685,T12081,464.0,2026-09-19
SHOP_001,C0599,T12082,345.0,2026-09-19
SHOP_001,C0098,T12083,381.0,2026-09-19
SHOP_001,C0860,T12084,291.0,2026-09-19
SHOP_001,C0198,T12085,627.0,2026-09-19
SHOP_001,C0950,T12086,239.0,2026-09-19
SHOP_001,C0188,T12087,419.0,2026-09-20
SHOP_001,C0490,T12088,820.0,2026-09-20
SHOP_001,C0129,T12089,510.0,2026-09-20
SHOP_001,C0205,T12090,482.0,2026-09-20
SHOP_001,C0784,T12091,743.0,2026-09-20
SHOP_001,C0872,T12092,1101.0,2026-09-20
SHOP_001,C0469,T12093,677.0,2026-09-20
SHOP_001,C0881,T12094,411.0,2026-09-20
SHOP_001,C0901,T12095,685.0,2026-09-20
SHOP_001,C0932,T12096,696.0,2026-09-20
SHOP_001,C0564,T12097,596.0,2026-09-20
SHOP_001,C0719,T12098,919.0,2026-09-20
SHOP_001,C0808,T12099,522.0,2026-09-20
SHOP_001,C0763,T12100,610.0,2026-09-20
SHOP_001,C0374,T12101,994.0,2026-09-20
SHOP_001,C0524,T12102,447.0,2026-09-20
SHOP_001,C0224,T12103,826.0,2026-09-20
SHOP_001,C0848,T12104,736.0,2026-09-20
SHOP_001,C0592,T12105,1500.0,2026-09-20
SHOP_001,C0900,T12106,634.0,2026-09-20
SHOP_001,C0877,T12107,556.0,2026-09-20
SHOP_001,C0764,T12108,1069.0,2026-09-20
SHOP_001,C0523,T12109,1018.0,2026-09-20
SHOP_001,C0349,T12110,718.0,2026-09-20
SHOP_001,C0719,T12111,538.0,2026-09-20
SHOP_001,C0048,T12112,439.0,2026-09-20
SHOP_001,C0769,T12113,416.0,2026-09-20
SHOP_001,C0125,T12114,533.0,2026-09-20
SHOP_001,C0585,T12115,784.0,2026-09-20
SHOP_001,C0693,T12116,658.0,2026-09-20
SHOP_001,C0719,T12117,435.0,2026-09-20
SHOP_001,C0805,T12118,400.0,2026-09-21
SHOP_001,C0961,T12119,540.0,2026-09-21
SHOP_001,C0958,T12120,774.0,2026-09-21
SHOP_001,C0477,T12121,320.0,2026-09-21
SHOP_001,C0183,T12122,791.0,2026-09-21
SHOP_001,C0966,T12123,808.0,2026-09-21
SHOP_001,C0950,T12124,872.0,2026-09-21
SHOP_001,C0900,T12125,486.0,2026-09-21
SHOP_001,C0848,T12126,833.0,2026-09-21
SHOP_001,C0143,T12127,407.0,2026-09-21
SHOP_001,C0202,T12128,795.0,2026-09-21
SHOP_001,C0648,T12129,599.0,2026-09-21
SHOP_001,C0985,T12130,479.0,2026-09-21
SHOP_001,C0014,T12131,1258.0,2026-09-21
SHOP_001,C0276,T12132,663.0,2026-09-21
SHOP_001,C0142,T12133,542.0,2026-09-21
SHOP_001,C0218,T12134,651.0,2026-09-21
SHOP_001,C0648,T12135,414.0,2026-09-21
SHOP_001,C0485,T12136,591.0,2026-09-21
SHOP_001,C0353,T12137,751.0,2026-09-21
SHOP_001,C0754,T12138,994.0,2026-09-22
SHOP_001,C0028,T12139,330.0,2026-09-22
SHOP_001,C0408,T12140,562.0,2026-09-22
SHOP_001,C0831,T12141,637.0,2026-09-22
SHOP_001,C0372,T12142,489.0,2026-09-22
SHOP_001,C0039,T12143,589.0,2026-09-22
SHOP_001,C0724,T12144,435.0,2026-09-22
SHOP_001,C0681,T12145,322.0,2026-09-22
SHOP_001,C0151,T12146,473.0,2026-09-22
SHOP_001,C0985,T12147,368.0,2026-09-22
SHOP_001,C0901,T12148,646.0,2026-09-22
SHOP_001,C0919,T12149,493.0,2026-09-22
SHOP_001,C0105,T12150,585.0,2026-09-22
SHOP_001,C0808,T12151,718.0,2026-09-22
SHOP_001,C0097,T12152,1068.0,2026-09-22
SHOP_001,C0755,T12153,874.0,2026-09-22
SHOP_001,C0097,T12154,935.0,2026-09-22
SHOP_001,C0344,T12155,433.0,2026-09-22
SHOP_001,C0246,T12156,494.0,2026-09-22
SHOP_001,C0779,T12157,635.0,2026-09-22
SHOP_001,C0399,T12158,322.0,2026-09-22
SHOP_001,C0771,T12159,637.0,2026-09-22
SHOP_001,C0587,T12160,531.0,2026-09-22
SHOP_001,C0651,T12161,300.0,2026-09-22
SHOP_001,C0142,T12162,709.0,2026-09-22
SHOP_001,C0090,T12163,638.0,2026-09-22
SHOP_001,C0548,T12164,1084.0,2026-09-22
SHOP_001,C0106,T12165,488.0,2026-09-22
SHOP_001,C0014,T12166,544.0,2026-09-22
SHOP_001,C0534,T12167,368.0,2026-09-22
SHOP_001,C0976,T12168,790.0,2026-09-22
SHOP_001,C0202,T12169,808.0,2026-09-22
SHOP_001,C0671,T12170,1398.0,2026-09-22
SHOP_001,C0943,T12171,468.0,2026-09-22
SHOP_001,C0752,T12172,544.0,2026-09-23
SHOP_001,C0665,T12173,491.0,2026-09-23
SHOP_001,C0767,T12174,497.0,2026-09-23
SHOP_001,C0712,T12175,403.0,2026-09-23
SHOP_001,C0809,T12176,456.0,2026-09-23
SHOP_001,C0713,T12177,497.0,2026-09-23
SHOP_001,C0648,T12178,389.0,2026-09-23
SHOP_001,C0854,T12179,587.0,2026-09-23
SHOP_001,C0320,T12180,658.0,2026-09-23
SHOP_001,C0539,T12181,655.0,2026-09-23
SHOP_001,C0477,T12182,304.0,2026-09-23
SHOP_001,C0967,T12183,323.0,2026-09-23
SHOP_001,C0264,T12184,905.0,2026-09-23
SHOP_001,C0900,T12185,530.0,2026-09-23
SHOP_001,C0872,T12186,868.0,2026-09-23
SHOP_001,C0298,T12187,342.0,2026-09-23
SHOP_001,C0946,T12188,340.0,2026-09-23
SHOP_001,C0446,T12189,419.0,2026-09-23
SHOP_001,C0322,T12190,487.0,2026-09-23
SHOP_001,C0506,T12191,385.0,2026-09-24
SHOP_001,C0808,T12192,604.0,2026-09-24
SHOP_001,C0142,T12193,352.0,2026-09-24
SHOP_001,C0028,T12194,562.0,2026-09-24
SHOP_001,C0030,T12195,372.0,2026-09-24
SHOP_001,C0524,T12196,598.0,2026-09-24
SHOP_001,C0616,T12197,666.0,2026-09-24
SHOP_001,C0220,T12198,444.0,2026-09-24
SHOP_001,C0277,T12199,799.0,2026-09-24
SHOP_001,C0123,T12200,512.0,2026-09-24
SHOP_001,C0105,T12201,487.0,2026-09-24
SHOP_001,C0573,T12202,762.0,2026-09-24
SHOP_001,C0077,T12203,359.0,2026-09-24
SHOP_001,C0525,T12204,657.0,2026-09-24
SHOP_001,C0081,T12205,596.0,2026-09-24
SHOP_001,C0209,T12206,381.0,2026-09-24
SHOP_001,C0681,T12207,161.0,2026-09-24
SHOP_001,C0104,T12208,381.0,2026-09-24
SHOP_001,C0135,T12209,214.0,2026-09-24
SHOP_001,C0519,T12210,390.0,2026-09-24
SHOP_001,C0499,T12211,427.0,2026-09-24
SHOP_001,C0805,T12212,335.0,2026-09-24
SHOP_001,C0105,T12213,1148.0,2026-09-24
SHOP_001,C0202,T12214,760.0,2026-09-24
SHOP_001,C0587,T12215,612.0,2026-09-24
SHOP_001,C0493,T12216,489.0,2026-09-25
SHOP_001,C0723,T12217,551.0,2026-09-25
SHOP_001,C0713,T12218,742.0,2026-09-25
SHOP_001,C0660,T12219,544.0,2026-09-25
SHOP_001,C0700,T12220,849.0,2026-09-25
SHOP_001,C0049,T12221,482.0,2026-09-25
SHOP_001,C0013,T12222,498.0,2026-09-25
SHOP_001,C0130,T12223,955.0,2026-09-25
SHOP_001,C0228,T12224,832.0,2026-09-25
SHOP_001,C0758,T12225,563.0,2026-09-25
SHOP_001,C0647,T12226,475.0,2026-09-25
SHOP_001,C0294,T12227,465.0,2026-09-25
SHOP_001,C0328,T12228,628.0,2026-09-25
SHOP_001,C0135,T12229,331.0,2026-09-25
SHOP_001,C0261,T12230,358.0,2026-09-25
SHOP_001,C0677,T12231,899.0,2026-09-25
SHOP_001,C0563,T12232,355.0,2026-09-25
SHOP_001,C0572,T12233,771.0,2026-09-25
SHOP_001,C0661,T12234,629.0,2026-09-25
SHOP_001,C0862,T12235,451.0,2026-09-25
SHOP_001,C0039,T12236,645.0,2026-09-25
SHOP_001,C0390,T12237,460.0,2026-09-25
SHOP_001,C0671,T12238,1213.0,2026-09-25
SHOP_001,C0327,T12239,719.0,2026-09-25
SHOP_001,C0967,T12240,707.0,2026-09-25
SHOP_001,C0442,T12241,1058.0,2026-09-25
SHOP_001,C0067,T12242,792.0,2026-09-25
SHOP_001,C0158,T12243,674.0,2026-09-25
SHOP_001,C0388,T12244,1564.0,2026-09-25
SHOP_001,C0162,T12245,532.0,2026-09-25
SHOP_001,C0732,T12246,711.0,2026-09-25
SHOP_001,C0562,T12247,658.0,2026-09-25
SHOP_001,C0793,T12248,584.0,2026-09-25
SHOP_001,C0407,T12249,607.0,2026-09-26
SHOP_001,C0495,T12250,898.0,2026-09-26
SHOP_001,C0205,T12251,721.0,2026-09-26
SHOP_001,C0924,T12252,642.0,2026-09-26
SHOP_001,C0252,T12253,606.0,2026-09-26
SHOP_001,C0943,T12254,579.0,2026-09-26
SHOP_001,C0409,T12255,858.0,2026-09-26
SHOP_001,C0803,T12256,261.0,2026-09-26
SHOP_001,C0299,T12257,908.0,2026-09-26
SHOP_001,C0407,T12258,933.0,2026-09-26
SHOP_001,C0690,T12259,634.0,2026-09-26
SHOP_001,C0677,T12260,863.0,2026-09-26
SHOP_001,C0908,T12261,392.0,2026-09-26
SHOP_001,C0090,T12262,550.0,2026-09-26
SHOP_001,C0506,T12263,308.0,2026-09-26
SHOP_001,C0671,T12264,1156.0,2026-09-26
SHOP_001,C0397,T12265,428.0,2026-09-26
SHOP_001,C0655,T12266,505.0,2026-09-26
SHOP_001,C0088,T12267,579.0,2026-09-26
SHOP_001,C0411,T12268,530.0,2026-09-26
SHOP_001,C0718,T12269,839.0,2026-09-26
SHOP_001,C0295,T12270,441.0,2026-09-26
SHOP_001,C0519,T12271,556.0,2026-09-26
SHOP_001,C0556,T12272,914.0,2026-09-26
SHOP_001,C0526,T12273,911.0,2026-09-26
SHOP_001,C0855,T12274,529.0,2026-09-26
SHOP_001,C0900,T12275,1192.0,2026-09-26
SHOP_001,C0386,T12276,361.0,2026-09-26
SHOP_001,C0707,T12277,518.0,2026-09-26
SHOP_001,C0526,T12278,528.0,2026-09-26
SHOP_001,C0415,T12279,784.0,2026-09-27
SHOP_001,C0648,T12280,592.0,2026-09-27
SHOP_001,C0142,T12281,396.0,2026-09-27
SHOP_001,C0805,T12282,424.0,2026-09-27
SHOP_001,C0651,T12283,540.0,2026-09-27
SHOP_001,C0049,T12284,560.0,2026-09-27
SHOP_001,C0447,T12285,366.0,2026-09-27
SHOP_001,C0761,T12286,364.0,2026-09-27
SHOP_001,C0618,T12287,453.0,2026-09-27
SHOP_001,C0903,T12288,312.0,2026-09-27
SHOP_001,C0677,T12289,744.0,2026-09-27
SHOP_001,C0279,T12290,485.0,2026-09-27
SHOP_001,C0277,T12291,595.0,2026-09-27
SHOP_001,C0670,T12292,517.0,2026-09-27
SHOP_001,C0813,T12293,674.0,2026-09-27
SHOP_001,C0648,T12294,417.0,2026-09-27
SHOP_001,C0591,T12295,610.0,2026-09-27
SHOP_001,C0459,T12296,500.0,2026-09-27
SHOP_001,C0540,T12297,395.0,2026-09-27
SHOP_001,C0509,T12298,620.0,2026-09-27
SHOP_001,C0874,T12299,545.0,2026-09-27
SHOP_001,C0803,T12300,415.0,2026-09-27
SHOP_001,C0461,T12301,541.0,2026-09-27
SHOP_001,C0446,T12302,596.0,2026-09-27
SHOP_001,C0536,T12303,402.0,2026-09-27
SHOP_001,C0315,T12304,829.0,2026-09-27
SHOP_001,C0144,T12305,1198.0,2026-09-27
SHOP_001,C0026,T12306,650.0,2026-09-27
SHOP_001,C0923,T12307,1077.0,2026-09-27
SHOP_001,C0761,T12308,412.0,2026-09-27
SHOP_001,C0780,T12309,923.0,2026-09-27
SHOP_001,C0345,T12310,842.0,2026-09-27
SHOP_001,C0005,T12311,962.0,2026-09-27
SHOP_001,C0663,T12312,471.0,2026-09-27
SHOP_001,C0116,T12313,869.0,2026-09-27
SHOP_001,C0774,T12314,431.0,2026-09-27
SHOP_001,C0604,T12315,797.0,2026-09-27
SHOP_001,C0499,T12316,636.0,2026-09-27
SHOP_001,C0635,T12317,617.0,2026-09-27
SHOP_001,C0847,T12318,285.0,2026-09-27
SHOP_001,C0295,T12319,654.0,2026-09-27
SHOP_001,C0949,T12320,495.0,2026-09-27
SHOP_001,C0028,T12321,567.0,2026-09-27
SHOP_001,C0241,T12322,496.0,2026-09-27
SHOP_001,C0083,T12323,323.0,2026-09-27
SHOP_001,C0583,T12324,324.0,2026-09-27
SHOP_001,C0696,T12325,776.0,2026-09-27
SHOP_001,C0648,T12326,583.0,2026-09-28
SHOP_001,C0716,T12327,674.0,2026-09-28
SHOP_001,C0883,T12328,528.0,2026-09-28
SHOP_001,C0084,T12329,814.0,2026-09-28
SHOP_001,C0831,T12330,411.0,2026-09-28
SHOP_001,C0754,T12331,552.0,2026-09-28
SHOP_001,C0753,T12332,565.0,2026-09-28
SHOP_001,C0280,T12333,327.0,2026-09-28
SHOP_001,C0031,T12334,658.0,2026-09-28
SHOP_001,C0228,T12335,664.0,2026-09-28
SHOP_001,C0685,T12336,311.0,2026-09-28
SHOP_001,C0936,T12337,769.0,2026-09-28
SHOP_001,C0165,T12338,1087.0,2026-09-28
SHOP_001,C0492,T12339,652.0,2026-09-28
SHOP_001,C0647,T12340,250.0,2026-09-28
SHOP_001,C0426,T12341,317.0,2026-09-28
SHOP_001,C0714,T12342,536.0,2026-09-28
SHOP_001,C0754,T12343,762.0,2026-09-29
SHOP_001,C0181,T12344,388.0,2026-09-29
SHOP_001,C0198,T12345,715.0,2026-09-29
SHOP_001,C0176,T12346,770.0,2026-09-29
SHOP_001,C0677,T12347,384.0,2026-09-29
SHOP_001,C0089,T12348,441.0,2026-09-29
SHOP_001,C0648,T12349,409.0,2026-09-29
SHOP_001,C0763,T12350,540.0,2026-09-29
SHOP_001,C0295,T12351,715.0,2026-09-29
SHOP_001,C0528,T12352,451.0,2026-09-29
SHOP_001,C0276,T12353,484.0,2026-09-29
SHOP_001,C0354,T12354,223.0,2026-09-29
SHOP_001,C0341,T12355,512.0,2026-09-29
SHOP_001,C0116,T12356,492.0,2026-09-29
SHOP_001,C0426,T12357,396.0,2026-09-29
SHOP_001,C0379,T12358,456.0,2026-09-29
SHOP_001,C0067,T12359,705.0,2026-09-29
SHOP_001,C0708,T12360,679.0,2026-09-29
SHOP_001,C0317,T12361,429.0,2026-09-29
SHOP_001,C0763,T12362,478.0,2026-09-29
SHOP_001,C0032,T12363,531.0,2026-09-29
SHOP_001,C0694,T12364,817.0,2026-09-29
SHOP_001,C0263,T12365,268.0,2026-09-29
SHOP_001,C0763,T12366,751.0,2026-09-29
SHOP_001,C0644,T12367,553.0,2026-09-29
SHOP_001,C0242,T12368,678.0,2026-09-29
SHOP_001,C0050,T12369,390.0,2026-09-29
SHOP_001,C0517,T12370,642.0,2026-09-29
SHOP_001,C0263,T12371,361.0,2026-09-29
SHOP_001,C0359,T12372,994.0,2026-09-29
SHOP_001,C0236,T12373,575.0,2026-09-29
SHOP_001,C0900,T12374,462.0,2026-09-29
SHOP_001,C0655,T12375,628.0,2026-09-29
SHOP_001,C0353,T12376,817.0,2026-09-29
SHOP_001,C0144,T12377,377.0,2026-09-29
SHOP_001,C0777,T12378,359.0,2026-09-30
SHOP_001,C0435,T12379,864.0,2026-09-30
SHOP_001,C0084,T12380,613.0,2026-09-30
SHOP_001,C0849,T12381,372.0,2026-09-30
SHOP_001,C0291,T12382,767.0,2026-09-30
SHOP_001,C0862,T12383,646.0,2026-09-30
SHOP_001,C0897,T12384,750.0,2026-09-30
SHOP_001,C0495,T12385,740.0,2026-09-30
SHOP_001,C0090,T12386,370.0,2026-09-30
SHOP_001,C0901,T12387,328.0,2026-09-30
SHOP_001,C0140,T12388,372.0,2026-09-30
SHOP_001,C0264,T12389,992.0,2026-09-30
SHOP_001,C0019,T12390,439.0,2026-09-30
SHOP_001,C0901,T12391,333.0,2026-09-30
SHOP_001,C0591,T12392,405.0,2026-09-30
SHOP_001,C0211,T12393,610.0,2026-09-30
SHOP_001,C0900,T12394,720.0,2026-09-30
SHOP_001,C0224,T12395,337.0,2026-09-30
SHOP_001,C0692,T12396,794.0,2026-09-30
SHOP_001,C0459,T12397,838.0,2026-09-30
SHOP_001,C0694,T12398,725.0,2026-09-30
SHOP_001,C0019,T12399,461.0,2026-09-30
SHOP_001,C0761,T12400,440.0,2026-09-30
SHOP_001,C0950,T12401,641.0,2026-09-30
SHOP_001,C0754,T12402,432.0,2026-09-30
SHOP_001,C0396,T12403,421.0,2026-10-01
SHOP_001,C0109,T12404,473.0,2026-10-01
SHOP_001,C0657,T12405,796.0,2026-10-01
SHOP_001,C0933,T12406,343.0,2026-10-01
SHOP_001,C0667,T12407,539.0,2026-10-01
SHOP_001,C0719,T12408,386.0,2026-10-01
SHOP_001,C0446,T12409,619.0,2026-10-01
SHOP_001,C0626,T12410,1320.0,2026-10-01
SHOP_001,C0744,T12411,698.0,2026-10-01
SHOP_001,C0252,T12412,405.0,2026-10-01
SHOP_001,C0324,T12413,310.0,2026-10-01
SHOP_001,C0073,T12414,375.0,2026-10-01
SHOP_001,C0940,T12415,269.0,2026-10-01
SHOP_001,C0352,T12416,1008.0,2026-10-01
SHOP_001,C0881,T12417,359.0,2026-10-01
SHOP_001,C0882,T12418,187.0,2026-10-01
SHOP_001,C0524,T12419,366.0,2026-10-01
SHOP_001,C0064,T12420,471.0,2026-10-01
SHOP_001,C0590,T12421,924.0,2026-10-02
SHOP_001,C0261,T12422,414.0,2026-10-02
SHOP_001,C0005,T12423,746.0,2026-10-02
SHOP_001,C0539,T12424,767.0,2026-10-02
SHOP_001,C0353,T12425,855.0,2026-10-02
SHOP_001,C0341,T12426,558.0,2026-10-02
SHOP_001,C0205,T12427,535.0,2026-10-02
SHOP_001,C0224,T12428,550.0,2026-10-02
SHOP_001,C0440,T12429,564.0,2026-10-02
SHOP_001,C0211,T12430,354.0,2026-10-02
SHOP_001,C0381,T12431,923.0,2026-10-02
SHOP_001,C0900,T12432,591.0,2026-10-02
SHOP_001,C0984,T12433,422.0,2026-10-02
SHOP_001,C0144,T12434,758.0,2026-10-02
SHOP_001,C0752,T12435,448.0,2026-10-02
SHOP_001,C0100,T12436,1267.0,2026-10-02
SHOP_001,C0793,T12437,897.0,2026-10-02
SHOP_001,C0699,T12438,464.0,2026-10-02
SHOP_001,C0458,T12439,738.0,2026-10-02
SHOP_001,C0943,T12440,335.0,2026-10-02
SHOP_001,C0897,T12441,774.0,2026-10-02
SHOP_001,C0728,T12442,344.0,2026-10-02
SHOP_001,C0790,T12443,698.0,2026-10-02
SHOP_001,C0112,T12444,1052.0,2026-10-02
SHOP_001,C0985,T12445,314.0,2026-10-02
SHOP_001,C0901,T12446,379.0,2026-10-02
SHOP_001,C0031,T12447,482.0,2026-10-02
SHOP_001,C0426,T12448,424.0,2026-10-02
SHOP_001,C0672,T12449,693.0,2026-10-02
SHOP_001,C0106,T12450,779.0,2026-10-02
SHOP_001,C0322,T12451,478.0,2026-10-02
SHOP_001,C0737,T12452,334.0,2026-10-02
SHOP_001,C0355,T12453,530.0,2026-10-02
SHOP_001,C0725,T12454,395.0,2026-10-02
SHOP_001,C0407,T12455,290.0,2026-10-02
SHOP_001,C0678,T12456,407.0,2026-10-02
SHOP_001,C0227,T12457,721.0,2026-10-02
SHOP_001,C0967,T12458,554.0,2026-10-03
SHOP_001,C0713,T12459,721.0,2026-10-03
SHOP_001,C0019,T12460,596.0,2026-10-03
SHOP_001,C0555,T12461,726.0,2026-10-03
SHOP_001,C0903,T12462,421.0,2026-10-03
SHOP_001,C0655,T12463,543.0,2026-10-03
SHOP_001,C0809,T12464,547.0,2026-10-03
SHOP_001,C0144,T12465,625.0,2026-10-03
SHOP_001,C0745,T12466,351.0,2026-10-03
SHOP_001,C0528,T12467,353.0,2026-10-03
SHOP_001,C0512,T12468,899.0,2026-10-03
SHOP_001,C0503,T12469,496.0,2026-10-03
SHOP_001,C0809,T12470,658.0,2026-10-03
SHOP_001,C0458,T12471,411.0,2026-10-03
SHOP_001,C0009,T12472,468.0,2026-10-03
SHOP_001,C0769,T12473,766.0,2026-10-03
SHOP_001,C0721,T12474,348.0,2026-10-03
SHOP_001,C0458,T12475,775.0,2026-10-03
SHOP_001,C0084,T12476,857.0,2026-10-03
SHOP_001,C0688,T12477,442.0,2026-10-03
SHOP_001,C0900,T12478,507.0,2026-10-03
SHOP_001,C0492,T12479,479.0,2026-10-03
SHOP_001,C0924,T12480,809.0,2026-10-03
SHOP_001,C0997,T12481,525.0,2026-10-03
SHOP_001,C0392,T12482,634.0,2026-10-03
SHOP_001,C0294,T12483,611.0,2026-10-03
SHOP_001,C0446,T12484,384.0,2026-10-03
SHOP_001,C0143,T12485,341.0,2026-10-03
SHOP_001,C0809,T12486,852.0,2026-10-03
SHOP_001,C0539,T12487,332.0,2026-10-03
SHOP_001,C0067,T12488,817.0,2026-10-03
SHOP_001,C0295,T12489,593.0,2026-10-03
SHOP_001,C0584,T12490,705.0,2026-10-04
SHOP_001,C0964,T12491,441.0,2026-10-04
SHOP_001,C0331,T12492,499.0,2026-10-04
SHOP_001,C0966,T12493,541.0,2026-10-04
SHOP_001,C0530,T12494,696.0,2026-10-04
SHOP_001,C0769,T12495,596.0,2026-10-04
SHOP_001,C0478,T12496,571.0,2026-10-04
SHOP_001,C0588,T12497,502.0,2026-10-04
SHOP_001,C0229,T12498,854.0,2026-10-04
SHOP_001,C0928,T12499,412.0,2026-10-04
SHOP_001,C0211,T12500,603.0,2026-10-04
SHOP_001,C0667,T12501,510.0,2026-10-04
SHOP_001,C0433,T12502,690.0,2026-10-04
SHOP_001,C0427,T12503,774.0,2026-10-04
SHOP_001,C0872,T12504,419.0,2026-10-04
SHOP_001,C0648,T12505,561.0,2026-10-04
SHOP_001,C0263,T12506,814.0,2026-10-04
SHOP_001,C0610,T12507,731.0,2026-10-04
SHOP_001,C0084,T12508,1306.0,2026-10-04
SHOP_001,C0341,T12509,825.0,2026-10-04
SHOP_001,C0322,T12510,613.0,2026-10-04
SHOP_001,C0304,T12511,395.0,2026-10-04
SHOP_001,C0498,T12512,807.0,2026-10-04
SHOP_001,C0805,T12513,383.0,2026-10-04
SHOP_001,C0998,T12514,708.0,2026-10-04
SHOP_001,C0509,T12515,504.0,2026-10-04
SHOP_001,C0305,T12516,675.0,2026-10-04
SHOP_001,C0611,T12517,634.0,2026-10-04
SHOP_001,C0102,T12518,737.0,2026-10-04
SHOP_001,C0097,T12519,497.0,2026-10-04
SHOP_001,C0940,T12520,663.0,2026-10-04
SHOP_001,C0084,T12521,869.0,2026-10-05
SHOP_001,C0862,T12522,655.0,2026-10-05
SHOP_001,C0345,T12523,669.0,2026-10-05
SHOP_001,C0524,T12524,710.0,2026-10-05
SHOP_001,C0732,T12525,749.0,2026-10-05
SHOP_001,C0467,T12526,1047.0,2026-10-05
SHOP_001,C0220,T12527,430.0,2026-10-05
SHOP_001,C0271,T12528,398.0,2026-10-05
SHOP_001,C0280,T12529,315.0,2026-10-05
SHOP_001,C0144,T12530,561.0,2026-10-05
SHOP_001,C0924,T12531,483.0,2026-10-05
SHOP_001,C0394,T12532,406.0,2026-10-05
SHOP_001,C0097,T12533,764.0,2026-10-05
SHOP_001,C0288,T12534,678.0,2026-10-05
SHOP_001,C0375,T12535,637.0,2026-10-05
SHOP_001,C0780,T12536,696.0,2026-10-05
SHOP_001,C0106,T12537,474.0,2026-10-05
SHOP_001,C0509,T12538,741.0,2026-10-05
SHOP_001,C0197,T12539,562.0,2026-10-05
SHOP_001,C0129,T12540,692.0,2026-10-05
SHOP_001,C0526,T12541,596.0,2026-10-06
SHOP_001,C0723,T12542,426.0,2026-10-06
SHOP_001,C0030,T12543,249.0,2026-10-06
SHOP_001,C0967,T12544,613.0,2026-10-06
SHOP_001,C0227,T12545,367.0,2026-10-06
SHOP_001,C0854,T12546,506.0,2026-10-06
SHOP_001,C0066,T12547,469.0,2026-10-06
SHOP_001,C0791,T12548,834.0,2026-10-06
SHOP_001,C0315,T12549,833.0,2026-10-06
SHOP_001,C0648,T12550,327.0,2026-10-06
SHOP_001,C0390,T12551,399.0,2026-10-06
SHOP_001,C0352,T12552,549.0,2026-10-06
SHOP_001,C0729,T12553,673.0,2026-10-06
SHOP_001,C0619,T12554,811.0,2026-10-06
SHOP_001,C0080,T12555,684.0,2026-10-06
SHOP_001,C0112,T12556,813.0,2026-10-06
SHOP_001,C0940,T12557,272.0,2026-10-06
SHOP_001,C0517,T12558,547.0,2026-10-06
SHOP_001,C0505,T12559,979.0,2026-10-06
SHOP_001,C0483,T12560,436.0,2026-10-06
SHOP_001,C0639,T12561,448.0,2026-10-06
SHOP_001,C0580,T12562,383.0,2026-10-06
SHOP_001,C0982,T12563,694.0,2026-10-06
SHOP_001,C0591,T12564,684.0,2026-10-06
SHOP_001,C0123,T12565,342.0,2026-10-06
SHOP_001,C0214,T12566,494.0,2026-10-06
SHOP_001,C0181,T12567,788.0,2026-10-06
SHOP_001,C0084,T12568,539.0,2026-10-06
SHOP_001,C0949,T12569,348.0,2026-10-06
SHOP_001,C0078,T12570,649.0,2026-10-06
SHOP_001,C0343,T12571,186.0,2026-10-06
SHOP_001,C0626,T12572,591.0,2026-10-06
SHOP_001,C0768,T12573,1044.0,2026-10-06
SHOP_001,C0967,T12574,491.0,2026-10-07
SHOP_001,C0233,T12575,619.0,2026-10-07
SHOP_001,C0791,T12576,368.0,2026-10-07
SHOP_001,C0539,T12577,655.0,2026-10-07
SHOP_001,C0440,T12578,653.0,2026-10-07
SHOP_001,C0767,T12579,379.0,2026-10-07
SHOP_001,C0595,T12580,347.0,2026-10-07
SHOP_001,C0514,T12581,885.0,2026-10-07
SHOP_001,C0176,T12582,921.0,2026-10-07
SHOP_001,C0864,T12583,348.0,2026-10-07
SHOP_001,C0205,T12584,836.0,2026-10-07
SHOP_001,C0505,T12585,405.0,2026-10-07
SHOP_001,C0843,T12586,678.0,2026-10-07
SHOP_001,C0446,T12587,412.0,2026-10-07
SHOP_001,C0997,T12588,506.0,2026-10-07
SHOP_001,C0793,T12589,642.0,2026-10-07
SHOP_001,C0263,T12590,442.0,2026-10-07
SHOP_001,C0536,T12591,723.0,2026-10-07
SHOP_001,C0847,T12592,357.0,2026-10-07
SHOP_001,C0370,T12593,228.0,2026-10-07
SHOP_001,C0294,T12594,471.0,2026-10-07
SHOP_001,C0331,T12595,326.0,2026-10-07
SHOP_001,C0573,T12596,580.0,2026-10-07
SHOP_001,C0694,T12597,1236.0,2026-10-07
SHOP_001,C0190,T12598,598.0,2026-10-07
SHOP_001,C0349,T12599,809.0,2026-10-07
SHOP_001,C0178,T12600,325.0,2026-10-07
SHOP_001,C0362,T12601,696.0,2026-10-07
SHOP_001,C0440,T12602,536.0,2026-10-07
SHOP_001,C0110,T12603,532.0,2026-10-07
SHOP_001,C0295,T12604,248.0,2026-10-07
SHOP_001,C0847,T12605,329.0,2026-10-07
SHOP_001,C0685,T12606,177.0,2026-10-07
SHOP_001,C0031,T12607,495.0,2026-10-07
SHOP_001,C0031,T12608,500.0,2026-10-08
SHOP_001,C0763,T12609,561.0,2026-10-08
SHOP_001,C0349,T12610,523.0,2026-10-08
SHOP_001,C0073,T12611,440.0,2026-10-08
SHOP_001,C0983,T12612,1122.0,2026-10-08
SHOP_001,C0693,T12613,829.0,2026-10-08
SHOP_001,C0763,T12614,440.0,2026-10-08
SHOP_001,C0643,T12615,956.0,2026-10-08
SHOP_001,C0768,T12616,451.0,2026-10-08
SHOP_001,C0881,T12617,459.0,2026-10-08
SHOP_001,C0030,T12618,504.0,2026-10-08
SHOP_001,C0305,T12619,487.0,2026-10-08
SHOP_001,C0427,T12620,637.0,2026-10-08
SHOP_001,C0517,T12621,852.0,2026-10-08
SHOP_001,C0809,T12622,500.0,2026-10-08
SHOP_001,C0539,T12623,546.0,2026-10-08
SHOP_001,C0466,T12624,669.0,2026-10-08
SHOP_001,C0150,T12625,454.0,2026-10-08
SHOP_001,C0373,T12626,553.0,2026-10-08
SHOP_001,C0646,T12627,401.0,2026-10-08
SHOP_001,C0693,T12628,589.0,2026-10-08
SHOP_001,C0246,T12629,956.0,2026-10-08
SHOP_001,C0258,T12630,488.0,2026-10-08
SHOP_001,C0738,T12631,631.0,2026-10-08
SHOP_001,C0955,T12632,456.0,2026-10-08
SHOP_001,C0027,T12633,958.0,2026-10-08
SHOP_001,C0705,T12634,535.0,2026-10-08
SHOP_001,C0679,T12635,551.0,2026-10-08
SHOP_001,C0780,T12636,1158.0,2026-10-08
SHOP_001,C0433,T12637,384.0,2026-10-08
SHOP_001,C0584,T12638,664.0,2026-10-08
SHOP_001,C0557,T12639,428.0,2026-10-08
SHOP_001,C0758,T12640,862.0,2026-10-08
SHOP_001,C0671,T12641,867.0,2026-10-08
SHOP_001,C0295,T12642,404.0,2026-10-08
SHOP_001,C0928,T12643,426.0,2026-10-08
SHOP_001,C0738,T12644,554.0,2026-10-08
SHOP_001,C0065,T12645,396.0,2026-10-09
SHOP_001,C0458,T12646,785.0,2026-10-09
SHOP_001,C0809,T12647,692.0,2026-10-09
SHOP_001,C0939,T12648,695.0,2026-10-09
SHOP_001,C0446,T12649,806.0,2026-10-09
SHOP_001,C0567,T12650,408.0,2026-10-09
SHOP_001,C0601,T12651,270.0,2026-10-09
SHOP_001,C0926,T12652,369.0,2026-10-09
SHOP_001,C0267,T12653,658.0,2026-10-09
SHOP_001,C0967,T12654,716.0,2026-10-09
SHOP_001,C0887,T12655,1023.0,2026-10-09
SHOP_001,C0655,T12656,611.0,2026-10-09
SHOP_001,C0070,T12657,794.0,2026-10-09
SHOP_001,C0169,T12658,580.0,2026-10-09
SHOP_001,C0217,T12659,471.0,2026-10-09
SHOP_001,C0996,T12660,867.0,2026-10-09
SHOP_001,C0872,T12661,1063.0,2026-10-09
SHOP_001,C0498,T12662,1067.0,2026-10-09
SHOP_001,C0468,T12663,554.0,2026-10-09
SHOP_001,C0227,T12664,311.0,2026-10-09
SHOP_001,C0724,T12665,462.0,2026-10-09
SHOP_001,C0943,T12666,563.0,2026-10-09
SHOP_001,C0686,T12667,455.0,2026-10-09
SHOP_001,C0390,T12668,460.0,2026-10-09
SHOP_001,C0066,T12669,366.0,2026-10-09
SHOP_001,C0524,T12670,290.0,2026-10-09
SHOP_001,C0524,T12671,412.0,2026-10-09
SHOP_001,C0808,T12672,625.0,2026-10-09
SHOP_001,C0721,T12673,533.0,2026-10-09
SHOP_001,C0427,T12674,410.0,2026-10-09
SHOP_001,C0304,T12675,322.0,2026-10-09
SHOP_001,C0548,T12676,489.0,2026-10-09
SHOP_001,C0369,T12677,577.0,2026-10-09
SHOP_001,C0277,T12678,524.0,2026-10-09
SHOP_001,C0174,T12679,922.0,2026-10-09
SHOP_001,C0525,T12680,1135.0,2026-10-09
SHOP_001,C0254,T12681,647.0,2026-10-10
SHOP_001,C0908,T12682,551.0,2026-10-10
SHOP_001,C0800,T12683,575.0,2026-10-10
SHOP_001,C0466,T12684,479.0,2026-10-10
SHOP_001,C0552,T12685,871.0,2026-10-10
SHOP_001,C0943,T12686,520.0,2026-10-10
SHOP_001,C0671,T12687,1065.0,2026-10-10
SHOP_001,C0785,T12688,324.0,2026-10-10
SHOP_001,C0774,T12689,635.0,2026-10-10
SHOP_001,C0280,T12690,910.0,2026-10-10
SHOP_001,C0686,T12691,544.0,2026-10-10
SHOP_001,C0014,T12692,992.0,2026-10-10
SHOP_001,C0771,T12693,469.0,2026-10-10
SHOP_001,C0529,T12694,730.0,2026-10-10
SHOP_001,C0503,T12695,323.0,2026-10-10
SHOP_001,C0224,T12696,895.0,2026-10-10
SHOP_001,C0835,T12697,637.0,2026-10-10
SHOP_001,C0586,T12698,565.0,2026-10-10
SHOP_001,C0768,T12699,489.0,2026-10-10
SHOP_001,C0478,T12700,525.0,2026-10-10
SHOP_001,C0066,T12701,500.0,2026-10-10
SHOP_001,C0476,T12702,514.0,2026-10-10
SHOP_001,C0901,T12703,787.0,2026-10-10
SHOP_001,C0604,T12704,718.0,2026-10-10
SHOP_001,C0694,T12705,1301.0,2026-10-10
SHOP_001,C0567,T12706,465.0,2026-10-10
SHOP_001,C0019,T12707,776.0,2026-10-10
SHOP_001,C0476,T12708,274.0,2026-10-10
SHOP_001,C0838,T12709,1445.0,2026-10-10
SHOP_001,C0670,T12710,525.0,2026-10-10
SHOP_001,C0719,T12711,435.0,2026-10-10
SHOP_001,C0440,T12712,700.0,2026-10-10
SHOP_001,C0295,T12713,400.0,2026-10-10
SHOP_001,C0763,T12714,975.0,2026-10-10
SHOP_001,C0372,T12715,709.0,2026-10-10
SHOP_001,C0066,T12716,460.0,2026-10-10
SHOP_001,C0601,T12717,512.0,2026-10-10
SHOP_001,C0289,T12718,491.0,2026-10-10
SHOP_001,C0940,T12719,649.0,2026-10-10
SHOP_001,C0713,T12720,684.0,2026-10-10
SHOP_001,C0353,T12721,485.0,2026-10-10
SHOP_001,C0106,T12722,566.0,2026-10-10
SHOP_001,C0392,T12723,484.0,2026-10-10
SHOP_001,C0847,T12724,491.0,2026-10-10
SHOP_001,C0594,T12725,953.0,2026-10-10
SHOP_001,C0636,T12726,1205.0,2026-10-10
SHOP_001,C0490,T12727,446.0,2026-10-10
SHOP_001,C0762,T12728,431.0,2026-10-10
SHOP_001,C0447,T12729,460.0,2026-10-10
SHOP_001,C0993,T12730,499.0,2026-10-10
SHOP_001,C0294,T12731,637.0,2026-10-11
SHOP_001,C0396,T12732,584.0,2026-10-11
SHOP_001,C0960,T12733,616.0,2026-10-11
SHOP_001,C0493,T12734,630.0,2026-10-11
SHOP_001,C0945,T12735,636.0,2026-10-11
SHOP_001,C0288,T12736,569.0,2026-10-11
SHOP_001,C0123,T12737,907.0,2026-10-11
SHOP_001,C0364,T12738,713.0,2026-10-11
SHOP_001,C0769,T12739,516.0,2026-10-11
SHOP_001,C0997,T12740,676.0,2026-10-11
SHOP_001,C0943,T12741,625.0,2026-10-11
SHOP_001,C0446,T12742,336.0,2026-10-11
SHOP_001,C0705,T12743,548.0,2026-10-11
SHOP_001,C0768,T12744,979.0,2026-10-11
SHOP_001,C0426,T12745,352.0,2026-10-11
SHOP_001,C0142,T12746,654.0,2026-10-11
SHOP_001,C0769,T12747,875.0,2026-10-11
SHOP_001,C0665,T12748,494.0,2026-10-11
SHOP_001,C0456,T12749,621.0,2026-10-11
SHOP_001,C0030,T12750,706.0,2026-10-11
SHOP_001,C0568,T12751,406.0,2026-10-11
SHOP_001,C0106,T12752,409.0,2026-10-11
SHOP_001,C0235,T12753,533.0,2026-10-11
SHOP_001,C0339,T12754,469.0,2026-10-11
SHOP_001,C0121,T12755,360.0,2026-10-11
SHOP_001,C0174,T12756,597.0,2026-10-11
SHOP_001,C0144,T12757,806.0,2026-10-11
SHOP_001,C0223,T12758,509.0,2026-10-11
SHOP_001,C0685,T12759,194.0,2026-10-11
SHOP_001,C0205,T12760,526.0,2026-10-11
SHOP_001,C0244,T12761,864.0,2026-10-11
SHOP_001,C0202,T12762,636.0,2026-10-12
SHOP_001,C0064,T12763,531.0,2026-10-12
SHOP_001,C0495,T12764,756.0,2026-10-12
SHOP_001,C0966,T12765,627.0,2026-10-12
SHOP_001,C0142,T12766,447.0,2026-10-12
SHOP_001,C0862,T12767,619.0,2026-10-12
SHOP_001,C0549,T12768,435.0,2026-10-12
SHOP_001,C0943,T12769,410.0,2026-10-12
SHOP_001,C0097,T12770,586.0,2026-10-12
SHOP_001,C0874,T12771,540.0,2026-10-12
SHOP_001,C0300,T12772,443.0,2026-10-12
SHOP_001,C0080,T12773,706.0,2026-10-12
SHOP_001,C0459,T12774,1046.0,2026-10-12
SHOP_001,C0848,T12775,997.0,2026-10-12
SHOP_001,C0144,T12776,708.0,2026-10-12
SHOP_001,C0661,T12777,450.0,2026-10-12
SHOP_001,C0512,T12778,532.0,2026-10-12
SHOP_001,C0425,T12779,339.0,2026-10-12
SHOP_001,C0809,T12780,539.0,2026-10-12
SHOP_001,C0808,T12781,400.0,2026-10-12
SHOP_001,C0793,T12782,708.0,2026-10-13
SHOP_001,C0208,T12783,528.0,2026-10-13
SHOP_001,C0031,T12784,492.0,2026-10-13
SHOP_001,C0139,T12785,325.0,2026-10-13
SHOP_001,C0665,T12786,271.0,2026-10-13
SHOP_001,C0578,T12787,606.0,2026-10-13
SHOP_001,C0002,T12788,457.0,2026-10-13
SHOP_001,C0183,T12789,775.0,2026-10-13
SHOP_001,C0173,T12790,635.0,2026-10-13
SHOP_001,C0705,T12791,295.0,2026-10-13
SHOP_001,C0685,T12792,361.0,2026-10-13
SHOP_001,C0524,T12793,429.0,2026-10-13
SHOP_001,C0087,T12794,452.0,2026-10-13
SHOP_001,C0429,T12795,298.0,2026-10-13
SHOP_001,C0227,T12796,509.0,2026-10-13
SHOP_001,C0703,T12797,548.0,2026-10-13
SHOP_001,C0604,T12798,841.0,2026-10-13
SHOP_001,C0518,T12799,565.0,2026-10-13
SHOP_001,C0338,T12800,433.0,2026-10-13
SHOP_001,C0375,T12801,546.0,2026-10-13
SHOP_001,C0386,T12802,1015.0,2026-10-13
SHOP_001,C0785,T12803,541.0,2026-10-13
SHOP_001,C0352,T12804,895.0,2026-10-13
SHOP_001,C0084,T12805,475.0,2026-10-13
SHOP_001,C0739,T12806,641.0,2026-10-14
SHOP_001,C0515,T12807,292.0,2026-10-14
SHOP_001,C0659,T12808,542.0,2026-10-14
SHOP_001,C0407,T12809,701.0,2026-10-14
SHOP_001,C0805,T12810,336.0,2026-10-14
SHOP_001,C0570,T12811,737.0,2026-10-14
SHOP_001,C0611,T12812,265.0,2026-10-14
SHOP_001,C0678,T12813,384.0,2026-10-14
SHOP_001,C0707,T12814,935.0,2026-10-14
SHOP_001,C0639,T12815,376.0,2026-10-14
SHOP_001,C0626,T12816,671.0,2026-10-14
SHOP_001,C0401,T12817,407.0,2026-10-14
SHOP_001,C0618,T12818,545.0,2026-10-14
SHOP_001,C0300,T12819,1032.0,2026-10-14
SHOP_001,C0360,T12820,1089.0,2026-10-14
SHOP_001,C0881,T12821,259.0,2026-10-14
SHOP_001,C0408,T12822,514.0,2026-10-14
SHOP_001,C0969,T12823,467.0,2026-10-14
SHOP_001,C0982,T12824,585.0,2026-10-14
SHOP_001,C0020,T12825,390.0,2026-10-14
SHOP_001,C0177,T12826,786.0,2026-10-14
SHOP_001,C0854,T12827,503.0,2026-10-14
SHOP_001,C0703,T12828,387.0,2026-10-15
SHOP_001,C0343,T12829,384.0,2026-10-15
SHOP_001,C0872,T12830,1237.0,2026-10-15
SHOP_001,C0435,T12831,1066.0,2026-10-15
SHOP_001,C0213,T12832,350.0,2026-10-15
SHOP_001,C0539,T12833,719.0,2026-10-15
SHOP_001,C0671,T12834,851.0,2026-10-15
SHOP_001,C0592,T12835,758.0,2026-10-15
SHOP_001,C0781,T12836,479.0,2026-10-15
SHOP_001,C0469,T12837,332.0,2026-10-15
SHOP_001,C0785,T12838,409.0,2026-10-15
SHOP_001,C0188,T12839,620.0,2026-10-15
SHOP_001,C0618,T12840,684.0,2026-10-15
SHOP_001,C0214,T12841,772.0,2026-10-15
SHOP_001,C0224,T12842,499.0,2026-10-15
SHOP_001,C0805,T12843,351.0,2026-10-15
SHOP_001,C0763,T12844,549.0,2026-10-15
SHOP_001,C0903,T12845,433.0,2026-10-15
SHOP_001,C0435,T12846,1001.0,2026-10-15
SHOP_001,C0795,T12847,703.0,2026-10-15
SHOP_001,C0027,T12848,500.0,2026-10-15
SHOP_001,C0254,T12849,365.0,2026-10-15
SHOP_001,C0685,T12850,306.0,2026-10-15
SHOP_001,C0174,T12851,737.0,2026-10-15
SHOP_001,C0349,T12852,436.0,2026-10-16
SHOP_001,C0451,T12853,548.0,2026-10-16
SHOP_001,C0308,T12854,672.0,2026-10-16
SHOP_001,C0010,T12855,419.0,2026-10-16
SHOP_001,C0080,T12856,729.0,2026-10-16
SHOP_001,C0206,T12857,800.0,2026-10-16
SHOP_001,C0655,T12858,504.0,2026-10-16
SHOP_001,C0558,T12859,562.0,2026-10-16
SHOP_001,C0451,T12860,434.0,2026-10-16
SHOP_001,C0234,T12861,532.0,2026-10-16
SHOP_001,C0019,T12862,674.0,2026-10-16
SHOP_001,C0064,T12863,457.0,2026-10-16
SHOP_001,C0427,T12864,623.0,2026-10-16
SHOP_001,C0692,T12865,691.0,2026-10-16
SHOP_001,C0331,T12866,599.0,2026-10-16
SHOP_001,C0506,T12867,505.0,2026-10-16
SHOP_001,C0933,T12868,360.0,2026-10-16
SHOP_001,C0374,T12869,764.0,2026-10-16
SHOP_001,C0078,T12870,1054.0,2026-10-16
SHOP_001,C0353,T12871,619.0,2026-10-16
SHOP_001,C0014,T12872,712.0,2026-10-16
SHOP_001,C0979,T12873,445.0,2026-10-16
SHOP_001,C0217,T12874,582.0,2026-10-17
SHOP_001,C0546,T12875,744.0,2026-10-17
SHOP_001,C0918,T12876,772.0,2026-10-17
SHOP_001,C0805,T12877,511.0,2026-10-17
SHOP_001,C0430,T12878,552.0,2026-10-17
SHOP_001,C0159,T12879,762.0,2026-10-17
SHOP_001,C0539,T12880,375.0,2026-10-17
SHOP_001,C0282,T12881,367.0,2026-10-17
SHOP_001,C0456,T12882,259.0,2026-10-17
SHOP_001,C0355,T12883,951.0,2026-10-17
SHOP_001,C0197,T12884,561.0,2026-10-17
SHOP_001,C0144,T12885,601.0,2026-10-17
SHOP_001,C0753,T12886,604.0,2026-10-17
SHOP_001,C0224,T12887,1076.0,2026-10-17
SHOP_001,C0154,T12888,488.0,2026-10-17
SHOP_001,C0666,T12889,776.0,2026-10-17
SHOP_001,C0665,T12890,631.0,2026-10-17
SHOP_001,C0648,T12891,245.0,2026-10-17
SHOP_001,C0490,T12892,909.0,2026-10-17
SHOP_001,C0263,T12893,845.0,2026-10-17
SHOP_001,C0835,T12894,483.0,2026-10-17
SHOP_001,C0838,T12895,848.0,2026-10-17
SHOP_001,C0142,T12896,503.0,2026-10-17
SHOP_001,C0547,T12897,440.0,2026-10-17
SHOP_001,C0028,T12898,757.0,2026-10-17
SHOP_001,C0583,T12899,494.0,2026-10-17
SHOP_001,C0901,T12900,596.0,2026-10-17
SHOP_001,C0355,T12901,742.0,2026-10-17
SHOP_001,C0997,T12902,1019.0,2026-10-17
SHOP_001,C0529,T12903,579.0,2026-10-17
SHOP_001,C0305,T12904,809.0,2026-10-17
SHOP_001,C0775,T12905,597.0,2026-10-17
SHOP_001,C0741,T12906,416.0,2026-10-17
SHOP_001,C0084,T12907,741.0,2026-10-17
SHOP_001,C0142,T12908,554.0,2026-10-17
SHOP_001,C0568,T12909,431.0,2026-10-17
SHOP_001,C0245,T12910,460.0,2026-10-17
SHOP_001,C0025,T12911,587.0,2026-10-17
SHOP_001,C0475,T12912,470.0,2026-10-17
SHOP_001,C0771,T12913,1092.0,2026-10-17
SHOP_001,C0477,T12914,471.0,2026-10-17
SHOP_001,C0202,T12915,551.0,2026-10-18
SHOP_001,C0965,T12916,747.0,2026-10-18
SHOP_001,C0901,T12917,490.0,2026-10-18
SHOP_001,C0967,T12918,407.0,2026-10-18
SHOP_001,C0386,T12919,902.0,2026-10-18
SHOP_001,C0109,T12920,652.0,2026-10-18
SHOP_001,C0518,T12921,616.0,2026-10-18
SHOP_001,C0961,T12922,507.0,2026-10-18
SHOP_001,C0768,T12923,555.0,2026-10-18
SHOP_001,C0084,T12924,929.0,2026-10-18
SHOP_001,C0209,T12925,525.0,2026-10-18
SHOP_001,C0140,T12926,497.0,2026-10-18
SHOP_001,C0479,T12927,797.0,2026-10-18
SHOP_001,C0451,T12928,335.0,2026-10-18
SHOP_001,C0648,T12929,332.0,2026-10-18
SHOP_001,C0505,T12930,298.0,2026-10-18
SHOP_001,C0758,T12931,586.0,2026-10-18
SHOP_001,C0227,T12932,430.0,2026-10-18
SHOP_001,C0176,T12933,598.0,2026-10-18
SHOP_001,C0352,T12934,927.0,2026-10-18
SHOP_001,C0420,T12935,667.0,2026-10-18
SHOP_001,C0247,T12936,861.0,2026-10-18
SHOP_001,C0813,T12937,409.0,2026-10-18
SHOP_001,C0205,T12938,698.0,2026-10-18
SHOP_001,C0714,T12939,522.0,2026-10-18
SHOP_001,C0901,T12940,516.0,2026-10-18
SHOP_001,C0295,T12941,297.0,2026-10-18
SHOP_001,C0808,T12942,642.0,2026-10-18
SHOP_001,C0373,T12943,622.0,2026-10-18
SHOP_001,C0459,T12944,1082.0,2026-10-18
SHOP_001,C0144,T12945,565.0,2026-10-18
SHOP_001,C0446,T12946,381.0,2026-10-18
SHOP_001,C0466,T12947,814.0,2026-10-18
SHOP_001,C0671,T12948,565.0,2026-10-18
SHOP_001,C0900,T12949,629.0,2026-10-18
SHOP_001,C0626,T12950,696.0,2026-10-18
SHOP_001,C0672,T12951,726.0,2026-10-19
SHOP_001,C0071,T12952,775.0,2026-10-19
SHOP_001,C0732,T12953,598.0,2026-10-19
SHOP_001,C0950,T12954,645.0,2026-10-19
SHOP_001,C0755,T12955,607.0,2026-10-19
SHOP_001,C0282,T12956,537.0,2026-10-19
SHOP_001,C0485,T12957,564.0,2026-10-19
SHOP_001,C0819,T12958,346.0,2026-10-19
SHOP_001,C0017,T12959,828.0,2026-10-19
SHOP_001,C0259,T12960,423.0,2026-10-19
SHOP_001,C0791,T12961,424.0,2026-10-19
SHOP_001,C0456,T12962,285.0,2026-10-19
SHOP_001,C0768,T12963,699.0,2026-10-19
SHOP_001,C0205,T12964,895.0,2026-10-19
SHOP_001,C0352,T12965,823.0,2026-10-19
SHOP_001,C0584,T12966,822.0,2026-10-19
SHOP_001,C0660,T12967,222.0,2026-10-19
SHOP_001,C0685,T12968,387.0,2026-10-19
SHOP_001,C0867,T12969,524.0,2026-10-19
SHOP_001,C0525,T12970,701.0,2026-10-19
SHOP_001,C0803,T12971,253.0,2026-10-19
SHOP_001,C0254,T12972,683.0,2026-10-19
SHOP_001,C0935,T12973,452.0,2026-10-19
SHOP_001,C0421,T12974,463.0,2026-10-19
SHOP_001,C0353,T12975,669.0,2026-10-19
SHOP_001,C0019,T12976,831.0,2026-10-19
SHOP_001,C0014,T12977,841.0,2026-10-19
SHOP_001,C0452,T12978,470.0,2026-10-19
SHOP_001,C0771,T12979,218.0,2026-10-20
SHOP_001,C0197,T12980,438.0,2026-10-20
SHOP_001,C0106,T12981,419.0,2026-10-20
SHOP_001,C0773,T12982,547.0,2026-10-20
SHOP_001,C0370,T12983,344.0,2026-10-20
SHOP_001,C0252,T12984,515.0,2026-10-20
SHOP_001,C0451,T12985,448.0,2026-10-20
SHOP_001,C0738,T12986,332.0,2026-10-20
SHOP_001,C0694,T12987,537.0,2026-10-20
SHOP_001,C0562,T12988,570.0,2026-10-20
SHOP_001,C0888,T12989,516.0,2026-10-20
SHOP_001,C0370,T12990,322.0,2026-10-20
SHOP_001,C0456,T12991,388.0,2026-10-20
SHOP_001,C0855,T12992,581.0,2026-10-20
SHOP_001,C0105,T12993,662.0,2026-10-20
SHOP_001,C0208,T12994,620.0,2026-10-20
SHOP_001,C0075,T12995,348.0,2026-10-20
SHOP_001,C0035,T12996,609.0,2026-10-20
SHOP_001,C0692,T12997,557.0,2026-10-20
SHOP_001,C0854,T12998,339.0,2026-10-20
SHOP_001,C0793,T12999,297.0,2026-10-20
SHOP_001,C0253,T13000,374.0,2026-10-20
SHOP_001,C0679,T13001,457.0,2026-10-20
SHOP_001,C0084,T13002,793.0,2026-10-20
SHOP_001,C0354,T13003,352.0,2026-10-20
SHOP_001,C0295,T13004,561.0,2026-10-21
SHOP_001,C0848,T13005,630.0,2026-10-21
SHOP_001,C0188,T13006,666.0,2026-10-21
SHOP_001,C0621,T13007,504.0,2026-10-21
SHOP_001,C0803,T13008,674.0,2026-10-21
SHOP_001,C0911,T13009,409.0,2026-10-21
SHOP_001,C0860,T13010,413.0,2026-10-21
SHOP_001,C0694,T13011,887.0,2026-10-21
SHOP_001,C0539,T13012,740.0,2026-10-21
SHOP_001,C0211,T13013,256.0,2026-10-21
SHOP_001,C0912,T13014,385.0,2026-10-21
SHOP_001,C0378,T13015,647.0,2026-10-21
SHOP_001,C0761,T13016,389.0,2026-10-21
SHOP_001,C0359,T13017,823.0,2026-10-21
SHOP_001,C0761,T13018,347.0,2026-10-21
SHOP_001,C0707,T13019,1064.0,2026-10-21
SHOP_001,C0168,T13020,466.0,2026-10-21
SHOP_001,C0109,T13021,462.0,2026-10-21
SHOP_001,C0142,T13022,492.0,2026-10-21
SHOP_001,C0943,T13023,388.0,2026-10-21
SHOP_001,C0891,T13024,329.0,2026-10-21
SHOP_001,C0683,T13025,366.0,2026-10-21
SHOP_001,C0777,T13026,369.0,2026-10-21
SHOP_001,C0671,T13027,719.0,2026-10-21
SHOP_001,C0768,T13028,594.0,2026-10-21
SHOP_001,C0469,T13029,402.0,2026-10-21
SHOP_001,C0784,T13030,1047.0,2026-10-21
SHOP_001,C0512,T13031,621.0,2026-10-22
SHOP_001,C0211,T13032,328.0,2026-10-22
SHOP_001,C0891,T13033,376.0,2026-10-22
SHOP_001,C0534,T13034,270.0,2026-10-22
SHOP_001,C0167,T13035,992.0,2026-10-22
SHOP_001,C0353,T13036,523.0,2026-10-22
SHOP_001,C0239,T13037,596.0,2026-10-22
SHOP_001,C0475,T13038,512.0,2026-10-22
SHOP_001,C0655,T13039,364.0,2026-10-22
SHOP_001,C0796,T13040,421.0,2026-10-22
SHOP_001,C0985,T13041,604.0,2026-10-22
SHOP_001,C0901,T13042,460.0,2026-10-22
SHOP_001,C0177,T13043,612.0,2026-10-22
SHOP_001,C0718,T13044,824.0,2026-10-22
SHOP_001,C0855,T13045,802.0,2026-10-22
SHOP_001,C0294,T13046,416.0,2026-10-22
SHOP_001,C0158,T13047,1063.0,2026-10-22
SHOP_001,C0549,T13048,975.0,2026-10-22
SHOP_001,C0780,T13049,886.0,2026-10-22
SHOP_001,C0967,T13050,439.0,2026-10-22
SHOP_001,C0626,T13051,422.0,2026-10-22
SHOP_001,C0292,T13052,387.0,2026-10-22
SHOP_001,C0797,T13053,350.0,2026-10-22
SHOP_001,C0097,T13054,748.0,2026-10-22
SHOP_001,C0031,T13055,294.0,2026-10-22
SHOP_001,C0181,T13056,345.0,2026-10-22
SHOP_001,C0809,T13057,738.0,2026-10-22
SHOP_001,C0771,T13058,462.0,2026-10-22
SHOP_001,C0705,T13059,413.0,2026-10-22
SHOP_001,C0227,T13060,845.0,2026-10-22
SHOP_001,C0738,T13061,811.0,2026-10-23
SHOP_001,C0176,T13062,761.0,2026-10-23
SHOP_001,C0872,T13063,990.0,2026-10-23
SHOP_001,C0263,T13064,592.0,2026-10-23
SHOP_001,C0511,T13065,436.0,2026-10-23
SHOP_001,C0966,T13066,732.0,2026-10-23
SHOP_001,C0535,T13067,416.0,2026-10-23
SHOP_001,C0946,T13068,357.0,2026-10-23
SHOP_001,C0832,T13069,646.0,2026-10-23
SHOP_001,C0476,T13070,415.0,2026-10-23
SHOP_001,C0718,T13071,764.0,2026-10-23
SHOP_001,C0967,T13072,446.0,2026-10-23
SHOP_001,C0811,T13073,450.0,2026-10-23
SHOP_001,C0396,T13074,820.0,2026-10-23
SHOP_001,C0407,T13075,453.0,2026-10-23
SHOP_001,C0737,T13076,966.0,2026-10-23
SHOP_001,C0751,T13077,496.0,2026-10-23
SHOP_001,C0687,T13078,552.0,2026-10-23
SHOP_001,C0901,T13079,671.0,2026-10-23
SHOP_001,C0271,T13080,576.0,2026-10-24
SHOP_001,C0507,T13081,409.0,2026-10-24
SHOP_001,C0924,T13082,613.0,2026-10-24
SHOP_001,C0280,T13083,408.0,2026-10-24
SHOP_001,C0158,T13084,534.0,2026-10-24
SHOP_001,C0943,T13085,313.0,2026-10-24
SHOP_001,C0498,T13086,784.0,2026-10-24
SHOP_001,C0371,T13087,470.0,2026-10-24
SHOP_001,C0197,T13088,386.0,2026-10-24
SHOP_001,C0213,T13089,539.0,2026-10-24
SHOP_001,C0220,T13090,458.0,2026-10-24
SHOP_001,C0329,T13091,459.0,2026-10-24
SHOP_001,C0512,T13092,584.0,2026-10-24
SHOP_001,C0847,T13093,381.0,2026-10-24
SHOP_001,C0508,T13094,337.0,2026-10-24
SHOP_001,C0288,T13095,981.0,2026-10-24
SHOP_001,C0737,T13096,408.0,2026-10-24
SHOP_001,C0408,T13097,381.0,2026-10-24
SHOP_001,C0648,T13098,342.0,2026-10-24
SHOP_001,C0174,T13099,733.0,2026-10-24
SHOP_001,C0460,T13100,592.0,2026-10-24
SHOP_001,C0066,T13101,468.0,2026-10-24
SHOP_001,C0780,T13102,650.0,2026-10-24
SHOP_001,C0591,T13103,812.0,2026-10-24
SHOP_001,C0353,T13104,610.0,2026-10-24
SHOP_001,C0510,T13105,781.0,2026-10-24
SHOP_001,C0541,T13106,380.0,2026-10-24
SHOP_001,C0418,T13107,435.0,2026-10-24
SHOP_001,C0280,T13108,537.0,2026-10-24
SHOP_001,C0339,T13109,832.0,2026-10-24
SHOP_001,C0308,T13110,766.0,2026-10-24
SHOP_001,C0901,T13111,589.0,2026-10-25
SHOP_001,C0202,T13112,810.0,2026-10-25
SHOP_001,C0990,T13113,382.0,2026-10-25
SHOP_001,C0928,T13114,507.0,2026-10-25
SHOP_001,C0586,T13115,833.0,2026-10-25
SHOP_001,C0644,T13116,708.0,2026-10-25
SHOP_001,C0588,T13117,449.0,2026-10-25
SHOP_001,C0469,T13118,322.0,2026-10-25
SHOP_001,C0872,T13119,930.0,2026-10-25
SHOP_001,C0768,T13120,925.0,2026-10-25
SHOP_001,C0854,T13121,867.0,2026-10-25
SHOP_001,C0591,T13122,407.0,2026-10-25
SHOP_001,C0039,T13123,667.0,2026-10-25
SHOP_001,C0144,T13124,582.0,2026-10-25
SHOP_001,C0228,T13125,846.0,2026-10-25
SHOP_001,C0469,T13126,442.0,2026-10-25
SHOP_001,C0848,T13127,981.0,2026-10-25
SHOP_001,C0505,T13128,347.0,2026-10-25
SHOP_001,C0586,T13129,489.0,2026-10-25
SHOP_001,C0521,T13130,667.0,2026-10-25
SHOP_001,C0158,T13131,1249.0,2026-10-25
SHOP_001,C0142,T13132,359.0,2026-10-25
SHOP_001,C0012,T13133,725.0,2026-10-25
SHOP_001,C0370,T13134,785.0,2026-10-25
SHOP_001,C0426,T13135,387.0,2026-10-25
SHOP_001,C0261,T13136,727.0,2026-10-25
SHOP_001,C0535,T13137,536.0,2026-10-25
SHOP_001,C0976,T13138,564.0,2026-10-25
SHOP_001,C0529,T13139,502.0,2026-10-25
SHOP_001,C0157,T13140,543.0,2026-10-25
SHOP_001,C0042,T13141,609.0,2026-10-25
SHOP_001,C0030,T13142,338.0,2026-10-25
SHOP_001,C0180,T13143,419.0,2026-10-25
SHOP_001,C0211,T13144,540.0,2026-10-25
SHOP_001,C0312,T13145,370.0,2026-10-25
SHOP_001,C0097,T13146,629.0,2026-10-25
SHOP_001,C0122,T13147,343.0,2026-10-25
SHOP_001,C0219,T13148,1395.0,2026-10-25
SHOP_001,C0966,T13149,866.0,2026-10-25
SHOP_001,C0618,T13150,733.0,2026-10-25
SHOP_001,C0174,T13151,690.0,2026-10-25
SHOP_001,C0026,T13152,612.0,2026-10-26
SHOP_001,C0258,T13153,599.0,2026-10-26
SHOP_001,C0353,T13154,252.0,2026-10-26
SHOP_001,C0408,T13155,456.0,2026-10-26
SHOP_001,C0150,T13156,497.0,2026-10-26
SHOP_001,C0802,T13157,523.0,2026-10-26
SHOP_001,C0655,T13158,847.0,2026-10-26
SHOP_001,C0646,T13159,381.0,2026-10-26
SHOP_001,C0771,T13160,642.0,2026-10-26
SHOP_001,C0934,T13161,281.0,2026-10-26
SHOP_001,C0477,T13162,390.0,2026-10-26
SHOP_001,C0616,T13163,427.0,2026-10-26
SHOP_001,C0105,T13164,583.0,2026-10-26
SHOP_001,C0066,T13165,342.0,2026-10-26
SHOP_001,C0370,T13166,422.0,2026-10-26
SHOP_001,C0718,T13167,312.0,2026-10-26
SHOP_001,C0927,T13168,494.0,2026-10-26
SHOP_001,C0503,T13169,355.0,2026-10-26
SHOP_001,C0901,T13170,554.0,2026-10-26
SHOP_001,C0206,T13171,846.0,2026-10-26
SHOP_001,C0625,T13172,1064.0,2026-10-26
SHOP_001,C0518,T13173,512.0,2026-10-26
SHOP_001,C0150,T13174,439.0,2026-10-26
SHOP_001,C0768,T13175,887.0,2026-10-26
SHOP_001,C0938,T13176,665.0,2026-10-27
SHOP_001,C0080,T13177,722.0,2026-10-27
SHOP_001,C0085,T13178,608.0,2026-10-27
SHOP_001,C0144,T13179,482.0,2026-10-27
SHOP_001,C0341,T13180,639.0,2026-10-27
SHOP_001,C0498,T13181,825.0,2026-10-27
SHOP_001,C0205,T13182,475.0,2026-10-27
SHOP_001,C0524,T13183,492.0,2026-10-27
SHOP_001,C0374,T13184,662.0,2026-10-27
SHOP_001,C0900,T13185,1057.0,2026-10-27
SHOP_001,C0220,T13186,738.0,2026-10-27
SHOP_001,C0805,T13187,508.0,2026-10-27
SHOP_001,C0179,T13188,631.0,2026-10-27
SHOP_001,C0881,T13189,359.0,2026-10-27
SHOP_001,C0396,T13190,539.0,2026-10-27
SHOP_001,C0855,T13191,396.0,2026-10-27
SHOP_001,C0615,T13192,951.0,2026-10-27
SHOP_001,C0485,T13193,649.0,2026-10-27
SHOP_001,C0317,T13194,330.0,2026-10-27
SHOP_001,C0458,T13195,548.0,2026-10-27
SHOP_001,C0719,T13196,509.0,2026-10-27
SHOP_001,C0793,T13197,419.0,2026-10-27
SHOP_001,C0862,T13198,700.0,2026-10-27
SHOP_001,C0754,T13199,554.0,2026-10-27
SHOP_001,C0435,T13200,637.0,2026-10-27
SHOP_001,C0211,T13201,414.0,2026-10-27
SHOP_001,C0483,T13202,501.0,2026-10-27
SHOP_001,C0205,T13203,504.0,2026-10-27
SHOP_001,C0446,T13204,677.0,2026-10-28
SHOP_001,C0157,T13205,308.0,2026-10-28
SHOP_001,C0338,T13206,356.0,2026-10-28
SHOP_001,C0106,T13207,501.0,2026-10-28
SHOP_001,C0191,T13208,585.0,2026-10-28
SHOP_001,C0677,T13209,755.0,2026-10-28
SHOP_001,C0063,T13210,179.0,2026-10-28
SHOP_001,C0440,T13211,671.0,2026-10-28
SHOP_001,C0031,T13212,457.0,2026-10-28
SHOP_001,C0174,T13213,535.0,2026-10-28
SHOP_001,C0353,T13214,602.0,2026-10-28
SHOP_001,C0471,T13215,649.0,2026-10-28
SHOP_001,C0752,T13216,813.0,2026-10-28
SHOP_001,C0753,T13217,576.0,2026-10-28
SHOP_001,C0732,T13218,727.0,2026-10-28
SHOP_001,C0621,T13219,384.0,2026-10-28
SHOP_001,C0978,T13220,548.0,2026-10-28
SHOP_001,C0625,T13221,355.0,2026-10-28
SHOP_001,C0352,T13222,630.0,2026-10-28
SHOP_001,C0440,T13223,678.0,2026-10-28
SHOP_001,C0463,T13224,558.0,2026-10-28
SHOP_001,C0773,T13225,844.0,2026-10-28
SHOP_001,C0586,T13226,452.0,2026-10-28
SHOP_001,C0562,T13227,850.0,2026-10-28
SHOP_001,C0716,T13228,790.0,2026-10-28
SHOP_001,C0681,T13229,195.0,2026-10-28
SHOP_001,C0353,T13230,426.0,2026-10-28
SHOP_001,C0905,T13231,555.0,2026-10-28
SHOP_001,C0273,T13232,848.0,2026-10-28
SHOP_001,C0518,T13233,524.0,2026-10-28
SHOP_001,C0105,T13234,824.0,2026-10-28
SHOP_001,C0754,T13235,992.0,2026-10-28
SHOP_001,C0751,T13236,468.0,2026-10-28
SHOP_001,C0078,T13237,329.0,2026-10-28
SHOP_001,C0090,T13238,547.0,2026-10-29
SHOP_001,C0227,T13239,540.0,2026-10-29
SHOP_001,C0396,T13240,603.0,2026-10-29
SHOP_001,C0838,T13241,452.0,2026-10-29
SHOP_001,C0352,T13242,1136.0,2026-10-29
SHOP_001,C0353,T13243,523.0,2026-10-29
SHOP_001,C0936,T13244,980.0,2026-10-29
SHOP_001,C0468,T13245,1315.0,2026-10-29
SHOP_001,C0286,T13246,631.0,2026-10-29
SHOP_001,C0732,T13247,1302.0,2026-10-29
SHOP_001,C0768,T13248,525.0,2026-10-29
SHOP_001,C0295,T13249,533.0,2026-10-29
SHOP_001,C0353,T13250,248.0,2026-10-29
SHOP_001,C0451,T13251,354.0,2026-10-29
SHOP_001,C0158,T13252,615.0,2026-10-29
SHOP_001,C0512,T13253,328.0,2026-10-29
SHOP_001,C0768,T13254,736.0,2026-10-29
SHOP_001,C0359,T13255,786.0,2026-10-29
SHOP_001,C0084,T13256,1147.0,2026-10-29
SHOP_001,C0535,T13257,541.0,2026-10-29
SHOP_001,C0212,T13258,428.0,2026-10-29
SHOP_001,C0227,T13259,623.0,2026-10-29
SHOP_001,C0790,T13260,769.0,2026-10-29
SHOP_001,C0732,T13261,494.0,2026-10-29
SHOP_001,C0777,T13262,496.0,2026-10-29
SHOP_001,C0280,T13263,372.0,2026-10-29
SHOP_001,C0544,T13264,490.0,2026-10-29
SHOP_001,C0406,T13265,698.0,2026-10-29
SHOP_001,C0047,T13266,412.0,2026-10-29
SHOP_001,C0852,T13267,536.0,2026-10-30
SHOP_001,C0946,T13268,309.0,2026-10-30
SHOP_001,C0943,T13269,540.0,2026-10-30
SHOP_001,C0625,T13270,496.0,2026-10-30
SHOP_001,C0427,T13271,395.0,2026-10-30
SHOP_001,C0761,T13272,719.0,2026-10-30
SHOP_001,C0996,T13273,669.0,2026-10-30
SHOP_001,C0852,T13274,372.0,2026-10-30
SHOP_001,C0188,T13275,444.0,2026-10-30
SHOP_001,C0663,T13276,896.0,2026-10-30
SHOP_001,C0276,T13277,863.0,2026-10-30
SHOP_001,C0583,T13278,631.0,2026-10-30
SHOP_001,C0263,T13279,941.0,2026-10-30
SHOP_001,C0677,T13280,607.0,2026-10-30
SHOP_001,C0976,T13281,648.0,2026-10-30
SHOP_001,C0910,T13282,1094.0,2026-10-30
SHOP_001,C0176,T13283,1003.0,2026-10-30
SHOP_001,C0663,T13284,767.0,2026-10-30
SHOP_001,C0943,T13285,380.0,2026-10-30
SHOP_001,C0497,T13286,675.0,2026-10-30
SHOP_001,C0435,T13287,477.0,2026-10-30
SHOP_001,C0407,T13288,634.0,2026-10-30
SHOP_001,C0777,T13289,532.0,2026-10-30
SHOP_001,C0940,T13290,679.0,2026-10-30
SHOP_001,C0435,T13291,914.0,2026-10-30
SHOP_001,C0567,T13292,381.0,2026-10-30
SHOP_001,C0891,T13293,912.0,2026-10-30
SHOP_001,C0019,T13294,747.0,2026-10-30
SHOP_001,C0105,T13295,569.0,2026-10-30
SHOP_001,C0706,T13296,764.0,2026-10-30
SHOP_001,C0721,T13297,316.0,2026-10-30
SHOP_001,C0143,T13298,261.0,2026-10-30
SHOP_001,C0803,T13299,376.0,2026-10-30
SHOP_001,C0991,T13300,650.0,2026-10-30
SHOP_001,C0027,T13301,694.0,2026-10-30
SHOP_001,C0014,T13302,1073.0,2026-10-30
SHOP_001,C0181,T13303,557.0,2026-10-30
SHOP_001,C0671,T13304,853.0,2026-10-31
SHOP_001,C0588,T13305,383.0,2026-10-31
SHOP_001,C0621,T13306,523.0,2026-10-31
SHOP_001,C0199,T13307,789.0,2026-10-31
SHOP_001,C0211,T13308,544.0,2026-10-31
SHOP_001,C0466,T13309,859.0,2026-10-31
SHOP_001,C0710,T13310,474.0,2026-10-31
SHOP_001,C0549,T13311,1006.0,2026-10-31
SHOP_001,C0771,T13312,792.0,2026-10-31
SHOP_001,C0517,T13313,840.0,2026-10-31
SHOP_001,C0854,T13314,394.0,2026-10-31
SHOP_001,C0943,T13315,317.0,2026-10-31
SHOP_001,C0456,T13316,383.0,2026-10-31
SHOP_001,C0900,T13317,1003.0,2026-10-31
SHOP_001,C0927,T13318,334.0,2026-10-31
SHOP_001,C0227,T13319,643.0,2026-10-31
SHOP_001,C0066,T13320,348.0,2026-10-31
SHOP_001,C0263,T13321,637.0,2026-10-31
SHOP_001,C0852,T13322,748.0,2026-10-31
SHOP_001,C0235,T13323,832.0,2026-10-31
SHOP_001,C0967,T13324,763.0,2026-10-31
SHOP_001,C0106,T13325,502.0,2026-10-31
SHOP_001,C0899,T13326,405.0,2026-10-31
SHOP_001,C0557,T13327,425.0,2026-10-31
SHOP_001,C0753,T13328,715.0,2026-10-31
SHOP_001,C0901,T13329,282.0,2026-10-31
SHOP_001,C0690,T13330,746.0,2026-10-31
SHOP_001,C0763,T13331,469.0,2026-10-31
SHOP_001,C0158,T13332,413.0,2026-10-31
SHOP_001,C0277,T13333,527.0,2026-10-31
SHOP_001,C0679,T13334,752.0,2026-10-31
SHOP_001,C0456,T13335,554.0,2026-10-31
SHOP_001,C0703,T13336,572.0,2026-10-31
SHOP_001,C0015,T13337,573.0,2026-10-31
SHOP_001,C0583,T13338,436.0,2026-10-31
SHOP_001,C0670,T13339,267.0,2026-11-01
SHOP_001,C0227,T13340,383.0,2026-11-01
SHOP_001,C0140,T13341,502.0,2026-11-01
SHOP_001,C0490,T13342,577.0,2026-11-01
SHOP_001,C0386,T13343,829.0,2026-11-01
SHOP_001,C0077,T13344,805.0,2026-11-01
SHOP_001,C0940,T13345,853.0,2026-11-01
SHOP_001,C0375,T13346,609.0,2026-11-01
SHOP_001,C0590,T13347,612.0,2026-11-01
SHOP_001,C0460,T13348,375.0,2026-11-01
SHOP_001,C0710,T13349,526.0,2026-11-01
SHOP_001,C0737,T13350,467.0,2026-11-01
SHOP_001,C0457,T13351,333.0,2026-11-01
SHOP_001,C0724,T13352,477.0,2026-11-01
SHOP_001,C0114,T13353,623.0,2026-11-01
SHOP_001,C0019,T13354,826.0,2026-11-01
SHOP_001,C0477,T13355,466.0,2026-11-01
SHOP_001,C0901,T13356,663.0,2026-11-01
SHOP_001,C0869,T13357,502.0,2026-11-01
SHOP_001,C0903,T13358,374.0,2026-11-01
SHOP_001,C0854,T13359,406.0,2026-11-01
SHOP_001,C0809,T13360,707.0,2026-11-01
SHOP_001,C0802,T13361,1212.0,2026-11-01
SHOP_001,C0806,T13362,410.0,2026-11-01
SHOP_001,C0901,T13363,603.0,2026-11-01
SHOP_001,C0767,T13364,236.0,2026-11-01
SHOP_001,C0237,T13365,661.0,2026-11-01
SHOP_001,C0908,T13366,252.0,2026-11-01
SHOP_001,C0438,T13367,431.0,2026-11-01
SHOP_001,C0378,T13368,991.0,2026-11-01
SHOP_001,C0468,T13369,671.0,2026-11-01
SHOP_001,C0645,T13370,653.0,2026-11-01
SHOP_001,C0433,T13371,654.0,2026-11-01
SHOP_001,C0435,T13372,743.0,2026-11-01
SHOP_001,C0323,T13373,926.0,2026-11-01
SHOP_001,C0498,T13374,910.0,2026-11-01
SHOP_001,C0529,T13375,674.0,2026-11-01
SHOP_001,C0919,T13376,714.0,2026-11-02
SHOP_001,C0841,T13377,708.0,2026-11-02
SHOP_001,C0323,T13378,591.0,2026-11-02
SHOP_001,C0719,T13379,439.0,2026-11-02
SHOP_001,C0924,T13380,291.0,2026-11-02
SHOP_001,C0426,T13381,355.0,2026-11-02
SHOP_001,C0489,T13382,927.0,2026-11-02
SHOP_001,C0785,T13383,516.0,2026-11-02
SHOP_001,C0305,T13384,1020.0,2026-11-02
SHOP_001,C0403,T13385,408.0,2026-11-02
SHOP_001,C0355,T13386,347.0,2026-11-02
SHOP_001,C0913,T13387,649.0,2026-11-02
SHOP_001,C0227,T13388,642.0,2026-11-02
SHOP_001,C0891,T13389,618.0,2026-11-02
SHOP_001,C0183,T13390,764.0,2026-11-02
SHOP_001,C0586,T13391,628.0,2026-11-02
SHOP_001,C0315,T13392,510.0,2026-11-02
SHOP_001,C0242,T13393,667.0,2026-11-02
SHOP_001,C0227,T13394,646.0,2026-11-02
SHOP_001,C0626,T13395,592.0,2026-11-02
SHOP_001,C0950,T13396,763.0,2026-11-02
SHOP_001,C0714,T13397,676.0,2026-11-02
SHOP_001,C0735,T13398,280.0,2026-11-02
SHOP_001,C0112,T13399,829.0,2026-11-02
SHOP_001,C0426,T13400,346.0,2026-11-02
SHOP_001,C0352,T13401,381.0,2026-11-03
SHOP_001,C0719,T13402,202.0,2026-11-03
SHOP_001,C0139,T13403,325.0,2026-11-03
SHOP_001,C0718,T13404,542.0,2026-11-03
SHOP_001,C0446,T13405,398.0,2026-11-03
SHOP_001,C0681,T13406,296.0,2026-11-03
SHOP_001,C0711,T13407,570.0,2026-11-03
SHOP_001,C0540,T13408,619.0,2026-11-03
SHOP_001,C0943,T13409,360.0,2026-11-03
SHOP_001,C0562,T13410,649.0,2026-11-03
SHOP_001,C0891,T13411,678.0,2026-11-03
SHOP_001,C0451,T13412,387.0,2026-11-03
SHOP_001,C0621,T13413,756.0,2026-11-03
SHOP_001,C0741,T13414,513.0,2026-11-03
SHOP_001,C0668,T13415,324.0,2026-11-03
SHOP_001,C0408,T13416,511.0,2026-11-03
SHOP_001,C0901,T13417,432.0,2026-11-03
SHOP_001,C0841,T13418,621.0,2026-11-03
SHOP_001,C0355,T13419,329.0,2026-11-03
SHOP_001,C0908,T13420,427.0,2026-11-03
SHOP_001,C0940,T13421,308.0,2026-11-03
SHOP_001,C0456,T13422,379.0,2026-11-03
SHOP_001,C0230,T13423,457.0,2026-11-03
SHOP_001,C0026,T13424,604.0,2026-11-03
SHOP_001,C0763,T13425,553.0,2026-11-03
SHOP_001,C0139,T13426,440.0,2026-11-03
SHOP_001,C0839,T13427,1192.0,2026-11-03
SHOP_001,C0345,T13428,839.0,2026-11-03
SHOP_001,C0932,T13429,305.0,2026-11-03
SHOP_001,C0158,T13430,902.0,2026-11-03
SHOP_001,C0966,T13431,788.0,2026-11-03
SHOP_001,C0672,T13432,561.0,2026-11-03
SHOP_001,C0468,T13433,1113.0,2026-11-03
SHOP_001,C0499,T13434,417.0,2026-11-03
SHOP_001,C0362,T13435,764.0,2026-11-03
SHOP_001,C0451,T13436,533.0,2026-11-03
SHOP_001,C0917,T13437,360.0,2026-11-03
SHOP_001,C0928,T13438,597.0,2026-11-03
SHOP_001,C0562,T13439,503.0,2026-11-04
SHOP_001,C0084,T13440,877.0,2026-11-04
SHOP_001,C0174,T13441,540.0,2026-11-04
SHOP_001,C0490,T13442,405.0,2026-11-04
SHOP_001,C0724,T13443,584.0,2026-11-04
SHOP_001,C0379,T13444,584.0,2026-11-04
SHOP_001,C0683,T13445,264.0,2026-11-04
SHOP_001,C0089,T13446,353.0,2026-11-04
SHOP_001,C0809,T13447,739.0,2026-11-04
SHOP_001,C0031,T13448,447.0,2026-11-04
SHOP_001,C0882,T13449,271.0,2026-11-04
SHOP_001,C0129,T13450,527.0,2026-11-04
SHOP_001,C0693,T13451,990.0,2026-11-04
SHOP_001,C0635,T13452,266.0,2026-11-04
SHOP_001,C0604,T13453,360.0,2026-11-04
SHOP_001,C0388,T13454,946.0,2026-11-04
SHOP_001,C0728,T13455,465.0,2026-11-04
SHOP_001,C0153,T13456,690.0,2026-11-04
SHOP_001,C0418,T13457,438.0,2026-11-04
SHOP_001,C0771,T13458,618.0,2026-11-04
SHOP_001,C0408,T13459,604.0,2026-11-04
SHOP_001,C0049,T13460,760.0,2026-11-04
SHOP_001,C0301,T13461,708.0,2026-11-04
SHOP_001,C0768,T13462,678.0,2026-11-04
SHOP_001,C0407,T13463,467.0,2026-11-05
SHOP_001,C0183,T13464,644.0,2026-11-05
SHOP_001,C0648,T13465,626.0,2026-11-05
SHOP_001,C0917,T13466,388.0,2026-11-05
SHOP_001,C0663,T13467,621.0,2026-11-05
SHOP_001,C0946,T13468,566.0,2026-11-05
SHOP_001,C0112,T13469,675.0,2026-11-05
SHOP_001,C0718,T13470,425.0,2026-11-05
SHOP_001,C0719,T13471,302.0,2026-11-05
SHOP_001,C0801,T13472,806.0,2026-11-05
SHOP_001,C0809,T13473,418.0,2026-11-05
SHOP_001,C0997,T13474,634.0,2026-11-05
SHOP_001,C0761,T13475,417.0,2026-11-05
SHOP_001,C0320,T13476,402.0,2026-11-05
SHOP_001,C0839,T13477,535.0,2026-11-05
SHOP_001,C0035,T13478,451.0,2026-11-05
SHOP_001,C0681,T13479,280.0,2026-11-05
SHOP_001,C0285,T13480,650.0,2026-11-05
SHOP_001,C0199,T13481,537.0,2026-11-05
SHOP_001,C0129,T13482,389.0,2026-11-05
SHOP_001,C0199,T13483,346.0,2026-11-05
SHOP_001,C0144,T13484,836.0,2026-11-05
SHOP_001,C0446,T13485,442.0,2026-11-05
SHOP_001,C0078,T13486,459.0,2026-11-05
SHOP_001,C0466,T13487,698.0,2026-11-05
SHOP_001,C0890,T13488,848.0,2026-11-05
SHOP_001,C0394,T13489,556.0,2026-11-05
SHOP_001,C0901,T13490,293.0,2026-11-06
SHOP_001,C0024,T13491,478.0,2026-11-06
SHOP_001,C0035,T13492,470.0,2026-11-06
SHOP_001,C0282,T13493,433.0,2026-11-06
SHOP_001,C0931,T13494,385.0,2026-11-06
SHOP_001,C0963,T13495,586.0,2026-11-06
SHOP_001,C0841,T13496,972.0,2026-11-06
SHOP_001,C0932,T13497,470.0,2026-11-06
SHOP_001,C0466,T13498,787.0,2026-11-06
SHOP_001,C0355,T13499,906.0,2026-11-06
SHOP_001,C0438,T13500,630.0,2026-11-06
SHOP_001,C0769,T13501,632.0,2026-11-06
SHOP_001,C0307,T13502,629.0,2026-11-06
SHOP_001,C0768,T13503,617.0,2026-11-06
SHOP_001,C0524,T13504,390.0,2026-11-06
SHOP_001,C0142,T13505,385.0,2026-11-06
SHOP_001,C0694,T13506,884.0,2026-11-06
SHOP_001,C0183,T13507,820.0,2026-11-06
SHOP_001,C0997,T13508,1139.0,2026-11-06
SHOP_001,C0831,T13509,590.0,2026-11-06
SHOP_001,C0793,T13510,625.0,2026-11-06
SHOP_001,C0530,T13511,358.0,2026-11-06
SHOP_001,C0626,T13512,1019.0,2026-11-06
SHOP_001,C0217,T13513,411.0,2026-11-06
SHOP_001,C0066,T13514,555.0,2026-11-06
SHOP_001,C0158,T13515,358.0,2026-11-06
SHOP_001,C0355,T13516,659.0,2026-11-06
SHOP_001,C0294,T13517,262.0,2026-11-06
SHOP_001,C0860,T13518,392.0,2026-11-06
SHOP_001,C0228,T13519,1058.0,2026-11-06
SHOP_001,C0805,T13520,502.0,2026-11-06
SHOP_001,C0468,T13521,883.0,2026-11-06
SHOP_001,C0908,T13522,413.0,2026-11-06
SHOP_001,C0773,T13523,633.0,2026-11-07
SHOP_001,C0064,T13524,662.0,2026-11-07
SHOP_001,C0205,T13525,754.0,2026-11-07
SHOP_001,C0822,T13526,513.0,2026-11-07
SHOP_001,C0213,T13527,433.0,2026-11-07
SHOP_001,C0129,T13528,406.0,2026-11-07
SHOP_001,C0030,T13529,614.0,2026-11-07
SHOP_001,C0625,T13530,509.0,2026-11-07
SHOP_001,C0973,T13531,506.0,2026-11-07
SHOP_001,C0343,T13532,418.0,2026-11-07
SHOP_001,C0707,T13533,1399.0,2026-11-07
SHOP_001,C0166,T13534,491.0,2026-11-07
SHOP_001,C0809,T13535,562.0,2026-11-07
SHOP_001,C0478,T13536,435.0,2026-11-07
SHOP_001,C0693,T13537,722.0,2026-11-07
SHOP_001,C0163,T13538,682.0,2026-11-07
SHOP_001,C0592,T13539,1280.0,2026-11-07
SHOP_001,C0352,T13540,718.0,2026-11-07
SHOP_001,C0019,T13541,548.0,2026-11-07
SHOP_001,C0799,T13542,1277.0,2026-11-07
SHOP_001,C0112,T13543,734.0,2026-11-07
SHOP_001,C0889,T13544,1097.0,2026-11-07
SHOP_001,C0539,T13545,822.0,2026-11-07
SHOP_001,C0407,T13546,553.0,2026-11-07
SHOP_001,C0591,T13547,1132.0,2026-11-07
SHOP_001,C0498,T13548,1005.0,2026-11-07
SHOP_001,C0665,T13549,324.0,2026-11-07
SHOP_001,C0017,T13550,999.0,2026-11-07
SHOP_001,C0690,T13551,420.0,2026-11-07
SHOP_001,C0417,T13552,437.0,2026-11-07
SHOP_001,C0741,T13553,190.0,2026-11-07
SHOP_001,C0524,T13554,509.0,2026-11-07
SHOP_001,C0280,T13555,338.0,2026-11-07
SHOP_001,C0019,T13556,847.0,2026-11-07
SHOP_001,C0912,T13557,767.0,2026-11-07
SHOP_001,C0224,T13558,795.0,2026-11-07
SHOP_001,C0492,T13559,800.0,2026-11-07
SHOP_001,C0109,T13560,960.0,2026-11-07
SHOP_001,C0066,T13561,578.0,2026-11-07
SHOP_001,C0855,T13562,729.0,2026-11-07
SHOP_001,C0195,T13563,490.0,2026-11-07
SHOP_001,C0723,T13564,431.0,2026-11-07
SHOP_001,C0803,T13565,340.0,2026-11-07
SHOP_001,C0084,T13566,434.0,2026-11-08
SHOP_001,C0178,T13567,583.0,2026-11-08
SHOP_001,C0019,T13568,634.0,2026-11-08
SHOP_001,C0882,T13569,498.0,2026-11-08
SHOP_001,C0873,T13570,748.0,2026-11-08
SHOP_001,C0498,T13571,820.0,2026-11-08
SHOP_001,C0933,T13572,1008.0,2026-11-08
SHOP_001,C0295,T13573,491.0,2026-11-08
SHOP_001,C0902,T13574,445.0,2026-11-08
SHOP_001,C0761,T13575,385.0,2026-11-08
SHOP_001,C0677,T13576,862.0,2026-11-08
SHOP_001,C0593,T13577,338.0,2026-11-08
SHOP_001,C0105,T13578,780.0,2026-11-08
SHOP_001,C0758,T13579,944.0,2026-11-08
SHOP_001,C0691,T13580,603.0,2026-11-08
SHOP_001,C0354,T13581,928.0,2026-11-08
SHOP_001,C0753,T13582,556.0,2026-11-08
SHOP_001,C0471,T13583,597.0,2026-11-08
SHOP_001,C0167,T13584,1661.0,2026-11-08
SHOP_001,C0592,T13585,812.0,2026-11-08
SHOP_001,C0495,T13586,481.0,2026-11-08
SHOP_001,C0703,T13587,290.0,2026-11-08
SHOP_001,C0569,T13588,683.0,2026-11-08
SHOP_001,C0665,T13589,518.0,2026-11-08
SHOP_001,C0985,T13590,675.0,2026-11-08
SHOP_001,C0993,T13591,1020.0,2026-11-08
SHOP_001,C0129,T13592,498.0,2026-11-08
SHOP_001,C0109,T13593,645.0,2026-11-08
SHOP_001,C0761,T13594,394.0,2026-11-08
SHOP_001,C0353,T13595,575.0,2026-11-08
SHOP_001,C0767,T13596,406.0,2026-11-08
SHOP_001,C0229,T13597,628.0,2026-11-08
SHOP_001,C0590,T13598,963.0,2026-11-08
SHOP_001,C0897,T13599,826.0,2026-11-08
SHOP_001,C0515,T13600,716.0,2026-11-08
SHOP_001,C0979,T13601,978.0,2026-11-08
SHOP_001,C0271,T13602,460.0,2026-11-08
SHOP_001,C0400,T13603,655.0,2026-11-09
SHOP_001,C0588,T13604,393.0,2026-11-09
SHOP_001,C0315,T13605,1407.0,2026-11-09
SHOP_001,C0927,T13606,411.0,2026-11-09
SHOP_001,C0685,T13607,154.0,2026-11-09
SHOP_001,C0473,T13608,467.0,2026-11-09
SHOP_001,C0679,T13609,690.0,2026-11-09
SHOP_001,C0438,T13610,166.0,2026-11-09
SHOP_001,C0217,T13611,393.0,2026-11-09
SHOP_001,C0723,T13612,410.0,2026-11-09
SHOP_001,C0648,T13613,373.0,2026-11-09
SHOP_001,C0893,T13614,588.0,2026-11-09
SHOP_001,C0590,T13615,466.0,2026-11-09
SHOP_001,C0258,T13616,314.0,2026-11-09
SHOP_001,C0693,T13617,681.0,2026-11-09
SHOP_001,C0097,T13618,713.0,2026-11-09
SHOP_001,C0077,T13619,834.0,2026-11-09
SHOP_001,C0835,T13620,582.0,2026-11-09
SHOP_001,C0300,T13621,527.0,2026-11-09
SHOP_001,C0713,T13622,665.0,2026-11-09
SHOP_001,C0142,T13623,302.0,2026-11-09
SHOP_001,C0626,T13624,501.0,2026-11-09
SHOP_001,C0523,T13625,757.0,2026-11-09
SHOP_001,C0961,T13626,499.0,2026-11-09
SHOP_001,C0359,T13627,1114.0,2026-11-09
SHOP_001,C0556,T13628,507.0,2026-11-10
SHOP_001,C0891,T13629,545.0,2026-11-10
SHOP_001,C0714,T13630,438.0,2026-11-10
SHOP_001,C0943,T13631,731.0,2026-11-10
SHOP_001,C0507,T13632,706.0,2026-11-10
SHOP_001,C0718,T13633,753.0,2026-11-10
SHOP_001,C0496,T13634,392.0,2026-11-10
SHOP_001,C0732,T13635,276.0,2026-11-10
SHOP_001,C0995,T13636,487.0,2026-11-10
SHOP_001,C0201,T13637,569.0,2026-11-10
SHOP_001,C0723,T13638,383.0,2026-11-10
SHOP_001,C0088,T13639,458.0,2026-11-10
SHOP_001,C0442,T13640,339.0,2026-11-10
SHOP_001,C0997,T13641,837.0,2026-11-10
SHOP_001,C0881,T13642,219.0,2026-11-10
SHOP_001,C0116,T13643,482.0,2026-11-10
SHOP_001,C0019,T13644,590.0,2026-11-10
SHOP_001,C0560,T13645,468.0,2026-11-10
SHOP_001,C0967,T13646,621.0,2026-11-10
SHOP_001,C0584,T13647,658.0,2026-11-10
SHOP_001,C0802,T13648,837.0,2026-11-10
SHOP_001,C0248,T13649,596.0,2026-11-10
SHOP_001,C0685,T13650,576.0,2026-11-10
SHOP_001,C0248,T13651,729.0,2026-11-10
SHOP_001,C0294,T13652,612.0,2026-11-11
SHOP_001,C0144,T13653,478.0,2026-11-11
SHOP_001,C0476,T13654,507.0,2026-11-11
SHOP_001,C0352,T13655,643.0,2026-11-11
SHOP_001,C0333,T13656,441.0,2026-11-11
SHOP_001,C0097,T13657,681.0,2026-11-11
SHOP_001,C0900,T13658,952.0,2026-11-11
SHOP_001,C0570,T13659,1431.0,2026-11-11
SHOP_001,C0504,T13660,594.0,2026-11-11
SHOP_001,C0636,T13661,1404.0,2026-11-11
SHOP_001,C0949,T13662,543.0,2026-11-11
SHOP_001,C0949,T13663,611.0,2026-11-11
SHOP_001,C0214,T13664,421.0,2026-11-11
SHOP_001,C0817,T13665,852.0,2026-11-11
SHOP_001,C0665,T13666,554.0,2026-11-11
SHOP_001,C0396,T13667,560.0,2026-11-11
SHOP_001,C0460,T13668,316.0,2026-11-11
SHOP_001,C0070,T13669,398.0,2026-11-11
SHOP_001,C0579,T13670,382.0,2026-11-11
SHOP_001,C0255,T13671,552.0,2026-11-11
SHOP_001,C0956,T13672,624.0,2026-11-11
SHOP_001,C0585,T13673,574.0,2026-11-11
SHOP_001,C0768,T13674,987.0,2026-11-11
SHOP_001,C0966,T13675,404.0,2026-11-11
SHOP_001,C0784,T13676,802.0,2026-11-11
SHOP_001,C0433,T13677,566.0,2026-11-11
SHOP_001,C0224,T13678,688.0,2026-11-12
SHOP_001,C0266,T13679,256.0,2026-11-12
SHOP_001,C0624,T13680,787.0,2026-11-12
SHOP_001,C0670,T13681,614.0,2026-11-12
SHOP_001,C0097,T13682,622.0,2026-11-12
SHOP_001,C0961,T13683,363.0,2026-11-12
SHOP_001,C0999,T13684,581.0,2026-11-12
SHOP_001,C0753,T13685,736.0,2026-11-12
SHOP_001,C0456,T13686,251.0,2026-11-12
SHOP_001,C0881,T13687,588.0,2026-11-12
SHOP_001,C0140,T13688,427.0,2026-11-12
SHOP_001,C0420,T13689,781.0,2026-11-12
SHOP_001,C0761,T13690,422.0,2026-11-12
SHOP_001,C0862,T13691,539.0,2026-11-12
SHOP_001,C0030,T13692,672.0,2026-11-12
SHOP_001,C0277,T13693,351.0,2026-11-12
SHOP_001,C0011,T13694,1041.0,2026-11-12
SHOP_001,C0227,T13695,313.0,2026-11-12
SHOP_001,C0524,T13696,518.0,2026-11-12
SHOP_001,C0233,T13697,685.0,2026-11-12
SHOP_001,C0506,T13698,439.0,2026-11-12
SHOP_001,C0159,T13699,609.0,2026-11-12
SHOP_001,C0315,T13700,706.0,2026-11-12
SHOP_001,C0097,T13701,838.0,2026-11-12
SHOP_001,C0078,T13702,406.0,2026-11-12
SHOP_001,C0648,T13703,545.0,2026-11-12
SHOP_001,C0205,T13704,880.0,2026-11-12
SHOP_001,C0539,T13705,727.0,2026-11-12
SHOP_001,C0931,T13706,350.0,2026-11-12
SHOP_001,C0745,T13707,314.0,2026-11-12
SHOP_001,C0105,T13708,936.0,2026-11-12
SHOP_001,C0648,T13709,389.0,2026-11-12
SHOP_001,C0106,T13710,472.0,2026-11-12
SHOP_001,C0498,T13711,934.0,2026-11-13
SHOP_001,C0522,T13712,835.0,2026-11-13
SHOP_001,C0805,T13713,780.0,2026-11-13
SHOP_001,C0595,T13714,668.0,2026-11-13
SHOP_001,C0409,T13715,365.0,2026-11-13
SHOP_001,C0979,T13716,616.0,2026-11-13
SHOP_001,C0126,T13717,490.0,2026-11-13
SHOP_001,C0201,T13718,468.0,2026-11-13
SHOP_001,C0685,T13719,348.0,2026-11-13
SHOP_001,C0869,T13720,574.0,2026-11-13
SHOP_001,C0987,T13721,680.0,2026-11-13
SHOP_001,C0737,T13722,421.0,2026-11-13
SHOP_001,C0590,T13723,966.0,2026-11-13
SHOP_001,C0362,T13724,1723.0,2026-11-13
SHOP_001,C0530,T13725,336.0,2026-11-13
SHOP_001,C0967,T13726,498.0,2026-11-13
SHOP_001,C0435,T13727,842.0,2026-11-13
SHOP_001,C0325,T13728,1091.0,2026-11-13
SHOP_001,C0933,T13729,289.0,2026-11-13
SHOP_001,C0929,T13730,734.0,2026-11-13
SHOP_001,C0966,T13731,747.0,2026-11-13
SHOP_001,C0174,T13732,543.0,2026-11-13
SHOP_001,C0373,T13733,640.0,2026-11-13
SHOP_001,C0990,T13734,455.0,2026-11-13
SHOP_001,C0476,T13735,275.0,2026-11-13
SHOP_001,C0930,T13736,602.0,2026-11-13
SHOP_001,C0555,T13737,563.0,2026-11-13
SHOP_001,C0409,T13738,584.0,2026-11-13
SHOP_001,C0026,T13739,779.0,2026-11-13
SHOP_001,C0202,T13740,697.0,2026-11-13
SHOP_001,C0197,T13741,649.0,2026-11-13
SHOP_001,C0224,T13742,692.0,2026-11-13
SHOP_001,C0495,T13743,913.0,2026-11-13
SHOP_001,C0031,T13744,368.0,2026-11-13
SHOP_001,C0401,T13745,879.0,2026-11-13
SHOP_001,C0685,T13746,319.0,2026-11-13
SHOP_001,C0808,T13747,677.0,2026-11-13
SHOP_001,C0678,T13748,430.0,2026-11-13
SHOP_001,C0315,T13749,981.0,2026-11-14
SHOP_001,C0854,T13750,438.0,2026-11-14
SHOP_001,C0446,T13751,390.0,2026-11-14
SHOP_001,C0378,T13752,542.0,2026-11-14
SHOP_001,C0767,T13753,400.0,2026-11-14
SHOP_001,C0744,T13754,396.0,2026-11-14
SHOP_001,C0065,T13755,543.0,2026-11-14
SHOP_001,C0873,T13756,633.0,2026-11-14
SHOP_001,C0070,T13757,499.0,2026-11-14
SHOP_001,C0426,T13758,487.0,2026-11-14
SHOP_001,C0987,T13759,454.0,2026-11-14
SHOP_001,C0705,T13760,562.0,2026-11-14
SHOP_001,C0277,T13761,608.0,2026-11-14
SHOP_001,C0515,T13762,596.0,2026-11-14
SHOP_001,C0669,T13763,420.0,2026-11-14
SHOP_001,C0775,T13764,565.0,2026-11-14
SHOP_001,C0097,T13765,673.0,2026-11-14
SHOP_001,C0512,T13766,524.0,2026-11-14
SHOP_001,C0901,T13767,599.0,2026-11-14
SHOP_001,C0718,T13768,408.0,2026-11-14
SHOP_001,C0362,T13769,1123.0,2026-11-14
SHOP_001,C0030,T13770,839.0,2026-11-14
SHOP_001,C0271,T13771,695.0,2026-11-14
SHOP_001,C0227,T13772,339.0,2026-11-14
SHOP_001,C0353,T13773,760.0,2026-11-14
SHOP_001,C0372,T13774,452.0,2026-11-14
SHOP_001,C0478,T13775,731.0,2026-11-14
SHOP_001,C0780,T13776,987.0,2026-11-14
SHOP_001,C0468,T13777,712.0,2026-11-15
SHOP_001,C0353,T13778,605.0,2026-11-15
SHOP_001,C0186,T13779,283.0,2026-11-15
SHOP_001,C0109,T13780,389.0,2026-11-15
SHOP_001,C0129,T13781,538.0,2026-11-15
SHOP_001,C0242,T13782,787.0,2026-11-15
SHOP_001,C0213,T13783,333.0,2026-11-15
SHOP_001,C0842,T13784,666.0,2026-11-15
SHOP_001,C0295,T13785,783.0,2026-11-15
SHOP_001,C0797,T13786,549.0,2026-11-15
SHOP_001,C0029,T13787,718.0,2026-11-15
SHOP_001,C0098,T13788,951.0,2026-11-15
SHOP_001,C0323,T13789,517.0,2026-11-15
SHOP_001,C0768,T13790,925.0,2026-11-15
SHOP_001,C0105,T13791,566.0,2026-11-15
SHOP_001,C0261,T13792,542.0,2026-11-15
SHOP_001,C0379,T13793,399.0,2026-11-15
SHOP_001,C0475,T13794,1146.0,2026-11-15
SHOP_001,C0216,T13795,487.0,2026-11-15
SHOP_001,C0213,T13796,405.0,2026-11-15
SHOP_001,C0505,T13797,439.0,2026-11-15
SHOP_001,C0359,T13798,539.0,2026-11-15
SHOP_001,C0396,T13799,664.0,2026-11-15
SHOP_001,C0518,T13800,331.0,2026-11-15
SHOP_001,C0469,T13801,582.0,2026-11-15
SHOP_001,C0579,T13802,500.0,2026-11-15
SHOP_001,C0924,T13803,779.0,2026-11-15
SHOP_001,C0156,T13804,427.0,2026-11-15
SHOP_001,C0030,T13805,433.0,2026-11-15
SHOP_001,C0349,T13806,897.0,2026-11-15
SHOP_001,C0219,T13807,700.0,2026-11-15
SHOP_001,C0150,T13808,519.0,2026-11-15
SHOP_001,C0901,T13809,600.0,2026-11-15
SHOP_001,C0066,T13810,321.0,2026-11-15
SHOP_001,C0121,T13811,1114.0,2026-11-15
SHOP_001,C0218,T13812,1237.0,2026-11-15
SHOP_001,C0142,T13813,457.0,2026-11-15
SHOP_001,C0049,T13814,468.0,2026-11-15
SHOP_001,C0143,T13815,502.0,2026-11-15
SHOP_001,C0699,T13816,561.0,2026-11-15
SHOP_001,C0490,T13817,457.0,2026-11-15
SHOP_001,C0066,T13818,585.0,2026-11-15
SHOP_001,C0737,T13819,863.0,2026-11-15
SHOP_001,C0784,T13820,1041.0,2026-11-15
SHOP_001,C0943,T13821,403.0,2026-11-15
SHOP_001,C0123,T13822,403.0,2026-11-16
SHOP_001,C0721,T13823,430.0,2026-11-16
SHOP_001,C0707,T13824,1065.0,2026-11-16
SHOP_001,C0562,T13825,585.0,2026-11-16
SHOP_001,C0628,T13826,562.0,2026-11-16
SHOP_001,C0714,T13827,893.0,2026-11-16
SHOP_001,C0073,T13828,603.0,2026-11-16
SHOP_001,C0732,T13829,599.0,2026-11-16
SHOP_001,C0749,T13830,309.0,2026-11-16
SHOP_001,C0530,T13831,476.0,2026-11-16
SHOP_001,C0084,T13832,726.0,2026-11-16
SHOP_001,C0109,T13833,562.0,2026-11-16
SHOP_001,C0083,T13834,426.0,2026-11-16
SHOP_001,C0097,T13835,530.0,2026-11-16
SHOP_001,C0736,T13836,934.0,2026-11-16
SHOP_001,C0227,T13837,391.0,2026-11-16
SHOP_001,C0273,T13838,482.0,2026-11-16
SHOP_001,C0325,T13839,768.0,2026-11-16
SHOP_001,C0013,T13840,935.0,2026-11-16
SHOP_001,C0940,T13841,316.0,2026-11-16
SHOP_001,C0580,T13842,555.0,2026-11-16
SHOP_001,C0071,T13843,435.0,2026-11-16
SHOP_001,C0609,T13844,546.0,2026-11-16
SHOP_001,C0943,T13845,796.0,2026-11-16
SHOP_001,C0874,T13846,624.0,2026-11-16
SHOP_001,C0539,T13847,506.0,2026-11-16
SHOP_001,C0808,T13848,429.0,2026-11-16
SHOP_001,C0199,T13849,422.0,2026-11-16
SHOP_001,C0227,T13850,246.0,2026-11-17
SHOP_001,C0681,T13851,530.0,2026-11-17
SHOP_001,C0723,T13852,339.0,2026-11-17
SHOP_001,C0426,T13853,287.0,2026-11-17
SHOP_001,C0290,T13854,527.0,2026-11-17
SHOP_001,C0622,T13855,631.0,2026-11-17
SHOP_001,C0359,T13856,520.0,2026-11-17
SHOP_001,C0872,T13857,1346.0,2026-11-17
SHOP_001,C0933,T13858,348.0,2026-11-17
SHOP_001,C0372,T13859,614.0,2026-11-17
SHOP_001,C0918,T13860,636.0,2026-11-17
SHOP_001,C0515,T13861,847.0,2026-11-17
SHOP_001,C0285,T13862,296.0,2026-11-17
SHOP_001,C0144,T13863,508.0,2026-11-17
SHOP_001,C0370,T13864,254.0,2026-11-17
SHOP_001,C0329,T13865,310.0,2026-11-17
SHOP_001,C0777,T13866,604.0,2026-11-17
SHOP_001,C0011,T13867,434.0,2026-11-17
SHOP_001,C0846,T13868,417.0,2026-11-17
SHOP_001,C0525,T13869,421.0,2026-11-17
SHOP_001,C0368,T13870,1062.0,2026-11-17
SHOP_001,C0660,T13871,336.0,2026-11-17
SHOP_001,C0763,T13872,757.0,2026-11-17
SHOP_001,C0476,T13873,259.0,2026-11-17
SHOP_001,C0528,T13874,467.0,2026-11-17
SHOP_001,C0703,T13875,301.0,2026-11-17
SHOP_001,C0030,T13876,305.0,2026-11-17
SHOP_001,C0111,T13877,316.0,2026-11-17
SHOP_001,C0657,T13878,637.0,2026-11-18
SHOP_001,C0873,T13879,863.0,2026-11-18
SHOP_001,C0295,T13880,417.0,2026-11-18
SHOP_001,C0254,T13881,398.0,2026-11-18
SHOP_001,C0728,T13882,604.0,2026-11-18
SHOP_001,C0628,T13883,716.0,2026-11-18
SHOP_001,C0622,T13884,783.0,2026-11-18
SHOP_001,C0848,T13885,828.0,2026-11-18
SHOP_001,C0802,T13886,1235.0,2026-11-18
SHOP_001,C0204,T13887,738.0,2026-11-18
SHOP_001,C0308,T13888,575.0,2026-11-18
SHOP_001,C0412,T13889,379.0,2026-11-18
SHOP_001,C0838,T13890,581.0,2026-11-18
SHOP_001,C0701,T13891,599.0,2026-11-18
SHOP_001,C0753,T13892,681.0,2026-11-18
SHOP_001,C0105,T13893,566.0,2026-11-18
SHOP_001,C0578,T13894,240.0,2026-11-18
SHOP_001,C0710,T13895,727.0,2026-11-18
SHOP_001,C0554,T13896,620.0,2026-11-18
SHOP_001,C0446,T13897,643.0,2026-11-18
SHOP_001,C0880,T13898,590.0,2026-11-18
SHOP_001,C0123,T13899,558.0,2026-11-18
SHOP_001,C0813,T13900,428.0,2026-11-18
SHOP_001,C0671,T13901,647.0,2026-11-18
SHOP_001,C0849,T13902,614.0,2026-11-18
SHOP_001,C0174,T13903,502.0,2026-11-18
SHOP_001,C0992,T13904,947.0,2026-11-18
SHOP_001,C0451,T13905,530.0,2026-11-18
SHOP_001,C0780,T13906,597.0,2026-11-18
SHOP_001,C0716,T13907,661.0,2026-11-19
SHOP_001,C0648,T13908,304.0,2026-11-19
SHOP_001,C0901,T13909,697.0,2026-11-19
SHOP_001,C0670,T13910,357.0,2026-11-19
SHOP_001,C0458,T13911,966.0,2026-11-19
SHOP_001,C0435,T13912,788.0,2026-11-19
SHOP_001,C0211,T13913,314.0,2026-11-19
SHOP_001,C0392,T13914,510.0,2026-11-19
SHOP_001,C0655,T13915,285.0,2026-11-19
SHOP_001,C0399,T13916,427.0,2026-11-19
SHOP_001,C0411,T13917,460.0,2026-11-19
SHOP_001,C0145,T13918,851.0,2026-11-19
SHOP_001,C0555,T13919,619.0,2026-11-19
SHOP_001,C0648,T13920,285.0,2026-11-19
SHOP_001,C0803,T13921,520.0,2026-11-19
SHOP_001,C0831,T13922,523.0,2026-11-19
SHOP_001,C0965,T13923,439.0,2026-11-19
SHOP_001,C0762,T13924,813.0,2026-11-19
SHOP_001,C0940,T13925,433.0,2026-11-19
SHOP_001,C0787,T13926,374.0,2026-11-19
SHOP_001,C0475,T13927,490.0,2026-11-19
SHOP_001,C0425,T13928,557.0,2026-11-19
SHOP_001,C0745,T13929,627.0,2026-11-19
SHOP_001,C0388,T13930,813.0,2026-11-19
SHOP_001,C0590,T13931,568.0,2026-11-19
SHOP_001,C0741,T13932,323.0,2026-11-19
SHOP_001,C0090,T13933,336.0,2026-11-19
SHOP_001,C0240,T13934,285.0,2026-11-19
SHOP_001,C0226,T13935,892.0,2026-11-19
SHOP_001,C0264,T13936,677.0,2026-11-19
SHOP_001,C0707,T13937,507.0,2026-11-19
SHOP_001,C0931,T13938,604.0,2026-11-19
SHOP_001,C0677,T13939,342.0,2026-11-19
SHOP_001,C0153,T13940,778.0,2026-11-20
SHOP_001,C0693,T13941,525.0,2026-11-20
SHOP_001,C0557,T13942,364.0,2026-11-20
SHOP_001,C0112,T13943,985.0,2026-11-20
SHOP_001,C0214,T13944,668.0,2026-11-20
SHOP_001,C0793,T13945,722.0,2026-11-20
SHOP_001,C0469,T13946,637.0,2026-11-20
SHOP_001,C0509,T13947,504.0,2026-11-20
SHOP_001,C0466,T13948,655.0,2026-11-20
SHOP_001,C0784,T13949,753.0,2026-11-20
SHOP_001,C0808,T13950,363.0,2026-11-20
SHOP_001,C0220,T13951,568.0,2026-11-20
SHOP_001,C0295,T13952,392.0,2026-11-20
SHOP_001,C0679,T13953,414.0,2026-11-20
SHOP_001,C0657,T13954,1112.0,2026-11-20
SHOP_001,C0943,T13955,714.0,2026-11-20
SHOP_001,C0714,T13956,782.0,2026-11-20
SHOP_001,C0492,T13957,945.0,2026-11-20
SHOP_001,C0681,T13958,313.0,2026-11-20
SHOP_001,C0590,T13959,517.0,2026-11-20
SHOP_001,C0618,T13960,506.0,2026-11-20
SHOP_001,C0764,T13961,1711.0,2026-11-20
SHOP_001,C0808,T13962,424.0,2026-11-20
SHOP_001,C0151,T13963,698.0,2026-11-20
SHOP_001,C0718,T13964,641.0,2026-11-20
SHOP_001,C0304,T13965,591.0,2026-11-20
SHOP_001,C0180,T13966,464.0,2026-11-20
SHOP_001,C0028,T13967,778.0,2026-11-20
SHOP_001,C0648,T13968,444.0,2026-11-20
SHOP_001,C0005,T13969,911.0,2026-11-20
SHOP_001,C0694,T13970,815.0,2026-11-20
SHOP_001,C0493,T13971,723.0,2026-11-20
SHOP_001,C0901,T13972,406.0,2026-11-20
SHOP_001,C0503,T13973,362.0,2026-11-20
SHOP_001,C0295,T13974,566.0,2026-11-20
SHOP_001,C0188,T13975,401.0,2026-11-20
SHOP_001,C0198,T13976,520.0,2026-11-20
SHOP_001,C0962,T13977,736.0,2026-11-20
SHOP_001,C0031,T13978,340.0,2026-11-20
SHOP_001,C0503,T13979,573.0,2026-11-20
SHOP_001,C0860,T13980,388.0,2026-11-21
SHOP_001,C0279,T13981,401.0,2026-11-21
SHOP_001,C0495,T13982,393.0,2026-11-21
SHOP_001,C0084,T13983,653.0,2026-11-21
SHOP_001,C0497,T13984,1136.0,2026-11-21
SHOP_001,C0249,T13985,649.0,2026-11-21
SHOP_001,C0328,T13986,486.0,2026-11-21
SHOP_001,C0809,T13987,764.0,2026-11-21
SHOP_001,C0943,T13988,778.0,2026-11-21
SHOP_001,C0353,T13989,591.0,2026-11-21
SHOP_001,C0940,T13990,453.0,2026-11-21
SHOP_001,C0004,T13991,863.0,2026-11-21
SHOP_001,C0396,T13992,514.0,2026-11-21
SHOP_001,C0510,T13993,476.0,2026-11-21
SHOP_001,C0295,T13994,392.0,2026-11-21
SHOP_001,C0468,T13995,401.0,2026-11-21
SHOP_001,C0478,T13996,842.0,2026-11-21
SHOP_001,C0967,T13997,565.0,2026-11-21
SHOP_001,C0849,T13998,722.0,2026-11-21
SHOP_001,C0835,T13999,599.0,2026-11-21
SHOP_001,C0593,T14000,566.0,2026-11-21
SHOP_001,C0644,T14001,593.0,2026-11-21
SHOP_001,C0316,T14002,307.0,2026-11-21
SHOP_001,C0727,T14003,1253.0,2026-11-21
SHOP_001,C0860,T14004,513.0,2026-11-21
SHOP_001,C0091,T14005,587.0,2026-11-21
SHOP_001,C0015,T14006,1352.0,2026-11-21
SHOP_001,C0808,T14007,460.0,2026-11-21
SHOP_001,C0329,T14008,464.0,2026-11-21
SHOP_001,C0448,T14009,908.0,2026-11-21
SHOP_001,C0718,T14010,825.0,2026-11-21
SHOP_001,C0586,T14011,789.0,2026-11-21
SHOP_001,C0213,T14012,451.0,2026-11-21
SHOP_001,C0343,T14013,314.0,2026-11-21
SHOP_001,C0456,T14014,381.0,2026-11-22
SHOP_001,C0228,T14015,606.0,2026-11-22
SHOP_001,C0104,T14016,454.0,2026-11-22
SHOP_001,C0584,T14017,471.0,2026-11-22
SHOP_001,C0896,T14018,468.0,2026-11-22
SHOP_001,C0294,T14019,522.0,2026-11-22
SHOP_001,C0768,T14020,952.0,2026-11-22
SHOP_001,C0754,T14021,711.0,2026-11-22
SHOP_001,C0619,T14022,341.0,2026-11-22
SHOP_001,C0373,T14023,639.0,2026-11-22
SHOP_001,C0570,T14024,908.0,2026-11-22
SHOP_001,C0072,T14025,816.0,2026-11-22
SHOP_001,C0681,T14026,346.0,2026-11-22
SHOP_001,C0178,T14027,382.0,2026-11-22
SHOP_001,C0782,T14028,305.0,2026-11-22
SHOP_001,C0152,T14029,744.0,2026-11-22
SHOP_001,C0140,T14030,432.0,2026-11-22
SHOP_001,C0352,T14031,835.0,2026-11-22
SHOP_001,C0754,T14032,478.0,2026-11-22
SHOP_001,C0777,T14033,782.0,2026-11-22
SHOP_001,C0019,T14034,485.0,2026-11-22
SHOP_001,C0793,T14035,617.0,2026-11-22
SHOP_001,C0899,T14036,445.0,2026-11-22
SHOP_001,C0205,T14037,1019.0,2026-11-22
SHOP_001,C0847,T14038,455.0,2026-11-22
SHOP_001,C0478,T14039,341.0,2026-11-22
SHOP_001,C0446,T14040,330.0,2026-11-22
SHOP_001,C0625,T14041,574.0,2026-11-22
SHOP_001,C0396,T14042,481.0,2026-11-22
SHOP_001,C0928,T14043,520.0,2026-11-22
SHOP_001,C0197,T14044,411.0,2026-11-22
SHOP_001,C0252,T14045,416.0,2026-11-22
SHOP_001,C0939,T14046,543.0,2026-11-22
SHOP_001,C0073,T14047,802.0,2026-11-22
SHOP_001,C0047,T14048,620.0,2026-11-22
SHOP_001,C0621,T14049,496.0,2026-11-22
SHOP_001,C0157,T14050,455.0,2026-11-22
SHOP_001,C0622,T14051,566.0,2026-11-22
SHOP_001,C0677,T14052,454.0,2026-11-22
SHOP_001,C0557,T14053,465.0,2026-11-22
SHOP_001,C0784,T14054,839.0,2026-11-22
SHOP_001,C0900,T14055,882.0,2026-11-22
SHOP_001,C0254,T14056,381.0,2026-11-22
SHOP_001,C0803,T14057,493.0,2026-11-22
SHOP_001,C0769,T14058,1045.0,2026-11-22
SHOP_001,C0524,T14059,495.0,2026-11-22
SHOP_001,C0685,T14060,395.0,2026-11-22
SHOP_001,C0347,T14061,435.0,2026-11-22
SHOP_001,C0332,T14062,707.0,2026-11-22
SHOP_001,C0677,T14063,444.0,2026-11-22
SHOP_001,C0344,T14064,326.0,2026-11-22
SHOP_001,C0530,T14065,494.0,2026-11-22
SHOP_001,C0793,T14066,439.0,2026-11-22
SHOP_001,C0373,T14067,1116.0,2026-11-22
SHOP_001,C0277,T14068,348.0,2026-11-22
SHOP_001,C0071,T14069,667.0,2026-11-22
SHOP_001,C0681,T14070,331.0,2026-11-22
SHOP_001,C0849,T14071,840.0,2026-11-22
SHOP_001,C0685,T14072,364.0,2026-11-22
SHOP_001,C0213,T14073,427.0,2026-11-22
SHOP_001,C0793,T14074,374.0,2026-11-22
SHOP_001,C0263,T14075,821.0,2026-11-23
SHOP_001,C0768,T14076,559.0,2026-11-23
SHOP_001,C0377,T14077,757.0,2026-11-23
SHOP_001,C0924,T14078,474.0,2026-11-23
SHOP_001,C0080,T14079,975.0,2026-11-23
SHOP_001,C0721,T14080,373.0,2026-11-23
SHOP_001,C0997,T14081,1068.0,2026-11-23
SHOP_001,C0956,T14082,416.0,2026-11-23
SHOP_001,C0960,T14083,463.0,2026-11-23
SHOP_001,C0950,T14084,1088.0,2026-11-23
SHOP_001,C0188,T14085,436.0,2026-11-23
SHOP_001,C0292,T14086,366.0,2026-11-23
SHOP_001,C0503,T14087,562.0,2026-11-23
SHOP_001,C0066,T14088,742.0,2026-11-23
SHOP_001,C0498,T14089,534.0,2026-11-23
SHOP_001,C0721,T14090,605.0,2026-11-23
SHOP_001,C0791,T14091,548.0,2026-11-23
SHOP_001,C0862,T14092,872.0,2026-11-23
SHOP_001,C0667,T14093,606.0,2026-11-23
SHOP_001,C0417,T14094,528.0,2026-11-23
SHOP_001,C0252,T14095,384.0,2026-11-23
SHOP_001,C0900,T14096,514.0,2026-11-23
SHOP_001,C0707,T14097,635.0,2026-11-23
SHOP_001,C0031,T14098,361.0,2026-11-23
SHOP_001,C0919,T14099,594.0,2026-11-23
SHOP_001,C0791,T14100,631.0,2026-11-23
SHOP_001,C0378,T14101,412.0,2026-11-23
SHOP_001,C0263,T14102,484.0,2026-11-23
SHOP_001,C0080,T14103,505.0,2026-11-23
SHOP_001,C0761,T14104,658.0,2026-11-23
SHOP_001,C0254,T14105,503.0,2026-11-24
SHOP_001,C0019,T14106,729.0,2026-11-24
SHOP_001,C0426,T14107,215.0,2026-11-24
SHOP_001,C0198,T14108,570.0,2026-11-24
SHOP_001,C0399,T14109,415.0,2026-11-24
SHOP_001,C0159,T14110,407.0,2026-11-24
SHOP_001,C0741,T14111,402.0,2026-11-24
SHOP_001,C0408,T14112,698.0,2026-11-24
SHOP_001,C0144,T14113,456.0,2026-11-24
SHOP_001,C0451,T14114,517.0,2026-11-24
SHOP_001,C0190,T14115,642.0,2026-11-24
SHOP_001,C0139,T14116,500.0,2026-11-24
SHOP_001,C0940,T14117,232.0,2026-11-24
SHOP_001,C0608,T14118,395.0,2026-11-24
SHOP_001,C0685,T14119,309.0,2026-11-24
SHOP_001,C0142,T14120,350.0,2026-11-24
SHOP_001,C0322,T14121,894.0,2026-11-24
SHOP_001,C0769,T14122,532.0,2026-11-24
SHOP_001,C0084,T14123,1472.0,2026-11-24
SHOP_001,C0584,T14124,542.0,2026-11-24
SHOP_001,C0493,T14125,367.0,2026-11-24
SHOP_001,C0131,T14126,387.0,2026-11-24
SHOP_001,C0592,T14127,739.0,2026-11-24
SHOP_001,C0901,T14128,380.0,2026-11-24
SHOP_001,C0026,T14129,496.0,2026-11-24
SHOP_001,C0648,T14130,553.0,2026-11-24
SHOP_001,C0949,T14131,331.0,2026-11-24
SHOP_001,C0173,T14132,459.0,2026-11-24
SHOP_001,C0140,T14133,343.0,2026-11-24
SHOP_001,C0847,T14134,491.0,2026-11-24
SHOP_001,C0205,T14135,489.0,2026-11-24
SHOP_001,C0080,T14136,1100.0,2026-11-25
SHOP_001,C0777,T14137,537.0,2026-11-25
SHOP_001,C0843,T14138,636.0,2026-11-25
SHOP_001,C0798,T14139,577.0,2026-11-25
SHOP_001,C0529,T14140,552.0,2026-11-25
SHOP_001,C0490,T14141,667.0,2026-11-25
SHOP_001,C0368,T14142,566.0,2026-11-25
SHOP_001,C0800,T14143,559.0,2026-11-25
SHOP_001,C0413,T14144,423.0,2026-11-25
SHOP_001,C0245,T14145,324.0,2026-11-25
SHOP_001,C0273,T14146,311.0,2026-11-25
SHOP_001,C0031,T14147,331.0,2026-11-25
SHOP_001,C0188,T14148,525.0,2026-11-25
SHOP_001,C0705,T14149,674.0,2026-11-25
SHOP_001,C0043,T14150,583.0,2026-11-25
SHOP_001,C0176,T14151,989.0,2026-11-25
SHOP_001,C0158,T14152,628.0,2026-11-25
SHOP_001,C0067,T14153,449.0,2026-11-25
SHOP_001,C0872,T14154,710.0,2026-11-25
SHOP_001,C0490,T14155,502.0,2026-11-25
SHOP_001,C0908,T14156,363.0,2026-11-25
SHOP_001,C0693,T14157,597.0,2026-11-25
SHOP_001,C0456,T14158,534.0,2026-11-25
SHOP_001,C0353,T14159,634.0,2026-11-25
SHOP_001,C0560,T14160,739.0,2026-11-25
SHOP_001,C0681,T14161,339.0,2026-11-25
SHOP_001,C0035,T14162,217.0,2026-11-25
SHOP_001,C0258,T14163,613.0,2026-11-25
SHOP_001,C0686,T14164,374.0,2026-11-25
SHOP_001,C0873,T14165,588.0,2026-11-26
SHOP_001,C0768,T14166,767.0,2026-11-26
SHOP_001,C0319,T14167,519.0,2026-11-26
SHOP_001,C0754,T14168,745.0,2026-11-26
SHOP_001,C0306,T14169,286.0,2026-11-26
SHOP_001,C0777,T14170,988.0,2026-11-26
SHOP_001,C0693,T14171,711.0,2026-11-26
SHOP_001,C0345,T14172,687.0,2026-11-26
SHOP_001,C0769,T14173,265.0,2026-11-26
SHOP_001,C0073,T14174,588.0,2026-11-26
SHOP_001,C0577,T14175,510.0,2026-11-26
SHOP_001,C0853,T14176,473.0,2026-11-26
SHOP_001,C0780,T14177,508.0,2026-11-26
SHOP_001,C0978,T14178,948.0,2026-11-26
SHOP_001,C0081,T14179,512.0,2026-11-26
SHOP_001,C0454,T14180,377.0,2026-11-26
SHOP_001,C0406,T14181,921.0,2026-11-26
SHOP_001,C0576,T14182,502.0,2026-11-26
SHOP_001,C0175,T14183,483.0,2026-11-26
SHOP_001,C0377,T14184,484.0,2026-11-26
SHOP_001,C0512,T14185,546.0,2026-11-26
SHOP_001,C0211,T14186,490.0,2026-11-26
SHOP_001,C0701,T14187,746.0,2026-11-26
SHOP_001,C0224,T14188,859.0,2026-11-26
SHOP_001,C0723,T14189,236.0,2026-11-26
SHOP_001,C0648,T14190,417.0,2026-11-26
SHOP_001,C0762,T14191,759.0,2026-11-26
SHOP_001,C0435,T14192,891.0,2026-11-26
SHOP_001,C0831,T14193,677.0,2026-11-26
SHOP_001,C0080,T14194,630.0,2026-11-26
SHOP_001,C0669,T14195,628.0,2026-11-27
SHOP_001,C0305,T14196,982.0,2026-11-27
SHOP_001,C0680,T14197,886.0,2026-11-27
SHOP_001,C0681,T14198,340.0,2026-11-27
SHOP_001,C0570,T14199,1274.0,2026-11-27
SHOP_001,C0744,T14200,844.0,2026-11-27
SHOP_001,C0080,T14201,934.0,2026-11-27
SHOP_001,C0567,T14202,346.0,2026-11-27
SHOP_001,C0987,T14203,487.0,2026-11-27
SHOP_001,C0475,T14204,899.0,2026-11-27
SHOP_001,C0587,T14205,430.0,2026-11-27
SHOP_001,C0692,T14206,554.0,2026-11-27
SHOP_001,C0090,T14207,678.0,2026-11-27
SHOP_001,C0109,T14208,601.0,2026-11-27
SHOP_001,C0931,T14209,488.0,2026-11-27
SHOP_001,C0530,T14210,797.0,2026-11-27
SHOP_001,C0493,T14211,591.0,2026-11-27
SHOP_001,C0399,T14212,404.0,2026-11-27
SHOP_001,C0826,T14213,655.0,2026-11-27
SHOP_001,C0997,T14214,679.0,2026-11-27
SHOP_001,C0468,T14215,856.0,2026-11-27
SHOP_001,C0943,T14216,413.0,2026-11-27
SHOP_001,C0744,T14217,854.0,2026-11-27
SHOP_001,C0221,T14218,775.0,2026-11-27
SHOP_001,C0495,T14219,630.0,2026-11-27
SHOP_001,C0716,T14220,469.0,2026-11-27
SHOP_001,C0280,T14221,770.0,2026-11-27
SHOP_001,C0973,T14222,523.0,2026-11-27
SHOP_001,C0860,T14223,607.0,2026-11-27
SHOP_001,C0966,T14224,622.0,2026-11-27
SHOP_001,C0024,T14225,512.0,2026-11-27
SHOP_001,C0211,T14226,524.0,2026-11-27
SHOP_001,C0139,T14227,375.0,2026-11-27
SHOP_001,C0625,T14228,466.0,2026-11-27
SHOP_001,C0657,T14229,922.0,2026-11-27
SHOP_001,C0771,T14230,708.0,2026-11-27
SHOP_001,C0231,T14231,934.0,2026-11-27
SHOP_001,C0982,T14232,544.0,2026-11-27
SHOP_001,C0761,T14233,488.0,2026-11-27
SHOP_001,C0946,T14234,393.0,2026-11-27
SHOP_001,C0063,T14235,253.0,2026-11-28
SHOP_001,C0348,T14236,414.0,2026-11-28
SHOP_001,C0891,T14237,1205.0,2026-11-28
SHOP_001,C0031,T14238,942.0,2026-11-28
SHOP_001,C0866,T14239,717.0,2026-11-28
SHOP_001,C0524,T14240,466.0,2026-11-28
SHOP_001,C0202,T14241,538.0,2026-11-28
SHOP_001,C0105,T14242,516.0,2026-11-28
SHOP_001,C0035,T14243,318.0,2026-11-28
SHOP_001,C0371,T14244,343.0,2026-11-28
SHOP_001,C0205,T14245,598.0,2026-11-28
SHOP_001,C0535,T14246,832.0,2026-11-28
SHOP_001,C0901,T14247,351.0,2026-11-28
SHOP_001,C0544,T14248,380.0,2026-11-28
SHOP_001,C0967,T14249,390.0,2026-11-28
SHOP_001,C0920,T14250,336.0,2026-11-28
SHOP_001,C0392,T14251,447.0,2026-11-28
SHOP_001,C0084,T14252,725.0,2026-11-28
SHOP_001,C0855,T14253,501.0,2026-11-28
SHOP_001,C0352,T14254,637.0,2026-11-28
SHOP_001,C0989,T14255,785.0,2026-11-28
SHOP_001,C0343,T14256,239.0,2026-11-28
SHOP_001,C0862,T14257,730.0,2026-11-28
SHOP_001,C0294,T14258,386.0,2026-11-28
SHOP_001,C0648,T14259,576.0,2026-11-28
SHOP_001,C0489,T14260,1430.0,2026-11-28
SHOP_001,C0078,T14261,989.0,2026-11-28
SHOP_001,C0522,T14262,648.0,2026-11-28
SHOP_001,C0997,T14263,717.0,2026-11-28
SHOP_001,C0102,T14264,619.0,2026-11-28
SHOP_001,C0584,T14265,812.0,2026-11-28
SHOP_001,C0591,T14266,491.0,2026-11-28
SHOP_001,C0880,T14267,717.0,2026-11-28
SHOP_001,C0223,T14268,831.0,2026-11-28
SHOP_001,C0535,T14269,611.0,2026-11-28
SHOP_001,C0378,T14270,1199.0,2026-11-28
SHOP_001,C0123,T14271,457.0,2026-11-28
SHOP_001,C0809,T14272,714.0,2026-11-28
SHOP_001,C0910,T14273,660.0,2026-11-28
SHOP_001,C0677,T14274,649.0,2026-11-28
SHOP_001,C0728,T14275,829.0,2026-11-28
SHOP_001,C0750,T14276,432.0,2026-11-28
SHOP_001,C0943,T14277,247.0,2026-11-28
SHOP_001,C0159,T14278,688.0,2026-11-28
SHOP_001,C0744,T14279,612.0,2026-11-28
SHOP_001,C0232,T14280,628.0,2026-11-28
SHOP_001,C0042,T14281,614.0,2026-11-28
SHOP_001,C0518,T14282,790.0,2026-11-28
SHOP_001,C0479,T14283,575.0,2026-11-28
SHOP_001,C0456,T14284,618.0,2026-11-29
SHOP_001,C0277,T14285,584.0,2026-11-29
SHOP_001,C0084,T14286,769.0,2026-11-29
SHOP_001,C0754,T14287,622.0,2026-11-29
SHOP_001,C0028,T14288,544.0,2026-11-29
SHOP_001,C0813,T14289,456.0,2026-11-29
SHOP_001,C0855,T14290,408.0,2026-11-29
SHOP_001,C0463,T14291,1276.0,2026-11-29
SHOP_001,C0042,T14292,478.0,2026-11-29
SHOP_001,C0363,T14293,1091.0,2026-11-29
SHOP_001,C0671,T14294,613.0,2026-11-29
SHOP_001,C0030,T14295,493.0,2026-11-29
SHOP_001,C0694,T14296,798.0,2026-11-29
SHOP_001,C0355,T14297,932.0,2026-11-29
SHOP_001,C0736,T14298,585.0,2026-11-29
SHOP_001,C0078,T14299,620.0,2026-11-29
SHOP_001,C0834,T14300,503.0,2026-11-29
SHOP_001,C0661,T14301,784.0,2026-11-29
SHOP_001,C0208,T14302,541.0,2026-11-29
SHOP_001,C0174,T14303,674.0,2026-11-29
SHOP_001,C0097,T14304,547.0,2026-11-29
SHOP_001,C0279,T14305,421.0,2026-11-29
SHOP_001,C0736,T14306,599.0,2026-11-29
SHOP_001,C0036,T14307,357.0,2026-11-29
SHOP_001,C0398,T14308,471.0,2026-11-30
SHOP_001,C0456,T14309,256.0,2026-11-30
SHOP_001,C0073,T14310,568.0,2026-11-30
SHOP_001,C0090,T14311,644.0,2026-11-30
SHOP_001,C0084,T14312,1261.0,2026-11-30
SHOP_001,C0898,T14313,511.0,2026-11-30
SHOP_001,C0477,T14314,447.0,2026-11-30
SHOP_001,C0754,T14315,423.0,2026-11-30
SHOP_001,C0901,T14316,535.0,2026-11-30
SHOP_001,C0768,T14317,532.0,2026-11-30
SHOP_001,C0352,T14318,682.0,2026-11-30
SHOP_001,C0768,T14319,622.0,2026-11-30
SHOP_001,C0141,T14320,662.0,2026-11-30
SHOP_001,C0518,T14321,657.0,2026-11-30
SHOP_001,C0501,T14322,312.0,2026-11-30
SHOP_001,C0440,T14323,659.0,2026-11-30
SHOP_001,C0777,T14324,331.0,2026-11-30
SHOP_001,C0636,T14325,745.0,2026-11-30
SHOP_001,C0353,T14326,695.0,2026-11-30
SHOP_001,C0304,T14327,573.0,2026-11-30
SHOP_001,C0346,T14328,750.0,2026-11-30
SHOP_001,C0823,T14329,485.0,2026-11-30
SHOP_001,C0671,T14330,608.0,2026-11-30
SHOP_001,C0648,T14331,343.0,2026-11-30
SHOP_001,C0910,T14332,466.0,2026-11-30
SHOP_001,C0432,T14333,634.0,2026-11-30
SHOP_001,C0091,T14334,507.0,2026-11-30
SHOP_001,C0738,T14335,820.0,2026-11-30
SHOP_001,C0897,T14336,614.0,2026-11-30
SHOP_001,C0066,T14337,548.0,2026-11-30
SHOP_001,C0031,T14338,249.0,2026-11-30
SHOP_001,C0439,T14339,624.0,2026-11-30
SHOP_001,C0288,T14340,642.0,2026-11-30
SHOP_001,C0723,T14341,469.0,2026-11-30
SHOP_001,C0214,T14342,850.0,2026-11-30
SHOP_001,C0460,T14343,280.0,2026-11-30
SHOP_001,C0707,T14344,1285.0,2026-12-01
SHOP_001,C0233,T14345,555.0,2026-12-01
SHOP_001,C0855,T14346,482.0,2026-12-01
SHOP_001,C0166,T14347,1264.0,2026-12-01
SHOP_001,C0180,T14348,480.0,2026-12-01
SHOP_001,C0355,T14349,452.0,2026-12-01
SHOP_001,C0963,T14350,1351.0,2026-12-01
SHOP_001,C0105,T14351,987.0,2026-12-01
SHOP_001,C0223,T14352,712.0,2026-12-01
SHOP_001,C0153,T14353,595.0,2026-12-01
SHOP_001,C0586,T14354,790.0,2026-12-01
SHOP_001,C0547,T14355,398.0,2026-12-01
SHOP_001,C0426,T14356,202.0,2026-12-01
SHOP_001,C0985,T14357,465.0,2026-12-01
SHOP_001,C0162,T14358,547.0,2026-12-01
SHOP_001,C0140,T14359,677.0,2026-12-01
SHOP_001,C0847,T14360,694.0,2026-12-01
SHOP_001,C0732,T14361,539.0,2026-12-01
SHOP_001,C0490,T14362,487.0,2026-12-01
SHOP_001,C0109,T14363,427.0,2026-12-01
SHOP_001,C0067,T14364,588.0,2026-12-01
SHOP_001,C0495,T14365,607.0,2026-12-01
SHOP_001,C0396,T14366,586.0,2026-12-01
SHOP_001,C0313,T14367,696.0,2026-12-01
SHOP_001,C0738,T14368,586.0,2026-12-01
SHOP_001,C0578,T14369,322.0,2026-12-01
SHOP_001,C0611,T14370,571.0,2026-12-01
SHOP_001,C0822,T14371,281.0,2026-12-01
SHOP_001,C0926,T14372,392.0,2026-12-01
SHOP_001,C0019,T14373,457.0,2026-12-01
SHOP_001,C0462,T14374,613.0,2026-12-01
SHOP_001,C0103,T14375,548.0,2026-12-01
SHOP_001,C0526,T14376,484.0,2026-12-02
SHOP_001,C0524,T14377,388.0,2026-12-02
SHOP_001,C0176,T14378,484.0,2026-12-02
SHOP_001,C0142,T14379,418.0,2026-12-02
SHOP_001,C0485,T14380,597.0,2026-12-02
SHOP_001,C0657,T14381,612.0,2026-12-02
SHOP_001,C0418,T14382,727.0,2026-12-02
SHOP_001,C0843,T14383,814.0,2026-12-02
SHOP_001,C0794,T14384,1127.0,2026-12-02
SHOP_001,C0282,T14385,585.0,2026-12-02
SHOP_001,C0288,T14386,449.0,2026-12-02
SHOP_001,C0159,T14387,571.0,2026-12-02
SHOP_001,C0802,T14388,1008.0,2026-12-02
SHOP_001,C0140,T14389,391.0,2026-12-02
SHOP_001,C0352,T14390,756.0,2026-12-02
SHOP_001,C0739,T14391,704.0,2026-12-02
SHOP_001,C0989,T14392,471.0,2026-12-02
SHOP_001,C0694,T14393,921.0,2026-12-02
SHOP_001,C0761,T14394,610.0,2026-12-02
SHOP_001,C0030,T14395,407.0,2026-12-02
SHOP_001,C0808,T14396,325.0,2026-12-02
SHOP_001,C0372,T14397,699.0,2026-12-02
SHOP_001,C0525,T14398,526.0,2026-12-02
SHOP_001,C0506,T14399,364.0,2026-12-02
SHOP_001,C0741,T14400,465.0,2026-12-02
SHOP_001,C0526,T14401,477.0,2026-12-02
SHOP_001,C0988,T14402,549.0,2026-12-02
SHOP_001,C0943,T14403,396.0,2026-12-02
SHOP_001,C0261,T14404,778.0,2026-12-02
SHOP_001,C0744,T14405,795.0,2026-12-03
SHOP_001,C0997,T14406,627.0,2026-12-03
SHOP_001,C0557,T14407,418.0,2026-12-03
SHOP_001,C0084,T14408,852.0,2026-12-03
SHOP_001,C0934,T14409,291.0,2026-12-03
SHOP_001,C0990,T14410,746.0,2026-12-03
SHOP_001,C0744,T14411,540.0,2026-12-03
SHOP_001,C0446,T14412,409.0,2026-12-03
SHOP_001,C0530,T14413,680.0,2026-12-03
SHOP_001,C0752,T14414,538.0,2026-12-03
SHOP_001,C0943,T14415,430.0,2026-12-03
SHOP_001,C0289,T14416,646.0,2026-12-03
SHOP_001,C0879,T14417,558.0,2026-12-03
SHOP_001,C0710,T14418,878.0,2026-12-03
SHOP_001,C0373,T14419,403.0,2026-12-03
SHOP_001,C0754,T14420,673.0,2026-12-03
SHOP_001,C0638,T14421,879.0,2026-12-03
SHOP_001,C0560,T14422,601.0,2026-12-03
SHOP_001,C0031,T14423,541.0,2026-12-03
SHOP_001,C0768,T14424,739.0,2026-12-03
SHOP_001,C0352,T14425,591.0,2026-12-03
SHOP_001,C0539,T14426,314.0,2026-12-03
SHOP_001,C0359,T14427,621.0,2026-12-03
SHOP_001,C0677,T14428,706.0,2026-12-03
SHOP_001,C0469,T14429,509.0,2026-12-03
SHOP_001,C0979,T14430,383.0,2026-12-03
SHOP_001,C0456,T14431,370.0,2026-12-03
SHOP_001,C0535,T14432,682.0,2026-12-03
SHOP_001,C0761,T14433,639.0,2026-12-03
SHOP_001,C0728,T14434,466.0,2026-12-03
SHOP_001,C0752,T14435,563.0,2026-12-03
SHOP_001,C0683,T14436,182.0,2026-12-03
SHOP_001,C0512,T14437,592.0,2026-12-03
SHOP_001,C0433,T14438,446.0,2026-12-04
SHOP_001,C0268,T14439,592.0,2026-12-04
SHOP_001,C0968,T14440,463.0,2026-12-04
SHOP_001,C0199,T14441,723.0,2026-12-04
SHOP_001,C0158,T14442,1063.0,2026-12-04
SHOP_001,C0993,T14443,950.0,2026-12-04
SHOP_001,C0475,T14444,574.0,2026-12-04
SHOP_001,C0791,T14445,473.0,2026-12-04
SHOP_001,C0517,T14446,1073.0,2026-12-04
SHOP_001,C0562,T14447,441.0,2026-12-04
SHOP_001,C0579,T14448,549.0,2026-12-04
SHOP_001,C0312,T14449,609.0,2026-12-04
SHOP_001,C0392,T14450,308.0,2026-12-04
SHOP_001,C0203,T14451,417.0,2026-12-04
SHOP_001,C0724,T14452,604.0,2026-12-04
SHOP_001,C0129,T14453,325.0,2026-12-04
SHOP_001,C0636,T14454,566.0,2026-12-04
SHOP_001,C0493,T14455,613.0,2026-12-04
SHOP_001,C0187,T14456,823.0,2026-12-04
SHOP_001,C0728,T14457,861.0,2026-12-04
SHOP_001,C0341,T14458,778.0,2026-12-04
SHOP_001,C0854,T14459,444.0,2026-12-04
SHOP_001,C0158,T14460,881.0,2026-12-04
SHOP_001,C0956,T14461,426.0,2026-12-04
SHOP_001,C0277,T14462,799.0,2026-12-04
SHOP_001,C0158,T14463,987.0,2026-12-04
SHOP_001,C0495,T14464,703.0,2026-12-04
SHOP_001,C0584,T14465,662.0,2026-12-04
SHOP_001,C0067,T14466,628.0,2026-12-04
SHOP_001,C0027,T14467,637.0,2026-12-04
SHOP_001,C0105,T14468,709.0,2026-12-04
SHOP_001,C0838,T14469,842.0,2026-12-04
SHOP_001,C0686,T14470,412.0,2026-12-04
SHOP_001,C0218,T14471,591.0,2026-12-04
SHOP_001,C0202,T14472,548.0,2026-12-04
SHOP_001,C0493,T14473,855.0,2026-12-04
SHOP_001,C0763,T14474,549.0,2026-12-04
SHOP_001,C0989,T14475,790.0,2026-12-04
SHOP_001,C0042,T14476,520.0,2026-12-05
SHOP_001,C0768,T14477,816.0,2026-12-05
SHOP_001,C0561,T14478,1606.0,2026-12-05
SHOP_001,C0440,T14479,705.0,2026-12-05
SHOP_001,C0097,T14480,776.0,2026-12-05
SHOP_001,C0692,T14481,699.0,2026-12-05
SHOP_001,C0323,T14482,648.0,2026-12-05
SHOP_001,C0900,T14483,407.0,2026-12-05
SHOP_001,C0510,T14484,753.0,2026-12-05
SHOP_001,C0066,T14485,528.0,2026-12-05
SHOP_001,C0862,T14486,894.0,2026-12-05
SHOP_001,C0509,T14487,908.0,2026-12-05
SHOP_001,C0498,T14488,985.0,2026-12-05
SHOP_001,C0143,T14489,389.0,2026-12-05
SHOP_001,C0084,T14490,700.0,2026-12-05
SHOP_001,C0503,T14491,352.0,2026-12-05
SHOP_001,C0784,T14492,505.0,2026-12-05
SHOP_001,C0176,T14493,1096.0,2026-12-05
SHOP_001,C0456,T14494,295.0,2026-12-05
SHOP_001,C0089,T14495,558.0,2026-12-05
SHOP_001,C0388,T14496,1239.0,2026-12-05
SHOP_001,C0852,T14497,397.0,2026-12-05
SHOP_001,C0105,T14498,534.0,2026-12-05
SHOP_001,C0780,T14499,661.0,2026-12-05
SHOP_001,C0867,T14500,186.0,2026-12-05
SHOP_001,C0505,T14501,577.0,2026-12-05
SHOP_001,C0862,T14502,1092.0,2026-12-05
SHOP_001,C0218,T14503,396.0,2026-12-05
SHOP_001,C0202,T14504,961.0,2026-12-05
SHOP_001,C0325,T14505,673.0,2026-12-05
SHOP_001,C0408,T14506,1182.0,2026-12-05
SHOP_001,C0227,T14507,792.0,2026-12-05
SHOP_001,C0318,T14508,418.0,2026-12-05
SHOP_001,C0990,T14509,710.0,2026-12-05
SHOP_001,C0524,T14510,419.0,2026-12-05
SHOP_001,C0426,T14511,414.0,2026-12-05
SHOP_001,C0657,T14512,920.0,2026-12-05
SHOP_001,C0805,T14513,388.0,2026-12-05
SHOP_001,C0713,T14514,684.0,2026-12-05
SHOP_001,C0971,T14515,530.0,2026-12-05
SHOP_001,C0672,T14516,798.0,2026-12-05
SHOP_001,C0610,T14517,611.0,2026-12-05
SHOP_001,C0490,T14518,824.0,2026-12-05
SHOP_001,C0019,T14519,916.0,2026-12-05
SHOP_001,C0637,T14520,360.0,2026-12-05
SHOP_001,C0331,T14521,332.0,2026-12-05
SHOP_001,C0509,T14522,948.0,2026-12-05
SHOP_001,C0276,T14523,636.0,2026-12-05
SHOP_001,C0396,T14524,485.0,2026-12-05
SHOP_001,C0780,T14525,916.0,2026-12-05
SHOP_001,C0294,T14526,461.0,2026-12-05
SHOP_001,C0862,T14527,463.0,2026-12-05
SHOP_001,C0757,T14528,712.0,2026-12-05
SHOP_001,C0959,T14529,485.0,2026-12-05
SHOP_001,C0359,T14530,834.0,2026-12-05
SHOP_001,C0475,T14531,666.0,2026-12-05
SHOP_001,C0590,T14532,844.0,2026-12-05
SHOP_001,C0409,T14533,641.0,2026-12-05
SHOP_001,C0666,T14534,476.0,2026-12-05
SHOP_001,C0173,T14535,859.0,2026-12-05
SHOP_001,C0578,T14536,334.0,2026-12-05
SHOP_001,C0872,T14537,1066.0,2026-12-06
SHOP_001,C0279,T14538,514.0,2026-12-06
SHOP_001,C0849,T14539,736.0,2026-12-06
SHOP_001,C0575,T14540,874.0,2026-12-06
SHOP_001,C0174,T14541,1011.0,2026-12-06
SHOP_001,C0864,T14542,656.0,2026-12-06
SHOP_001,C0655,T14543,601.0,2026-12-06
SHOP_001,C0528,T14544,613.0,2026-12-06
SHOP_001,C0077,T14545,600.0,2026-12-06
SHOP_001,C0718,T14546,577.0,2026-12-06
SHOP_001,C0466,T14547,637.0,2026-12-06
SHOP_001,C0271,T14548,735.0,2026-12-06
SHOP_001,C0525,T14549,908.0,2026-12-06
SHOP_001,C0469,T14550,269.0,2026-12-06
SHOP_001,C0253,T14551,728.0,2026-12-06
SHOP_001,C0263,T14552,660.0,2026-12-06
SHOP_001,C0699,T14553,1014.0,2026-12-06
SHOP_001,C0389,T14554,927.0,2026-12-06
SHOP_001,C0396,T14555,728.0,2026-12-06
SHOP_001,C0183,T14556,1170.0,2026-12-06
SHOP_001,C0051,T14557,359.0,2026-12-06
SHOP_001,C0779,T14558,474.0,2026-12-06
SHOP_001,C0556,T14559,852.0,2026-12-06
SHOP_001,C0308,T14560,774.0,2026-12-06
SHOP_001,C0140,T14561,467.0,2026-12-06
SHOP_001,C0258,T14562,913.0,2026-12-06
SHOP_001,C0798,T14563,290.0,2026-12-06
SHOP_001,C0399,T14564,626.0,2026-12-06
SHOP_001,C0019,T14565,961.0,2026-12-06
SHOP_001,C0435,T14566,576.0,2026-12-06
SHOP_001,C0269,T14567,686.0,2026-12-06
SHOP_001,C0374,T14568,992.0,2026-12-06
SHOP_001,C0421,T14569,648.0,2026-12-06
SHOP_001,C0086,T14570,553.0,2026-12-06
SHOP_001,C0289,T14571,461.0,2026-12-06
SHOP_001,C0353,T14572,785.0,2026-12-06
SHOP_001,C0786,T14573,495.0,2026-12-06
SHOP_001,C0305,T14574,921.0,2026-12-06
SHOP_001,C0931,T14575,758.0,2026-12-06
SHOP_001,C0490,T14576,470.0,2026-12-06
SHOP_001,C0026,T14577,532.0,2026-12-06
SHOP_001,C0999,T14578,690.0,2026-12-06
SHOP_001,C0396,T14579,671.0,2026-12-06
SHOP_001,C0854,T14580,264.0,2026-12-06
SHOP_001,C0707,T14581,884.0,2026-12-06
SHOP_001,C0433,T14582,551.0,2026-12-06
SHOP_001,C0220,T14583,486.0,2026-12-06
SHOP_001,C0679,T14584,657.0,2026-12-06
SHOP_001,C0187,T14585,499.0,2026-12-06
SHOP_001,C0377,T14586,770.0,2026-12-06
SHOP_001,C0841,T14587,497.0,2026-12-07
SHOP_001,C0761,T14588,523.0,2026-12-07
SHOP_001,C0509,T14589,533.0,2026-12-07
SHOP_001,C0997,T14590,517.0,2026-12-07
SHOP_001,C0967,T14591,642.0,2026-12-07
SHOP_001,C0950,T14592,673.0,2026-12-07
SHOP_001,C0509,T14593,704.0,2026-12-07
SHOP_001,C0458,T14594,820.0,2026-12-07
SHOP_001,C0241,T14595,625.0,2026-12-07
SHOP_001,C0227,T14596,491.0,2026-12-07
SHOP_001,C0931,T14597,422.0,2026-12-07
SHOP_001,C0042,T14598,303.0,2026-12-07
SHOP_001,C0865,T14599,471.0,2026-12-07
SHOP_001,C0077,T14600,591.0,2026-12-07
SHOP_001,C0338,T14601,489.0,2026-12-07
SHOP_001,C0655,T14602,505.0,2026-12-07
SHOP_001,C0685,T14603,338.0,2026-12-07
SHOP_001,C0353,T14604,925.0,2026-12-07
SHOP_001,C0496,T14605,498.0,2026-12-07
SHOP_001,C0424,T14606,687.0,2026-12-07
SHOP_001,C0031,T14607,683.0,2026-12-07
SHOP_001,C0406,T14608,750.0,2026-12-07
SHOP_001,C0590,T14609,890.0,2026-12-07
SHOP_001,C0325,T14610,424.0,2026-12-07
SHOP_001,C0782,T14611,356.0,2026-12-07
SHOP_001,C0343,T14612,190.0,2026-12-07
SHOP_001,C0900,T14613,517.0,2026-12-07
SHOP_001,C0493,T14614,583.0,2026-12-07
SHOP_001,C0140,T14615,303.0,2026-12-07
SHOP_001,C0790,T14616,584.0,2026-12-07
SHOP_001,C0693,T14617,988.0,2026-12-07
SHOP_001,C0316,T14618,614.0,2026-12-08
SHOP_001,C0943,T14619,458.0,2026-12-08
SHOP_001,C0891,T14620,464.0,2026-12-08
SHOP_001,C0352,T14621,611.0,2026-12-08
SHOP_001,C0199,T14622,384.0,2026-12-08
SHOP_001,C0544,T14623,360.0,2026-12-08
SHOP_001,C0808,T14624,417.0,2026-12-08
SHOP_001,C0354,T14625,378.0,2026-12-08
SHOP_001,C0848,T14626,1177.0,2026-12-08
SHOP_001,C0882,T14627,510.0,2026-12-08
SHOP_001,C0874,T14628,525.0,2026-12-08
SHOP_001,C0590,T14629,685.0,2026-12-08
SHOP_001,C0254,T14630,388.0,2026-12-08
SHOP_001,C0784,T14631,707.0,2026-12-08
SHOP_001,C0657,T14632,596.0,2026-12-08
SHOP_001,C0666,T14633,793.0,2026-12-08
SHOP_001,C0355,T14634,412.0,2026-12-08
SHOP_001,C0097,T14635,515.0,2026-12-08
SHOP_001,C0771,T14636,742.0,2026-12-08
SHOP_001,C0228,T14637,577.0,2026-12-08
SHOP_001,C0294,T14638,286.0,2026-12-08
SHOP_001,C0793,T14639,720.0,2026-12-08
SHOP_001,C0221,T14640,805.0,2026-12-08
SHOP_001,C0129,T14641,537.0,2026-12-08
SHOP_001,C0033,T14642,358.0,2026-12-08
SHOP_001,C0369,T14643,390.0,2026-12-09
SHOP_001,C0158,T14644,709.0,2026-12-09
SHOP_001,C0233,T14645,423.0,2026-12-09
SHOP_001,C0809,T14646,645.0,2026-12-09
SHOP_001,C0723,T14647,308.0,2026-12-09
SHOP_001,C0246,T14648,581.0,2026-12-09
SHOP_001,C0401,T14649,755.0,2026-12-09
SHOP_001,C0201,T14650,381.0,2026-12-09
SHOP_001,C0384,T14651,571.0,2026-12-09
SHOP_001,C0724,T14652,354.0,2026-12-09
SHOP_001,C0683,T14653,263.0,2026-12-09
SHOP_001,C0360,T14654,465.0,2026-12-09
SHOP_001,C0030,T14655,344.0,2026-12-09
SHOP_001,C0233,T14656,509.0,2026-12-09
SHOP_001,C0097,T14657,525.0,2026-12-09
SHOP_001,C0025,T14658,345.0,2026-12-09
SHOP_001,C0295,T14659,169.0,2026-12-09
SHOP_001,C0741,T14660,296.0,2026-12-09
SHOP_001,C0135,T14661,355.0,2026-12-09
SHOP_001,C0475,T14662,564.0,2026-12-09
SHOP_001,C0741,T14663,270.0,2026-12-09
SHOP_001,C0263,T14664,467.0,2026-12-09
SHOP_001,C0097,T14665,1220.0,2026-12-09
SHOP_001,C0718,T14666,303.0,2026-12-09
SHOP_001,C0810,T14667,855.0,2026-12-09
SHOP_001,C0174,T14668,811.0,2026-12-09
SHOP_001,C0153,T14669,601.0,2026-12-09
SHOP_001,C0288,T14670,882.0,2026-12-09
SHOP_001,C0418,T14671,766.0,2026-12-09
SHOP_001,C0066,T14672,563.0,2026-12-09
SHOP_001,C0391,T14673,351.0,2026-12-09
SHOP_001,C0808,T14674,380.0,2026-12-09
SHOP_001,C0625,T14675,880.0,2026-12-09
SHOP_001,C0924,T14676,676.0,2026-12-09
SHOP_001,C0901,T14677,399.0,2026-12-09
SHOP_001,C0195,T14678,802.0,2026-12-09
SHOP_001,C0343,T14679,346.0,2026-12-09
SHOP_001,C0202,T14680,405.0,2026-12-09
SHOP_001,C0492,T14681,520.0,2026-12-09
SHOP_001,C0384,T14682,397.0,2026-12-09
SHOP_001,C0583,T14683,295.0,2026-12-09
SHOP_001,C0177,T14684,873.0,2026-12-09
SHOP_001,C0518,T14685,907.0,2026-12-09
SHOP_001,C0227,T14686,676.0,2026-12-09
SHOP_001,C0469,T14687,281.0,2026-12-09
SHOP_001,C0854,T14688,384.0,2026-12-09
SHOP_001,C0705,T14689,825.0,2026-12-09
SHOP_001,C0901,T14690,383.0,2026-12-10
SHOP_001,C0903,T14691,432.0,2026-12-10
SHOP_001,C0961,T14692,837.0,2026-12-10
SHOP_001,C0768,T14693,798.0,2026-12-10
SHOP_001,C0080,T14694,542.0,2026-12-10
SHOP_001,C0402,T14695,404.0,2026-12-10
SHOP_001,C0464,T14696,434.0,2026-12-10
SHOP_001,C0872,T14697,470.0,2026-12-10
SHOP_001,C0214,T14698,605.0,2026-12-10
SHOP_001,C0477,T14699,473.0,2026-12-10
SHOP_001,C0604,T14700,598.0,2026-12-10
SHOP_001,C0408,T14701,601.0,2026-12-10
SHOP_001,C0080,T14702,613.0,2026-12-10
SHOP_001,C0493,T14703,442.0,2026-12-10
SHOP_001,C0031,T14704,416.0,2026-12-10
SHOP_001,C0345,T14705,773.0,2026-12-10
SHOP_001,C0943,T14706,564.0,2026-12-10
SHOP_001,C0409,T14707,325.0,2026-12-10
SHOP_001,C0304,T14708,371.0,2026-12-10
SHOP_001,C0412,T14709,684.0,2026-12-10
SHOP_001,C0307,T14710,479.0,2026-12-10
SHOP_001,C0019,T14711,645.0,2026-12-10
SHOP_001,C0408,T14712,520.0,2026-12-10
SHOP_001,C0512,T14713,423.0,2026-12-10
SHOP_001,C0347,T14714,508.0,2026-12-10
SHOP_001,C0477,T14715,540.0,2026-12-10
SHOP_001,C0090,T14716,344.0,2026-12-10
SHOP_001,C0014,T14717,734.0,2026-12-10
SHOP_001,C0435,T14718,424.0,2026-12-10
SHOP_001,C0329,T14719,417.0,2026-12-10
SHOP_001,C0188,T14720,384.0,2026-12-10
SHOP_001,C0028,T14721,489.0,2026-12-10
SHOP_001,C0098,T14722,235.0,2026-12-10
SHOP_001,C0578,T14723,263.0,2026-12-10
SHOP_001,C0323,T14724,593.0,2026-12-10
SHOP_001,C0062,T14725,589.0,2026-12-11
SHOP_001,C0808,T14726,839.0,2026-12-11
SHOP_001,C0345,T14727,515.0,2026-12-11
SHOP_001,C0077,T14728,588.0,2026-12-11
SHOP_001,C0341,T14729,466.0,2026-12-11
SHOP_001,C0966,T14730,407.0,2026-12-11
SHOP_001,C0353,T14731,572.0,2026-12-11
SHOP_001,C0396,T14732,468.0,2026-12-11
SHOP_001,C0774,T14733,627.0,2026-12-11
SHOP_001,C0987,T14734,534.0,2026-12-11
SHOP_001,C0809,T14735,489.0,2026-12-11
SHOP_001,C0092,T14736,605.0,2026-12-11
SHOP_001,C0768,T14737,1316.0,2026-12-11
SHOP_001,C0355,T14738,279.0,2026-12-11
SHOP_001,C0106,T14739,406.0,2026-12-11
SHOP_001,C0457,T14740,461.0,2026-12-11
SHOP_001,C0353,T14741,1087.0,2026-12-11
SHOP_001,C0343,T14742,175.0,2026-12-11
SHOP_001,C0495,T14743,1060.0,2026-12-11
SHOP_001,C0791,T14744,503.0,2026-12-11
SHOP_001,C0433,T14745,591.0,2026-12-11
SHOP_001,C0460,T14746,343.0,2026-12-11
SHOP_001,C0050,T14747,678.0,2026-12-11
SHOP_001,C0556,T14748,452.0,2026-12-11
SHOP_001,C0406,T14749,793.0,2026-12-11
SHOP_001,C0368,T14750,951.0,2026-12-11
SHOP_001,C0366,T14751,647.0,2026-12-11
SHOP_001,C0802,T14752,737.0,2026-12-11
SHOP_001,C0903,T14753,528.0,2026-12-11
SHOP_001,C0805,T14754,479.0,2026-12-11
SHOP_001,C0202,T14755,1235.0,2026-12-11
SHOP_001,C0492,T14756,1361.0,2026-12-11
SHOP_001,C0490,T14757,932.0,2026-12-11
SHOP_001,C0754,T14758,657.0,2026-12-11
SHOP_001,C0446,T14759,578.0,2026-12-11
SHOP_001,C0667,T14760,483.0,2026-12-11
SHOP_001,C0927,T14761,599.0,2026-12-11
SHOP_001,C0579,T14762,548.0,2026-12-11
SHOP_001,C0873,T14763,584.0,2026-12-11
SHOP_001,C0681,T14764,305.0,2026-12-11
SHOP_001,C0768,T14765,457.0,2026-12-11
SHOP_001,C0484,T14766,426.0,2026-12-11
SHOP_001,C0435,T14767,597.0,2026-12-11
SHOP_001,C0777,T14768,601.0,2026-12-11
SHOP_001,C0533,T14769,359.0,2026-12-11
SHOP_001,C0557,T14770,384.0,2026-12-11
SHOP_001,C0214,T14771,484.0,2026-12-11
SHOP_001,C0686,T14772,462.0,2026-12-11
SHOP_001,C0188,T14773,566.0,2026-12-11
SHOP_001,C0685,T14774,445.0,2026-12-11
SHOP_001,C0676,T14775,307.0,2026-12-11
SHOP_001,C0478,T14776,493.0,2026-12-11
SHOP_001,C0686,T14777,451.0,2026-12-11
SHOP_001,C0077,T14778,877.0,2026-12-11
SHOP_001,C0681,T14779,363.0,2026-12-11
SHOP_001,C0901,T14780,501.0,2026-12-11
SHOP_001,C0277,T14781,527.0,2026-12-11
SHOP_001,C0780,T14782,695.0,2026-12-12
SHOP_001,C0622,T14783,454.0,2026-12-12
SHOP_001,C0204,T14784,661.0,2026-12-12
SHOP_001,C0084,T14785,650.0,2026-12-12
SHOP_001,C0209,T14786,514.0,2026-12-12
SHOP_001,C0109,T14787,625.0,2026-12-12
SHOP_001,C0035,T14788,472.0,2026-12-12
SHOP_001,C0525,T14789,867.0,2026-12-12
SHOP_001,C0493,T14790,957.0,2026-12-12
SHOP_001,C0242,T14791,845.0,2026-12-12
SHOP_001,C0495,T14792,741.0,2026-12-12
SHOP_001,C0610,T14793,1127.0,2026-12-12
SHOP_001,C0693,T14794,514.0,2026-12-12
SHOP_001,C0188,T14795,418.0,2026-12-12
SHOP_001,C0965,T14796,666.0,2026-12-12
SHOP_001,C0831,T14797,986.0,2026-12-12
SHOP_001,C0042,T14798,285.0,2026-12-12
SHOP_001,C0900,T14799,610.0,2026-12-12
SHOP_001,C0535,T14800,936.0,2026-12-12
SHOP_001,C0421,T14801,441.0,2026-12-12
SHOP_001,C0353,T14802,848.0,2026-12-12
SHOP_001,C0639,T14803,399.0,2026-12-12
SHOP_001,C0322,T14804,732.0,2026-12-12
SHOP_001,C0509,T14805,1310.0,2026-12-12
SHOP_001,C0891,T14806,533.0,2026-12-12
SHOP_001,C0900,T14807,452.0,2026-12-12
SHOP_001,C0693,T14808,1141.0,2026-12-12
SHOP_001,C0325,T14809,885.0,2026-12-12
SHOP_001,C0438,T14810,604.0,2026-12-12
SHOP_001,C0805,T14811,633.0,2026-12-12
SHOP_001,C0102,T14812,681.0,2026-12-12
SHOP_001,C0506,T14813,480.0,2026-12-12
SHOP_001,C0820,T14814,258.0,2026-12-12
SHOP_001,C0754,T14815,1078.0,2026-12-12
SHOP_001,C0738,T14816,592.0,2026-12-12
SHOP_001,C0787,T14817,544.0,2026-12-12
SHOP_001,C0493,T14818,542.0,2026-12-12
SHOP_001,C0517,T14819,513.0,2026-12-12
SHOP_001,C0064,T14820,776.0,2026-12-12
SHOP_001,C0933,T14821,300.0,2026-12-12
SHOP_001,C0908,T14822,440.0,2026-12-12
SHOP_001,C0754,T14823,530.0,2026-12-12
SHOP_001,C0028,T14824,580.0,2026-12-12
SHOP_001,C0769,T14825,463.0,2026-12-12
SHOP_001,C0456,T14826,292.0,2026-12-12
SHOP_001,C0426,T14827,417.0,2026-12-12
SHOP_001,C0008,T14828,1530.0,2026-12-13
SHOP_001,C0506,T14829,238.0,2026-12-13
SHOP_001,C0261,T14830,336.0,2026-12-13
SHOP_001,C0456,T14831,372.0,2026-12-13
SHOP_001,C0586,T14832,682.0,2026-12-13
SHOP_001,C0274,T14833,613.0,2026-12-13
SHOP_001,C0097,T14834,573.0,2026-12-13
SHOP_001,C0307,T14835,1028.0,2026-12-13
SHOP_001,C0854,T14836,374.0,2026-12-13
SHOP_001,C0928,T14837,718.0,2026-12-13
SHOP_001,C0035,T14838,646.0,2026-12-13
SHOP_001,C0745,T14839,622.0,2026-12-13
SHOP_001,C0112,T14840,1518.0,2026-12-13
SHOP_001,C0780,T14841,794.0,2026-12-13
SHOP_001,C0939,T14842,785.0,2026-12-13
SHOP_001,C0780,T14843,422.0,2026-12-13
SHOP_001,C0183,T14844,1288.0,2026-12-13
SHOP_001,C0295,T14845,252.0,2026-12-13
SHOP_001,C0294,T14846,592.0,2026-12-13
SHOP_001,C0677,T14847,538.0,2026-12-13
SHOP_001,C0280,T14848,391.0,2026-12-13
SHOP_001,C0153,T14849,1153.0,2026-12-13
SHOP_001,C0258,T14850,524.0,2026-12-13
SHOP_001,C0809,T14851,465.0,2026-12-13
SHOP_001,C0144,T14852,478.0,2026-12-13
SHOP_001,C0908,T14853,283.0,2026-12-13
SHOP_001,C0273,T14854,773.0,2026-12-13
SHOP_001,C0469,T14855,435.0,2026-12-13
SHOP_001,C0440,T14856,659.0,2026-12-13
SHOP_001,C0421,T14857,612.0,2026-12-13
SHOP_001,C0279,T14858,223.0,2026-12-13
SHOP_001,C0216,T14859,434.0,2026-12-13
SHOP_001,C0694,T14860,790.0,2026-12-13
SHOP_001,C0663,T14861,711.0,2026-12-13
SHOP_001,C0541,T14862,469.0,2026-12-13
SHOP_001,C0415,T14863,479.0,2026-12-13
SHOP_001,C0456,T14864,361.0,2026-12-13
SHOP_001,C0277,T14865,888.0,2026-12-13
SHOP_001,C0761,T14866,552.0,2026-12-13
SHOP_001,C0151,T14867,722.0,2026-12-13
SHOP_001,C0077,T14868,619.0,2026-12-13
SHOP_001,C0323,T14869,1116.0,2026-12-13
SHOP_001,C0713,T14870,326.0,2026-12-13
SHOP_001,C0377,T14871,724.0,2026-12-13
SHOP_001,C0305,T14872,546.0,2026-12-13
SHOP_001,C0826,T14873,444.0,2026-12-13
SHOP_001,C0263,T14874,589.0,2026-12-13
SHOP_001,C0745,T14875,678.0,2026-12-13
SHOP_001,C0312,T14876,999.0,2026-12-13
SHOP_001,C0808,T14877,509.0,2026-12-13
SHOP_001,C0529,T14878,576.0,2026-12-13
SHOP_001,C0341,T14879,880.0,2026-12-13
SHOP_001,C0021,T14880,650.0,2026-12-13
SHOP_001,C0080,T14881,1215.0,2026-12-13
SHOP_001,C0105,T14882,1021.0,2026-12-13
SHOP_001,C0771,T14883,652.0,2026-12-13
SHOP_001,C0205,T14884,511.0,2026-12-13
SHOP_001,C0608,T14885,570.0,2026-12-13
SHOP_001,C0685,T14886,366.0,2026-12-13
SHOP_001,C0724,T14887,729.0,2026-12-14
SHOP_001,C0881,T14888,543.0,2026-12-14
SHOP_001,C0943,T14889,682.0,2026-12-14
SHOP_001,C0544,T14890,530.0,2026-12-14
SHOP_001,C0648,T14891,338.0,2026-12-14
SHOP_001,C0294,T14892,760.0,2026-12-14
SHOP_001,C0181,T14893,579.0,2026-12-14
SHOP_001,C0359,T14894,952.0,2026-12-14
SHOP_001,C0744,T14895,448.0,2026-12-14
SHOP_001,C0908,T14896,680.0,2026-12-14
SHOP_001,C0515,T14897,1036.0,2026-12-14
SHOP_001,C0685,T14898,337.0,2026-12-14
SHOP_001,C0872,T14899,650.0,2026-12-14
SHOP_001,C0978,T14900,443.0,2026-12-14
SHOP_001,C0790,T14901,627.0,2026-12-14
SHOP_001,C0186,T14902,646.0,2026-12-14
SHOP_001,C0200,T14903,425.0,2026-12-14
SHOP_001,C0036,T14904,713.0,2026-12-14
SHOP_001,C0685,T14905,377.0,2026-12-14
SHOP_001,C0097,T14906,861.0,2026-12-14
SHOP_001,C0080,T14907,776.0,2026-12-14
SHOP_001,C0080,T14908,804.0,2026-12-14
SHOP_001,C0457,T14909,508.0,2026-12-14
SHOP_001,C0506,T14910,308.0,2026-12-14
SHOP_001,C0808,T14911,406.0,2026-12-14
SHOP_001,C0723,T14912,437.0,2026-12-14
SHOP_001,C0648,T14913,426.0,2026-12-14
SHOP_001,C0343,T14914,150.0,2026-12-14
SHOP_001,C0762,T14915,848.0,2026-12-14
SHOP_001,C0671,T14916,857.0,2026-12-14
SHOP_001,C0030,T14917,314.0,2026-12-14
SHOP_001,C0183,T14918,900.0,2026-12-14
SHOP_001,C0067,T14919,664.0,2026-12-14
SHOP_001,C0989,T14920,515.0,2026-12-14
SHOP_001,C0626,T14921,603.0,2026-12-14
SHOP_001,C0808,T14922,503.0,2026-12-14
SHOP_001,C0966,T14923,604.0,2026-12-14
SHOP_001,C0341,T14924,432.0,2026-12-15
SHOP_001,C0701,T14925,740.0,2026-12-15
SHOP_001,C0496,T14926,776.0,2026-12-15
SHOP_001,C0707,T14927,929.0,2026-12-15
SHOP_001,C0881,T14928,361.0,2026-12-15
SHOP_001,C0231,T14929,585.0,2026-12-15
SHOP_001,C0805,T14930,754.0,2026-12-15
SHOP_001,C0258,T14931,357.0,2026-12-15
SHOP_001,C0370,T14932,486.0,2026-12-15
SHOP_001,C0031,T14933,560.0,2026-12-15
SHOP_001,C0106,T14934,506.0,2026-12-15
SHOP_001,C0524,T14935,482.0,2026-12-15
SHOP_001,C0212,T14936,549.0,2026-12-15
SHOP_001,C0254,T14937,776.0,2026-12-15
SHOP_001,C0939,T14938,469.0,2026-12-15
SHOP_001,C0903,T14939,355.0,2026-12-15
SHOP_001,C0140,T14940,446.0,2026-12-15
SHOP_001,C0609,T14941,722.0,2026-12-15
SHOP_001,C0897,T14942,967.0,2026-12-15
SHOP_001,C0805,T14943,555.0,2026-12-15
SHOP_001,C0498,T14944,840.0,2026-12-15
SHOP_001,C0073,T14945,857.0,2026-12-15
SHOP_001,C0610,T14946,600.0,2026-12-15
SHOP_001,C0027,T14947,288.0,2026-12-15
SHOP_001,C0027,T14948,575.0,2026-12-15
SHOP_001,C0183,T14949,896.0,2026-12-15
SHOP_001,C0671,T14950,616.0,2026-12-15
SHOP_001,C0901,T14951,401.0,2026-12-15
SHOP_001,C0063,T14952,532.0,2026-12-15
SHOP_001,C0665,T14953,390.0,2026-12-15
SHOP_001,C0254,T14954,245.0,2026-12-15
SHOP_001,C0242,T14955,539.0,2026-12-15
SHOP_001,C0294,T14956,504.0,2026-12-15
SHOP_001,C0315,T14957,813.0,2026-12-16
SHOP_001,C0142,T14958,475.0,2026-12-16
SHOP_001,C0737,T14959,666.0,2026-12-16
SHOP_001,C0737,T14960,783.0,2026-12-16
SHOP_001,C0353,T14961,967.0,2026-12-16
SHOP_001,C0202,T14962,558.0,2026-12-16
SHOP_001,C0732,T14963,720.0,2026-12-16
SHOP_001,C0143,T14964,450.0,2026-12-16
SHOP_001,C0181,T14965,441.0,2026-12-16
SHOP_001,C0685,T14966,365.0,2026-12-16
SHOP_001,C0242,T14967,1047.0,2026-12-16
SHOP_001,C0185,T14968,503.0,2026-12-16
SHOP_001,C0019,T14969,434.0,2026-12-16
SHOP_001,C0073,T14970,523.0,2026-12-16
SHOP_001,C0882,T14971,492.0,2026-12-16
SHOP_001,C0874,T14972,584.0,2026-12-16
SHOP_001,C0973,T14973,1088.0,2026-12-16
SHOP_001,C0342,T14974,722.0,2026-12-16
SHOP_001,C0999,T14975,309.0,2026-12-16
SHOP_001,C0919,T14976,263.0,2026-12-16
SHOP_001,C0389,T14977,852.0,2026-12-16
SHOP_001,C0744,T14978,609.0,2026-12-16
SHOP_001,C0984,T14979,714.0,2026-12-16
SHOP_001,C0174,T14980,725.0,2026-12-16
SHOP_001,C0180,T14981,713.0,2026-12-16
SHOP_001,C0903,T14982,519.0,2026-12-16
SHOP_001,C0707,T14983,798.0,2026-12-16
SHOP_001,C0030,T14984,383.0,2026-12-16
SHOP_001,C0639,T14985,616.0,2026-12-16
SHOP_001,C0768,T14986,1004.0,2026-12-16
SHOP_001,C0928,T14987,561.0,2026-12-16
SHOP_001,C0900,T14988,1024.0,2026-12-16
SHOP_001,C0019,T14989,953.0,2026-12-16
SHOP_001,C0716,T14990,1184.0,2026-12-16
SHOP_001,C0933,T14991,537.0,2026-12-16
SHOP_001,C0263,T14992,560.0,2026-12-16
SHOP_001,C0352,T14993,828.0,2026-12-16
SHOP_001,C0229,T14994,884.0,2026-12-17
SHOP_001,C0227,T14995,353.0,2026-12-17
SHOP_001,C0312,T14996,1052.0,2026-12-17
SHOP_001,C0687,T14997,885.0,2026-12-17
SHOP_001,C0440,T14998,640.0,2026-12-17
SHOP_001,C0651,T14999,427.0,2026-12-17
SHOP_001,C0345,T15000,381.0,2026-12-17
SHOP_001,C0940,T15001,331.0,2026-12-17
SHOP_001,C0539,T15002,698.0,2026-12-17
SHOP_001,C0719,T15003,438.0,2026-12-17
SHOP_001,C0809,T15004,340.0,2026-12-17
SHOP_001,C0019,T15005,493.0,2026-12-17
SHOP_001,C0386,T15006,670.0,2026-12-17
SHOP_001,C0373,T15007,325.0,2026-12-17
SHOP_001,C0315,T15008,1088.0,2026-12-17
SHOP_001,C0029,T15009,719.0,2026-12-17
SHOP_001,C0939,T15010,917.0,2026-12-17
SHOP_001,C0681,T15011,302.0,2026-12-17
SHOP_001,C0552,T15012,888.0,2026-12-17
SHOP_001,C0377,T15013,387.0,2026-12-17
SHOP_001,C0997,T15014,836.0,2026-12-17
SHOP_001,C0188,T15015,639.0,2026-12-17
SHOP_001,C0042,T15016,300.0,2026-12-17
SHOP_001,C0940,T15017,375.0,2026-12-17
SHOP_001,C0719,T15018,489.0,2026-12-17
SHOP_001,C0448,T15019,654.0,2026-12-17
SHOP_001,C0847,T15020,450.0,2026-12-17
SHOP_001,C0862,T15021,532.0,2026-12-17
SHOP_001,C0352,T15022,941.0,2026-12-17
SHOP_001,C0967,T15023,309.0,2026-12-17
SHOP_001,C0900,T15024,654.0,2026-12-17
SHOP_001,C0657,T15025,1297.0,2026-12-17
SHOP_001,C0193,T15026,655.0,2026-12-18
SHOP_001,C0685,T15027,339.0,2026-12-18
SHOP_001,C0142,T15028,589.0,2026-12-18
SHOP_001,C0777,T15029,745.0,2026-12-18
SHOP_001,C0685,T15030,342.0,2026-12-18
SHOP_001,C0827,T15031,605.0,2026-12-18
SHOP_001,C0784,T15032,892.0,2026-12-18
SHOP_001,C0997,T15033,689.0,2026-12-18
SHOP_001,C0808,T15034,836.0,2026-12-18
SHOP_001,C0551,T15035,770.0,2026-12-18
SHOP_001,C0355,T15036,816.0,2026-12-18
SHOP_001,C0498,T15037,581.0,2026-12-18
SHOP_001,C0341,T15038,685.0,2026-12-18
SHOP_001,C0137,T15039,664.0,2026-12-18
SHOP_001,C0579,T15040,316.0,2026-12-18
SHOP_001,C0753,T15041,801.0,2026-12-18
SHOP_001,C0495,T15042,764.0,2026-12-18
SHOP_001,C0941,T15043,431.0,2026-12-18
SHOP_001,C0308,T15044,669.0,2026-12-18
SHOP_001,C0713,T15045,604.0,2026-12-18
SHOP_001,C0144,T15046,850.0,2026-12-18
SHOP_001,C0990,T15047,612.0,2026-12-18
SHOP_001,C0030,T15048,450.0,2026-12-18
SHOP_001,C0844,T15049,680.0,2026-12-18
SHOP_001,C0512,T15050,462.0,2026-12-18
SHOP_001,C0539,T15051,584.0,2026-12-18
SHOP_001,C0579,T15052,504.0,2026-12-18
SHOP_001,C0031,T15053,738.0,2026-12-18
SHOP_001,C0636,T15054,1087.0,2026-12-18
SHOP_001,C0449,T15055,400.0,2026-12-18
SHOP_001,C0446,T15056,467.0,2026-12-18
SHOP_001,C0910,T15057,505.0,2026-12-18
SHOP_001,C0435,T15058,694.0,2026-12-18
SHOP_001,C0793,T15059,677.0,2026-12-18
SHOP_001,C0353,T15060,830.0,2026-12-18
SHOP_001,C0733,T15061,553.0,2026-12-18
SHOP_001,C0353,T15062,418.0,2026-12-18
SHOP_001,C0174,T15063,678.0,2026-12-18
SHOP_001,C0515,T15064,582.0,2026-12-18
SHOP_001,C0583,T15065,560.0,2026-12-18
SHOP_001,C0477,T15066,479.0,2026-12-18
SHOP_001,C0739,T15067,694.0,2026-12-18
SHOP_001,C0130,T15068,379.0,2026-12-18
SHOP_001,C0844,T15069,898.0,2026-12-18
SHOP_001,C0714,T15070,576.0,2026-12-19
SHOP_001,C0956,T15071,484.0,2026-12-19
SHOP_001,C0848,T15072,420.0,2026-12-19
SHOP_001,C0677,T15073,1004.0,2026-12-19
SHOP_001,C0778,T15074,420.0,2026-12-19
SHOP_001,C0848,T15075,1183.0,2026-12-19
SHOP_001,C0097,T15076,725.0,2026-12-19
SHOP_001,C0246,T15077,259.0,2026-12-19
SHOP_001,C0144,T15078,643.0,2026-12-19
SHOP_001,C0105,T15079,998.0,2026-12-19
SHOP_001,C0793,T15080,468.0,2026-12-19
SHOP_001,C0205,T15081,551.0,2026-12-19
SHOP_001,C0780,T15082,617.0,2026-12-19
SHOP_001,C0782,T15083,340.0,2026-12-19
SHOP_001,C0277,T15084,656.0,2026-12-19
SHOP_001,C0353,T15085,535.0,2026-12-19
SHOP_001,C0478,T15086,669.0,2026-12-19
SHOP_001,C0855,T15087,436.0,2026-12-19
SHOP_001,C0401,T15088,1205.0,2026-12-19
SHOP_001,C0646,T15089,596.0,2026-12-19
SHOP_001,C0440,T15090,504.0,2026-12-19
SHOP_001,C0618,T15091,684.0,2026-12-19
SHOP_001,C0967,T15092,561.0,2026-12-19
SHOP_001,C0741,T15093,479.0,2026-12-19
SHOP_001,C0142,T15094,976.0,2026-12-19
SHOP_001,C0031,T15095,356.0,2026-12-19
SHOP_001,C0097,T15096,863.0,2026-12-19
SHOP_001,C0490,T15097,551.0,2026-12-19
SHOP_001,C0943,T15098,471.0,2026-12-19
SHOP_001,C0229,T15099,661.0,2026-12-19
SHOP_001,C0233,T15100,370.0,2026-12-19
SHOP_001,C0296,T15101,479.0,2026-12-19
SHOP_001,C0989,T15102,306.0,2026-12-19
SHOP_001,C0997,T15103,808.0,2026-12-19
SHOP_001,C0464,T15104,540.0,2026-12-19
SHOP_001,C0129,T15105,620.0,2026-12-19
SHOP_001,C0528,T15106,357.0,2026-12-19
SHOP_001,C0670,T15107,352.0,2026-12-19
SHOP_001,C0590,T15108,642.0,2026-12-19
SHOP_001,C0426,T15109,343.0,2026-12-19
SHOP_001,C0467,T15110,760.0,2026-12-19
SHOP_001,C0872,T15111,924.0,2026-12-19
SHOP_001,C0498,T15112,787.0,2026-12-19
SHOP_001,C0648,T15113,343.0,2026-12-19
SHOP_001,C0378,T15114,761.0,2026-12-19
SHOP_001,C0153,T15115,668.0,2026-12-19
SHOP_001,C0341,T15116,502.0,2026-12-19
SHOP_001,C0544,T15117,317.0,2026-12-19
SHOP_001,C0831,T15118,622.0,2026-12-19
SHOP_001,C0724,T15119,359.0,2026-12-19
SHOP_001,C0792,T15120,431.0,2026-12-19
SHOP_001,C0468,T15121,1184.0,2026-12-19
SHOP_001,C0188,T15122,419.0,2026-12-19
SHOP_001,C0142,T15123,392.0,2026-12-19
SHOP_001,C0338,T15124,328.0,2026-12-19
SHOP_001,C0985,T15125,531.0,2026-12-19
SHOP_001,C0671,T15126,530.0,2026-12-19
SHOP_001,C0345,T15127,767.0,2026-12-19
SHOP_001,C0677,T15128,608.0,2026-12-19
SHOP_001,C0466,T15129,729.0,2026-12-19
SHOP_001,C0613,T15130,540.0,2026-12-19
SHOP_001,C0848,T15131,591.0,2026-12-19
SHOP_001,C0202,T15132,841.0,2026-12-19
SHOP_001,C0484,T15133,743.0,2026-12-19
SHOP_001,C0739,T15134,1069.0,2026-12-19
SHOP_001,C0901,T15135,274.0,2026-12-20
SHOP_001,C0352,T15136,592.0,2026-12-20
SHOP_001,C0180,T15137,631.0,2026-12-20
SHOP_001,C0609,T15138,1047.0,2026-12-20
SHOP_001,C0950,T15139,907.0,2026-12-20
SHOP_001,C0780,T15140,510.0,2026-12-20
SHOP_001,C0882,T15141,324.0,2026-12-20
SHOP_001,C0567,T15142,610.0,2026-12-20
SHOP_001,C0080,T15143,1114.0,2026-12-20
SHOP_001,C0067,T15144,876.0,2026-12-20
SHOP_001,C0767,T15145,244.0,2026-12-20
SHOP_001,C0584,T15146,265.0,2026-12-20
SHOP_001,C0135,T15147,267.0,2026-12-20
SHOP_001,C0457,T15148,610.0,2026-12-20
SHOP_001,C0665,T15149,414.0,2026-12-20
SHOP_001,C0744,T15150,651.0,2026-12-20
SHOP_001,C0618,T15151,680.0,2026-12-20
SHOP_001,C0747,T15152,510.0,2026-12-20
SHOP_001,C0648,T15153,337.0,2026-12-20
SHOP_001,C0666,T15154,409.0,2026-12-20
SHOP_001,C0084,T15155,879.0,2026-12-20
SHOP_001,C0030,T15156,766.0,2026-12-20
SHOP_001,C0753,T15157,980.0,2026-12-20
SHOP_001,C0282,T15158,530.0,2026-12-20
SHOP_001,C0105,T15159,630.0,2026-12-20
SHOP_001,C0901,T15160,411.0,2026-12-20
SHOP_001,C0406,T15161,703.0,2026-12-20
SHOP_001,C0073,T15162,665.0,2026-12-20
SHOP_001,C0498,T15163,839.0,2026-12-20
SHOP_001,C0546,T15164,466.0,2026-12-20
SHOP_001,C0679,T15165,726.0,2026-12-20
SHOP_001,C0940,T15166,464.0,2026-12-20
SHOP_001,C0146,T15167,259.0,2026-12-20
SHOP_001,C0097,T15168,708.0,2026-12-20
SHOP_001,C0418,T15169,650.0,2026-12-20
SHOP_001,C0014,T15170,818.0,2026-12-20
SHOP_001,C0593,T15171,604.0,2026-12-20
SHOP_001,C0782,T15172,370.0,2026-12-20
SHOP_001,C0679,T15173,516.0,2026-12-20
SHOP_001,C0881,T15174,482.0,2026-12-20
SHOP_001,C0144,T15175,871.0,2026-12-20
SHOP_001,C0396,T15176,527.0,2026-12-20
SHOP_001,C0097,T15177,1003.0,2026-12-20
SHOP_001,C0183,T15178,901.0,2026-12-20
SHOP_001,C0517,T15179,854.0,2026-12-20
SHOP_001,C0901,T15180,427.0,2026-12-20
SHOP_001,C0105,T15181,851.0,2026-12-20
SHOP_001,C0435,T15182,1206.0,2026-12-20
SHOP_001,C0869,T15183,552.0,2026-12-20
SHOP_001,C0458,T15184,506.0,2026-12-20
SHOP_001,C0590,T15185,865.0,2026-12-20
SHOP_001,C0765,T15186,412.0,2026-12-21
SHOP_001,C0308,T15187,559.0,2026-12-21
SHOP_001,C0723,T15188,226.0,2026-12-21
SHOP_001,C0031,T15189,369.0,2026-12-21
SHOP_001,C0202,T15190,872.0,2026-12-21
SHOP_001,C0073,T15191,537.0,2026-12-21
SHOP_001,C0263,T15192,1338.0,2026-12-21
SHOP_001,C0456,T15193,273.0,2026-12-21
SHOP_001,C0478,T15194,510.0,2026-12-21
SHOP_001,C0940,T15195,457.0,2026-12-21
SHOP_001,C0469,T15196,395.0,2026-12-21
SHOP_001,C0866,T15197,743.0,2026-12-21
SHOP_001,C0174,T15198,632.0,2026-12-21
SHOP_001,C0426,T15199,317.0,2026-12-21
SHOP_001,C0123,T15200,557.0,2026-12-21
SHOP_001,C0719,T15201,406.0,2026-12-21
SHOP_001,C0685,T15202,468.0,2026-12-21
SHOP_001,C0621,T15203,456.0,2026-12-21
SHOP_001,C0763,T15204,529.0,2026-12-21
SHOP_001,C0498,T15205,455.0,2026-12-21
SHOP_001,C0805,T15206,436.0,2026-12-21
SHOP_001,C0036,T15207,407.0,2026-12-21
SHOP_001,C0477,T15208,299.0,2026-12-21
SHOP_001,C0432,T15209,353.0,2026-12-21
SHOP_001,C0621,T15210,412.0,2026-12-21
SHOP_001,C0058,T15211,660.0,2026-12-21
SHOP_001,C0796,T15212,304.0,2026-12-21
SHOP_001,C0872,T15213,796.0,2026-12-21
SHOP_001,C0753,T15214,342.0,2026-12-21
SHOP_001,C0590,T15215,642.0,2026-12-21
SHOP_001,C0131,T15216,474.0,2026-12-21
SHOP_001,C0517,T15217,577.0,2026-12-21
SHOP_001,C0966,T15218,590.0,2026-12-21
SHOP_001,C0610,T15219,941.0,2026-12-22
SHOP_001,C0963,T15220,754.0,2026-12-22
SHOP_001,C0738,T15221,1080.0,2026-12-22
SHOP_001,C0882,T15222,255.0,2026-12-22
SHOP_001,C0047,T15223,589.0,2026-12-22
SHOP_001,C0681,T15224,188.0,2026-12-22
SHOP_001,C0943,T15225,554.0,2026-12-22
SHOP_001,C0456,T15226,403.0,2026-12-22
SHOP_001,C0261,T15227,850.0,2026-12-22
SHOP_001,C0331,T15228,596.0,2026-12-22
SHOP_001,C0241,T15229,380.0,2026-12-22
SHOP_001,C0591,T15230,738.0,2026-12-22
SHOP_001,C0105,T15231,564.0,2026-12-22
SHOP_001,C0931,T15232,444.0,2026-12-22
SHOP_001,C0969,T15233,406.0,2026-12-22
SHOP_001,C0719,T15234,422.0,2026-12-22
SHOP_001,C0678,T15235,267.0,2026-12-22
SHOP_001,C0080,T15236,1040.0,2026-12-22
SHOP_001,C0305,T15237,744.0,2026-12-22
SHOP_001,C0809,T15238,429.0,2026-12-22
SHOP_001,C0900,T15239,734.0,2026-12-22
SHOP_001,C0408,T15240,685.0,2026-12-22
SHOP_001,C0685,T15241,229.0,2026-12-22
SHOP_001,C0877,T15242,391.0,2026-12-22
SHOP_001,C0718,T15243,447.0,2026-12-22
SHOP_001,C0960,T15244,478.0,2026-12-22
SHOP_001,C0019,T15245,788.0,2026-12-22
SHOP_001,C0508,T15246,1007.0,2026-12-22
SHOP_001,C0657,T15247,595.0,2026-12-22
SHOP_001,C0343,T15248,173.0,2026-12-22
SHOP_001,C0848,T15249,396.0,2026-12-22
SHOP_001,C0440,T15250,676.0,2026-12-22
SHOP_001,C0873,T15251,452.0,2026-12-22
SHOP_001,C0515,T15252,557.0,2026-12-22
SHOP_001,C0644,T15253,475.0,2026-12-22
SHOP_001,C0625,T15254,523.0,2026-12-22
SHOP_001,C0228,T15255,668.0,2026-12-22
SHOP_001,C0435,T15256,966.0,2026-12-22
SHOP_001,C0947,T15257,219.0,2026-12-22
SHOP_001,C0557,T15258,240.0,2026-12-23
SHOP_001,C0343,T15259,298.0,2026-12-23
SHOP_001,C0090,T15260,819.0,2026-12-23
SHOP_001,C0014,T15261,970.0,2026-12-23
SHOP_001,C0102,T15262,503.0,2026-12-23
SHOP_001,C0253,T15263,438.0,2026-12-23
SHOP_001,C0078,T15264,943.0,2026-12-23
SHOP_001,C0476,T15265,289.0,2026-12-23
SHOP_001,C0830,T15266,451.0,2026-12-23
SHOP_001,C0606,T15267,677.0,2026-12-23
SHOP_001,C0227,T15268,363.0,2026-12-23
SHOP_001,C0510,T15269,518.0,2026-12-23
SHOP_001,C0763,T15270,640.0,2026-12-23
SHOP_001,C0961,T15271,376.0,2026-12-23
SHOP_001,C0931,T15272,691.0,2026-12-23
SHOP_001,C0946,T15273,345.0,2026-12-23
SHOP_001,C0362,T15274,1024.0,2026-12-23
SHOP_001,C0823,T15275,478.0,2026-12-23
SHOP_001,C0730,T15276,838.0,2026-12-23
SHOP_001,C0372,T15277,583.0,2026-12-23
SHOP_001,C0399,T15278,530.0,2026-12-23
SHOP_001,C0407,T15279,323.0,2026-12-23
SHOP_001,C0933,T15280,557.0,2026-12-23
SHOP_001,C0815,T15281,593.0,2026-12-24
SHOP_001,C0515,T15282,523.0,2026-12-24
SHOP_001,C0317,T15283,696.0,2026-12-24
SHOP_001,C0341,T15284,505.0,2026-12-24
SHOP_001,C0826,T15285,311.0,2026-12-24
SHOP_001,C0648,T15286,269.0,2026-12-24
SHOP_001,C0718,T15287,440.0,2026-12-24
SHOP_001,C0426,T15288,309.0,2026-12-24
SHOP_001,C0872,T15289,723.0,2026-12-24
SHOP_001,C0495,T15290,880.0,2026-12-24
SHOP_001,C0832,T15291,793.0,2026-12-24
SHOP_001,C0547,T15292,659.0,2026-12-24
SHOP_001,C0768,T15293,969.0,2026-12-24
SHOP_001,C0498,T15294,329.0,2026-12-24
SHOP_001,C0978,T15295,683.0,2026-12-24
SHOP_001,C0083,T15296,369.0,2026-12-24
SHOP_001,C0584,T15297,582.0,2026-12-24
SHOP_001,C0276,T15298,904.0,2026-12-24
SHOP_001,C0761,T15299,483.0,2026-12-24
SHOP_001,C0490,T15300,448.0,2026-12-24
SHOP_001,C0977,T15301,437.0,2026-12-24
SHOP_001,C0805,T15302,443.0,2026-12-24
SHOP_001,C0556,T15303,538.0,2026-12-24
SHOP_001,C0456,T15304,411.0,2026-12-24
SHOP_001,C0174,T15305,756.0,2026-12-24
SHOP_001,C0202,T15306,545.0,2026-12-24
SHOP_001,C0142,T15307,943.0,2026-12-24
SHOP_001,C0407,T15308,678.0,2026-12-24
SHOP_001,C0505,T15309,446.0,2026-12-24
SHOP_001,C0105,T15310,452.0,2026-12-24
SHOP_001,C0761,T15311,714.0,2026-12-24
SHOP_001,C0331,T15312,636.0,2026-12-24
SHOP_001,C0459,T15313,890.0,2026-12-24
SHOP_001,C0611,T15314,383.0,2026-12-24
SHOP_001,C0800,T15315,656.0,2026-12-24
SHOP_001,C0242,T15316,893.0,2026-12-24
SHOP_001,C0990,T15317,428.0,2026-12-24
SHOP_001,C0142,T15318,301.0,2026-12-24
SHOP_001,C0266,T15319,434.0,2026-12-24
SHOP_001,C0518,T15320,1046.0,2026-12-24
SHOP_001,C0718,T15321,688.0,2026-12-24
SHOP_001,C0457,T15322,548.0,2026-12-24
SHOP_001,C0931,T15323,615.0,2026-12-24
SHOP_001,C0460,T15324,302.0,2026-12-25
SHOP_001,C0279,T15325,667.0,2026-12-25
SHOP_001,C0002,T15326,936.0,2026-12-25
SHOP_001,C0242,T15327,587.0,2026-12-25
SHOP_001,C0811,T15328,447.0,2026-12-25
SHOP_001,C0435,T15329,900.0,2026-12-25
SHOP_001,C0045,T15330,766.0,2026-12-25
SHOP_001,C0686,T15331,302.0,2026-12-25
SHOP_001,C0805,T15332,580.0,2026-12-25
SHOP_001,C0657,T15333,774.0,2026-12-25
SHOP_001,C0781,T15334,335.0,2026-12-25
SHOP_001,C0903,T15335,331.0,2026-12-25
SHOP_001,C0644,T15336,656.0,2026-12-25
SHOP_001,C0105,T15337,1178.0,2026-12-25
SHOP_001,C0426,T15338,338.0,2026-12-25
SHOP_001,C0774,T15339,401.0,2026-12-25
SHOP_001,C0399,T15340,220.0,2026-12-25
SHOP_001,C0711,T15341,350.0,2026-12-25
SHOP_001,C0014,T15342,1257.0,2026-12-25
SHOP_001,C0248,T15343,723.0,2026-12-25
SHOP_001,C0584,T15344,770.0,2026-12-25
SHOP_001,C0187,T15345,439.0,2026-12-25
SHOP_001,C0019,T15346,615.0,2026-12-25
SHOP_001,C0647,T15347,656.0,2026-12-25
SHOP_001,C0510,T15348,595.0,2026-12-25
SHOP_001,C0648,T15349,276.0,2026-12-25
SHOP_001,C0290,T15350,789.0,2026-12-25
SHOP_001,C0924,T15351,451.0,2026-12-25
SHOP_001,C0485,T15352,965.0,2026-12-25
SHOP_001,C0979,T15353,581.0,2026-12-25
SHOP_001,C0670,T15354,424.0,2026-12-25
SHOP_001,C0755,T15355,1071.0,2026-12-25
SHOP_001,C0169,T15356,909.0,2026-12-25
SHOP_001,C0604,T15357,723.0,2026-12-25
SHOP_001,C0685,T15358,468.0,2026-12-25
SHOP_001,C0028,T15359,523.0,2026-12-25
SHOP_001,C0610,T15360,936.0,2026-12-26
SHOP_001,C0924,T15361,715.0,2026-12-26
SHOP_001,C0844,T15362,704.0,2026-12-26
SHOP_001,C0630,T15363,624.0,2026-12-26
SHOP_001,C0967,T15364,588.0,2026-12-26
SHOP_001,C0946,T15365,410.0,2026-12-26
SHOP_001,C0966,T15366,806.0,2026-12-26
SHOP_001,C0940,T15367,908.0,2026-12-26
SHOP_001,C0495,T15368,730.0,2026-12-26
SHOP_001,C0493,T15369,490.0,2026-12-26
SHOP_001,C0557,T15370,395.0,2026-12-26
SHOP_001,C0568,T15371,391.0,2026-12-26
SHOP_001,C0264,T15372,737.0,2026-12-26
SHOP_001,C0019,T15373,629.0,2026-12-26
SHOP_001,C0548,T15374,722.0,2026-12-26
SHOP_001,C0158,T15375,732.0,2026-12-26
SHOP_001,C0943,T15376,1294.0,2026-12-26
SHOP_001,C0466,T15377,1184.0,2026-12-26
SHOP_001,C0872,T15378,1028.0,2026-12-26
SHOP_001,C0767,T15379,622.0,2026-12-26
SHOP_001,C0289,T15380,502.0,2026-12-26
SHOP_001,C0716,T15381,496.0,2026-12-26
SHOP_001,C0279,T15382,455.0,2026-12-26
SHOP_001,C0648,T15383,233.0,2026-12-26
SHOP_001,C0889,T15384,545.0,2026-12-26
SHOP_001,C0985,T15385,889.0,2026-12-26
SHOP_001,C0831,T15386,1531.0,2026-12-26
SHOP_001,C0478,T15387,359.0,2026-12-26
SHOP_001,C0560,T15388,646.0,2026-12-26
SHOP_001,C0672,T15389,398.0,2026-12-26
SHOP_001,C0704,T15390,751.0,2026-12-26
SHOP_001,C0603,T15391,464.0,2026-12-26
SHOP_001,C0080,T15392,995.0,2026-12-26
SHOP_001,C0343,T15393,217.0,2026-12-26
SHOP_001,C0045,T15394,667.0,2026-12-26
SHOP_001,C0557,T15395,576.0,2026-12-26
SHOP_001,C0782,T15396,258.0,2026-12-26
SHOP_001,C0088,T15397,829.0,2026-12-26
SHOP_001,C0723,T15398,409.0,2026-12-26
SHOP_001,C0261,T15399,505.0,2026-12-26
SHOP_001,C0448,T15400,1013.0,2026-12-26
SHOP_001,C0780,T15401,871.0,2026-12-26
SHOP_001,C0308,T15402,1218.0,2026-12-26
SHOP_001,C0824,T15403,501.0,2026-12-27
SHOP_001,C0263,T15404,865.0,2026-12-27
SHOP_001,C0848,T15405,599.0,2026-12-27
SHOP_001,C0560,T15406,774.0,2026-12-27
SHOP_001,C0478,T15407,490.0,2026-12-27
SHOP_001,C0499,T15408,558.0,2026-12-27
SHOP_001,C0162,T15409,768.0,2026-12-27
SHOP_001,C0801,T15410,834.0,2026-12-27
SHOP_001,C0805,T15411,606.0,2026-12-27
SHOP_001,C0710,T15412,684.0,2026-12-27
SHOP_001,C0140,T15413,479.0,2026-12-27
SHOP_001,C0732,T15414,729.0,2026-12-27
SHOP_001,C0132,T15415,1569.0,2026-12-27
SHOP_001,C0276,T15416,691.0,2026-12-27
SHOP_001,C0881,T15417,355.0,2026-12-27
SHOP_001,C0940,T15418,538.0,2026-12-27
SHOP_001,C0019,T15419,494.0,2026-12-27
SHOP_001,C0105,T15420,851.0,2026-12-27
SHOP_001,C0026,T15421,602.0,2026-12-27
SHOP_001,C0202,T15422,694.0,2026-12-27
SHOP_001,C0625,T15423,589.0,2026-12-27
SHOP_001,C0446,T15424,530.0,2026-12-27
SHOP_001,C0459,T15425,1242.0,2026-12-27
SHOP_001,C0254,T15426,507.0,2026-12-27
SHOP_001,C0227,T15427,397.0,2026-12-27
SHOP_001,C0343,T15428,366.0,2026-12-27
SHOP_001,C0186,T15429,467.0,2026-12-27
SHOP_001,C0870,T15430,568.0,2026-12-27
SHOP_001,C0446,T15431,402.0,2026-12-27
SHOP_001,C0202,T15432,723.0,2026-12-27
SHOP_001,C0015,T15433,896.0,2026-12-27
SHOP_001,C0792,T15434,649.0,2026-12-27
SHOP_001,C0233,T15435,490.0,2026-12-27
SHOP_001,C0295,T15436,201.0,2026-12-27
SHOP_001,C0044,T15437,751.0,2026-12-27
SHOP_001,C0908,T15438,558.0,2026-12-27
SHOP_001,C0809,T15439,343.0,2026-12-27
SHOP_001,C0707,T15440,965.0,2026-12-27
SHOP_001,C0227,T15441,643.0,2026-12-28
SHOP_001,C0123,T15442,600.0,2026-12-28
SHOP_001,C0973,T15443,556.0,2026-12-28
SHOP_001,C0377,T15444,463.0,2026-12-28
SHOP_001,C0999,T15445,374.0,2026-12-28
SHOP_001,C0064,T15446,517.0,2026-12-28
SHOP_001,C0610,T15447,1235.0,2026-12-28
SHOP_001,C0550,T15448,411.0,2026-12-28
SHOP_001,C0458,T15449,404.0,2026-12-28
SHOP_001,C0224,T15450,1199.0,2026-12-28
SHOP_001,C0209,T15451,475.0,2026-12-28
SHOP_001,C0606,T15452,492.0,2026-12-28
SHOP_001,C0694,T15453,671.0,2026-12-28
SHOP_001,C0294,T15454,329.0,2026-12-28
SHOP_001,C0719,T15455,452.0,2026-12-28
SHOP_001,C0992,T15456,428.0,2026-12-28
SHOP_001,C0414,T15457,235.0,2026-12-28
SHOP_001,C0019,T15458,677.0,2026-12-28
SHOP_001,C0808,T15459,420.0,2026-12-29
SHOP_001,C0628,T15460,451.0,2026-12-29
SHOP_001,C0862,T15461,655.0,2026-12-29
SHOP_001,C0553,T15462,521.0,2026-12-29
SHOP_001,C0031,T15463,477.0,2026-12-29
SHOP_001,C0965,T15464,518.0,2026-12-29
SHOP_001,C0888,T15465,721.0,2026-12-29
SHOP_001,C0193,T15466,825.0,2026-12-29
SHOP_001,C0027,T15467,438.0,2026-12-29
SHOP_001,C0202,T15468,366.0,2026-12-29
SHOP_001,C0375,T15469,732.0,2026-12-29
SHOP_001,C0694,T15470,1302.0,2026-12-29
SHOP_001,C0647,T15471,561.0,2026-12-29
SHOP_001,C0672,T15472,801.0,2026-12-29
SHOP_001,C0593,T15473,250.0,2026-12-29
SHOP_001,C0530,T15474,340.0,2026-12-29
SHOP_001,C0440,T15475,650.0,2026-12-29
SHOP_001,C0388,T15476,721.0,2026-12-29
SHOP_001,C0573,T15477,880.0,2026-12-29
SHOP_001,C0153,T15478,819.0,2026-12-29
SHOP_001,C0773,T15479,640.0,2026-12-29
SHOP_001,C0160,T15480,594.0,2026-12-29
SHOP_001,C0924,T15481,535.0,2026-12-29
SHOP_001,C0288,T15482,406.0,2026-12-29
SHOP_001,C0614,T15483,527.0,2026-12-29
SHOP_001,C0966,T15484,645.0,2026-12-29
SHOP_001,C0479,T15485,1095.0,2026-12-29
SHOP_001,C0327,T15486,666.0,2026-12-29
SHOP_001,C0019,T15487,827.0,2026-12-29
SHOP_001,C0744,T15488,966.0,2026-12-29
SHOP_001,C0325,T15489,524.0,2026-12-29
SHOP_001,C0671,T15490,877.0,2026-12-29
SHOP_001,C0080,T15491,733.0,2026-12-29
SHOP_001,C0781,T15492,401.0,2026-12-29
SHOP_001,C0762,T15493,519.0,2026-12-29
SHOP_001,C0174,T15494,575.0,2026-12-30
SHOP_001,C0353,T15495,605.0,2026-12-30
SHOP_001,C0872,T15496,688.0,2026-12-30
SHOP_001,C0197,T15497,777.0,2026-12-30
SHOP_001,C0666,T15498,730.0,2026-12-30
SHOP_001,C0242,T15499,669.0,2026-12-30
SHOP_001,C0396,T15500,480.0,2026-12-30
SHOP_001,C0707,T15501,849.0,2026-12-30
SHOP_001,C0831,T15502,904.0,2026-12-30
SHOP_001,C0477,T15503,329.0,2026-12-30
SHOP_001,C0036,T15504,491.0,2026-12-30
SHOP_001,C0427,T15505,692.0,2026-12-30
SHOP_001,C0471,T15506,1077.0,2026-12-30
SHOP_001,C0341,T15507,966.0,2026-12-30
SHOP_001,C0157,T15508,479.0,2026-12-30
SHOP_001,C0371,T15509,643.0,2026-12-30
SHOP_001,C0625,T15510,495.0,2026-12-30
SHOP_001,C0227,T15511,638.0,2026-12-30
SHOP_001,C0426,T15512,513.0,2026-12-30
SHOP_001,C0042,T15513,420.0,2026-12-30
SHOP_001,C0049,T15514,885.0,2026-12-30
SHOP_001,C0847,T15515,326.0,2026-12-30
SHOP_001,C0202,T15516,963.0,2026-12-30
SHOP_001,C0977,T15517,778.0,2026-12-30
SHOP_001,C0847,T15518,235.0,2026-12-30
SHOP_001,C0031,T15519,462.0,2026-12-30
SHOP_001,C0754,T15520,464.0,2026-12-30
SHOP_001,C0961,T15521,1003.0,2026-12-30
SHOP_001,C0144,T15522,653.0,2026-12-30
SHOP_001,C0679,T15523,545.0,2026-12-30
SHOP_001,C0654,T15524,1060.0,2026-12-31
SHOP_001,C0343,T15525,343.0,2026-12-31
SHOP_001,C0359,T15526,916.0,2026-12-31
SHOP_001,C0071,T15527,482.0,2026-12-31
SHOP_001,C0773,T15528,662.0,2026-12-31
SHOP_001,C0842,T15529,834.0,2026-12-31
SHOP_001,C0670,T15530,470.0,2026-12-31
SHOP_001,C0183,T15531,973.0,2026-12-31
SHOP_001,C0140,T15532,308.0,2026-12-31
SHOP_001,C0102,T15533,475.0,2026-12-31
SHOP_001,C0512,T15534,729.0,2026-12-31
SHOP_001,C0458,T15535,1033.0,2026-12-31
SHOP_001,C0213,T15536,694.0,2026-12-31
SHOP_001,C0154,T15537,545.0,2026-12-31
SHOP_001,C0723,T15538,603.0,2026-12-31
SHOP_001,C0365,T15539,578.0,2026-12-31
SHOP_001,C0989,T15540,398.0,2026-12-31
SHOP_001,C0456,T15541,340.0,2026-12-31
SHOP_001,C0791,T15542,603.0,2027-01-01
SHOP_001,C0071,T15543,630.0,2027-01-01
SHOP_001,C0227,T15544,744.0,2027-01-01
SHOP_001,C0008,T15545,763.0,2027-01-01
SHOP_001,C0737,T15546,737.0,2027-01-01
SHOP_001,C0460,T15547,341.0,2027-01-01
SHOP_001,C0877,T15548,564.0,2027-01-01
SHOP_001,C0411,T15549,532.0,2027-01-01
SHOP_001,C0202,T15550,925.0,2027-01-01
SHOP_001,C0854,T15551,573.0,2027-01-01
SHOP_001,C0874,T15552,1373.0,2027-01-01
SHOP_001,C0176,T15553,956.0,2027-01-01
SHOP_001,C0451,T15554,393.0,2027-01-01
SHOP_001,C0497,T15555,1467.0,2027-01-01
SHOP_001,C0854,T15556,399.0,2027-01-01
SHOP_001,C0140,T15557,387.0,2027-01-01
SHOP_001,C0308,T15558,720.0,2027-01-01
SHOP_001,C0765,T15559,370.0,2027-01-01
SHOP_001,C0523,T15560,373.0,2027-01-01
SHOP_001,C0761,T15561,356.0,2027-01-02
SHOP_001,C0716,T15562,430.0,2027-01-02
SHOP_001,C0772,T15563,443.0,2027-01-02
SHOP_001,C0084,T15564,904.0,2027-01-02
SHOP_001,C0925,T15565,767.0,2027-01-02
SHOP_001,C0731,T15566,708.0,2027-01-02
SHOP_001,C0088,T15567,834.0,2027-01-02
SHOP_001,C0435,T15568,868.0,2027-01-02
SHOP_001,C0718,T15569,450.0,2027-01-02
SHOP_001,C0508,T15570,390.0,2027-01-02
SHOP_001,C0247,T15571,1135.0,2027-01-02
SHOP_001,C0741,T15572,538.0,2027-01-02
SHOP_001,C0233,T15573,576.0,2027-01-02
SHOP_001,C0677,T15574,745.0,2027-01-02
SHOP_001,C0495,T15575,357.0,2027-01-02
SHOP_001,C0221,T15576,584.0,2027-01-02
SHOP_001,C0066,T15577,484.0,2027-01-02
SHOP_001,C0468,T15578,658.0,2027-01-02
SHOP_001,C0808,T15579,378.0,2027-01-02
SHOP_001,C0869,T15580,558.0,2027-01-02
SHOP_001,C0679,T15581,1045.0,2027-01-02
SHOP_001,C0030,T15582,430.0,2027-01-02
SHOP_001,C0753,T15583,901.0,2027-01-02
SHOP_001,C0593,T15584,759.0,2027-01-02
SHOP_001,C0539,T15585,594.0,2027-01-02
SHOP_001,C0427,T15586,410.0,2027-01-02
SHOP_001,C0456,T15587,477.0,2027-01-03
SHOP_001,C0595,T15588,570.0,2027-01-03
SHOP_001,C0943,T15589,435.0,2027-01-03
SHOP_001,C0360,T15590,406.0,2027-01-03
SHOP_001,C0997,T15591,441.0,2027-01-03
SHOP_001,C0030,T15592,426.0,2027-01-03
SHOP_001,C0890,T15593,659.0,2027-01-03
SHOP_001,C0706,T15594,616.0,2027-01-03
SHOP_001,C0372,T15595,427.0,2027-01-03
SHOP_001,C0027,T15596,853.0,2027-01-03
SHOP_001,C0692,T15597,433.0,2027-01-03
SHOP_001,C0694,T15598,857.0,2027-01-03
SHOP_001,C0943,T15599,508.0,2027-01-03
SHOP_001,C0650,T15600,1019.0,2027-01-03
SHOP_001,C0195,T15601,657.0,2027-01-03
SHOP_001,C0080,T15602,577.0,2027-01-03
SHOP_001,C0775,T15603,359.0,2027-01-03
SHOP_001,C0539,T15604,836.0,2027-01-03
SHOP_001,C0248,T15605,403.0,2027-01-03
SHOP_001,C0468,T15606,1210.0,2027-01-03
SHOP_001,C0177,T15607,1026.0,2027-01-04
SHOP_001,C0229,T15608,930.0,2027-01-04
SHOP_001,C0523,T15609,410.0,2027-01-04
SHOP_001,C0359,T15610,839.0,2027-01-04
SHOP_001,C0234,T15611,371.0,2027-01-04
SHOP_001,C0524,T15612,382.0,2027-01-04
SHOP_001,C0744,T15613,458.0,2027-01-04
SHOP_001,C0604,T15614,592.0,2027-01-04
SHOP_001,C0683,T15615,492.0,2027-01-04
SHOP_001,C0080,T15616,1497.0,2027-01-04
SHOP_001,C0475,T15617,469.0,2027-01-04
SHOP_001,C0435,T15618,597.0,2027-01-04
SHOP_001,C0181,T15619,488.0,2027-01-04
SHOP_001,C0372,T15620,493.0,2027-01-04
SHOP_001,C0553,T15621,303.0,2027-01-04
SHOP_001,C0009,T15622,753.0,2027-01-04
SHOP_001,C0592,T15623,1066.0,2027-01-04
SHOP_001,C0801,T15624,743.0,2027-01-04
SHOP_001,C0294,T15625,497.0,2027-01-04
SHOP_001,C0648,T15626,432.0,2027-01-05
SHOP_001,C0242,T15627,536.0,2027-01-05
SHOP_001,C0426,T15628,358.0,2027-01-05
SHOP_001,C0354,T15629,386.0,2027-01-05
SHOP_001,C0677,T15630,689.0,2027-01-05
SHOP_001,C0901,T15631,522.0,2027-01-05
SHOP_001,C0539,T15632,452.0,2027-01-05
SHOP_001,C0140,T15633,463.0,2027-01-05
SHOP_001,C0360,T15634,497.0,2027-01-05
SHOP_001,C0174,T15635,807.0,2027-01-05
SHOP_001,C0097,T15636,628.0,2027-01-05
SHOP_001,C0254,T15637,514.0,2027-01-05
SHOP_001,C0066,T15638,498.0,2027-01-05
SHOP_001,C0767,T15639,368.0,2027-01-05
SHOP_001,C0130,T15640,348.0,2027-01-05
SHOP_001,C0921,T15641,401.0,2027-01-05
SHOP_001,C0359,T15642,819.0,2027-01-05
SHOP_001,C0526,T15643,493.0,2027-01-05
SHOP_001,C0227,T15644,511.0,2027-01-06
SHOP_001,C0526,T15645,720.0,2027-01-06
SHOP_001,C0233,T15646,519.0,2027-01-06
SHOP_001,C0495,T15647,958.0,2027-01-06
SHOP_001,C0510,T15648,525.0,2027-01-06
SHOP_001,C0187,T15649,570.0,2027-01-06
SHOP_001,C0367,T15650,741.0,2027-01-06
SHOP_001,C0940,T15651,436.0,2027-01-06
SHOP_001,C0838,T15652,688.0,2027-01-06
SHOP_001,C0151,T15653,362.0,2027-01-06
SHOP_001,C0312,T15654,792.0,2027-01-06
SHOP_001,C0716,T15655,832.0,2027-01-07
SHOP_001,C0754,T15656,737.0,2027-01-07
SHOP_001,C0123,T15657,332.0,2027-01-07
SHOP_001,C0718,T15658,402.0,2027-01-07
SHOP_001,C0294,T15659,298.0,2027-01-07
SHOP_001,C0156,T15660,539.0,2027-01-07
SHOP_001,C0901,T15661,485.0,2027-01-07
SHOP_001,C0202,T15662,861.0,2027-01-07
SHOP_001,C0690,T15663,640.0,2027-01-07
SHOP_001,C0940,T15664,456.0,2027-01-07
SHOP_001,C0102,T15665,710.0,2027-01-07
SHOP_001,C0439,T15666,594.0,2027-01-07
SHOP_001,C0288,T15667,723.0,2027-01-07
SHOP_001,C0308,T15668,602.0,2027-01-07
SHOP_001,C0127,T15669,803.0,2027-01-07
SHOP_001,C0125,T15670,493.0,2027-01-07
SHOP_001,C0860,T15671,420.0,2027-01-07
SHOP_001,C0549,T15672,972.0,2027-01-08
SHOP_001,C0805,T15673,446.0,2027-01-08
SHOP_001,C0183,T15674,902.0,2027-01-08
SHOP_001,C0435,T15675,796.0,2027-01-08
SHOP_001,C0967,T15676,704.0,2027-01-08
SHOP_001,C0266,T15677,332.0,2027-01-08
SHOP_001,C0456,T15678,368.0,2027-01-08
SHOP_001,C0153,T15679,548.0,2027-01-08
SHOP_001,C0277,T15680,1018.0,2027-01-08
SHOP_001,C0848,T15681,645.0,2027-01-08
SHOP_001,C0426,T15682,375.0,2027-01-08
SHOP_001,C0741,T15683,279.0,2027-01-08
SHOP_001,C0950,T15684,832.0,2027-01-08
SHOP_001,C0728,T15685,392.0,2027-01-08
SHOP_001,C0919,T15686,516.0,2027-01-08
SHOP_001,C0800,T15687,520.0,2027-01-08
SHOP_001,C0078,T15688,595.0,2027-01-08
SHOP_001,C0353,T15689,1759.0,2027-01-08
SHOP_001,C0932,T15690,677.0,2027-01-08
SHOP_001,C0416,T15691,384.0,2027-01-08
SHOP_001,C0921,T15692,421.0,2027-01-08
SHOP_001,C0084,T15693,1028.0,2027-01-08
SHOP_001,C0219,T15694,1612.0,2027-01-08
SHOP_001,C0702,T15695,844.0,2027-01-08
SHOP_001,C0719,T15696,365.0,2027-01-08
SHOP_001,C0019,T15697,375.0,2027-01-08
SHOP_001,C0660,T15698,454.0,2027-01-08
SHOP_001,C0626,T15699,722.0,2027-01-08
SHOP_001,C0477,T15700,582.0,2027-01-08
SHOP_001,C0897,T15701,659.0,2027-01-08
SHOP_001,C0433,T15702,560.0,2027-01-08
SHOP_001,C0609,T15703,994.0,2027-01-08
SHOP_001,C0708,T15704,606.0,2027-01-08
SHOP_001,C0918,T15705,371.0,2027-01-09
SHOP_001,C0750,T15706,358.0,2027-01-09
SHOP_001,C0352,T15707,1420.0,2027-01-09
SHOP_001,C0258,T15708,451.0,2027-01-09
SHOP_001,C0306,T15709,433.0,2027-01-09
SHOP_001,C0202,T15710,340.0,2027-01-09
SHOP_001,C0796,T15711,399.0,2027-01-09
SHOP_001,C0516,T15712,559.0,2027-01-09
SHOP_001,C0263,T15713,630.0,2027-01-09
SHOP_001,C0477,T15714,713.0,2027-01-09
SHOP_001,C0355,T15715,1010.0,2027-01-09
SHOP_001,C0744,T15716,682.0,2027-01-09
SHOP_001,C0612,T15717,859.0,2027-01-09
SHOP_001,C0479,T15718,537.0,2027-01-09
SHOP_001,C0808,T15719,762.0,2027-01-09
SHOP_001,C0690,T15720,936.0,2027-01-09
SHOP_001,C0375,T15721,601.0,2027-01-09
SHOP_001,C0067,T15722,838.0,2027-01-09
SHOP_001,C0960,T15723,482.0,2027-01-09
SHOP_001,C0088,T15724,808.0,2027-01-09
SHOP_001,C0495,T15725,786.0,2027-01-09
SHOP_001,C0548,T15726,536.0,2027-01-09
SHOP_001,C0433,T15727,523.0,2027-01-09
SHOP_001,C0174,T15728,1315.0,2027-01-09
SHOP_001,C0079,T15729,1161.0,2027-01-09
SHOP_001,C0490,T15730,599.0,2027-01-09
SHOP_001,C0997,T15731,1105.0,2027-01-09
SHOP_001,C0732,T15732,743.0,2027-01-09
SHOP_001,C0849,T15733,619.0,2027-01-09
SHOP_001,C0940,T15734,547.0,2027-01-10
SHOP_001,C0724,T15735,376.0,2027-01-10
SHOP_001,C0153,T15736,671.0,2027-01-10
SHOP_001,C0066,T15737,602.0,2027-01-10
SHOP_001,C0908,T15738,468.0,2027-01-10
SHOP_001,C0762,T15739,720.0,2027-01-10
SHOP_001,C0924,T15740,510.0,2027-01-10
SHOP_001,C0815,T15741,551.0,2027-01-10
SHOP_001,C0090,T15742,459.0,2027-01-10
SHOP_001,C0534,T15743,534.0,2027-01-10
SHOP_001,C0772,T15744,1092.0,2027-01-10
SHOP_001,C0105,T15745,753.0,2027-01-10
SHOP_001,C0407,T15746,294.0,2027-01-10
SHOP_001,C0592,T15747,952.0,2027-01-10
SHOP_001,C0888,T15748,440.0,2027-01-10
SHOP_001,C0066,T15749,598.0,2027-01-10
SHOP_001,C0648,T15750,413.0,2027-01-10
SHOP_001,C0618,T15751,762.0,2027-01-10
SHOP_001,C0047,T15752,521.0,2027-01-10
SHOP_001,C0648,T15753,533.0,2027-01-10
SHOP_001,C0895,T15754,891.0,2027-01-10
SHOP_001,C0353,T15755,1292.0,2027-01-10
SHOP_001,C0198,T15756,943.0,2027-01-10
SHOP_001,C0625,T15757,400.0,2027-01-10
SHOP_001,C0992,T15758,938.0,2027-01-10
SHOP_001,C0078,T15759,1068.0,2027-01-10
SHOP_001,C0343,T15760,259.0,2027-01-10
SHOP_001,C0716,T15761,673.0,2027-01-10
SHOP_001,C0295,T15762,406.0,2027-01-10
SHOP_001,C0818,T15763,523.0,2027-01-10
SHOP_001,C0888,T15764,619.0,2027-01-11
SHOP_001,C0295,T15765,235.0,2027-01-11
SHOP_001,C0343,T15766,460.0,2027-01-11
SHOP_001,C0718,T15767,1095.0,2027-01-11
SHOP_001,C0849,T15768,839.0,2027-01-11
SHOP_001,C0495,T15769,674.0,2027-01-11
SHOP_001,C0647,T15770,630.0,2027-01-11
SHOP_001,C0451,T15771,346.0,2027-01-11
SHOP_001,C0495,T15772,593.0,2027-01-11
SHOP_001,C0474,T15773,219.0,2027-01-11
SHOP_001,C0097,T15774,927.0,2027-01-11
SHOP_001,C0019,T15775,501.0,2027-01-11
SHOP_001,C0762,T15776,788.0,2027-01-11
SHOP_001,C0498,T15777,635.0,2027-01-11
SHOP_001,C0308,T15778,726.0,2027-01-11
SHOP_001,C0842,T15779,698.0,2027-01-11
SHOP_001,C0490,T15780,492.0,2027-01-11
SHOP_001,C0302,T15781,483.0,2027-01-11
SHOP_001,C0809,T15782,436.0,2027-01-11
SHOP_001,C0984,T15783,159.0,2027-01-11
SHOP_001,C0030,T15784,484.0,2027-01-11
SHOP_001,C0599,T15785,387.0,2027-01-11
SHOP_001,C0202,T15786,646.0,2027-01-11
SHOP_001,C0692,T15787,600.0,2027-01-11
SHOP_001,C0420,T15788,636.0,2027-01-11
SHOP_001,C0176,T15789,950.0,2027-01-11
SHOP_001,C0496,T15790,547.0,2027-01-12
SHOP_001,C0882,T15791,291.0,2027-01-12
SHOP_001,C0139,T15792,457.0,2027-01-12
SHOP_001,C0753,T15793,338.0,2027-01-12
SHOP_001,C0181,T15794,751.0,2027-01-12
SHOP_001,C0459,T15795,696.0,2027-01-12
SHOP_001,C0490,T15796,281.0,2027-01-12
SHOP_001,C0258,T15797,620.0,2027-01-12
SHOP_001,C0621,T15798,483.0,2027-01-12
SHOP_001,C0162,T15799,571.0,2027-01-12
SHOP_001,C0367,T15800,516.0,2027-01-12
SHOP_001,C0087,T15801,441.0,2027-01-12
SHOP_001,C0714,T15802,524.0,2027-01-12
SHOP_001,C0231,T15803,863.0,2027-01-12
SHOP_001,C0349,T15804,572.0,2027-01-12
SHOP_001,C0295,T15805,275.0,2027-01-12
SHOP_001,C0626,T15806,1053.0,2027-01-12
SHOP_001,C0524,T15807,548.0,2027-01-12
SHOP_001,C0609,T15808,655.0,2027-01-12
SHOP_001,C0723,T15809,476.0,2027-01-12
SHOP_001,C0900,T15810,789.0,2027-01-12
SHOP_001,C0397,T15811,650.0,2027-01-12
SHOP_001,C0873,T15812,285.0,2027-01-13
SHOP_001,C0089,T15813,566.0,2027-01-13
SHOP_001,C0591,T15814,724.0,2027-01-13
SHOP_001,C0809,T15815,343.0,2027-01-13
SHOP_001,C0666,T15816,542.0,2027-01-13
SHOP_001,C0054,T15817,639.0,2027-01-13
SHOP_001,C0552,T15818,461.0,2027-01-13
SHOP_001,C0229,T15819,790.0,2027-01-13
SHOP_001,C0490,T15820,809.0,2027-01-13
SHOP_001,C0097,T15821,1043.0,2027-01-13
SHOP_001,C0933,T15822,443.0,2027-01-13
SHOP_001,C0408,T15823,746.0,2027-01-13
SHOP_001,C0694,T15824,1244.0,2027-01-13
SHOP_001,C0719,T15825,340.0,2027-01-13
SHOP_001,C0341,T15826,858.0,2027-01-13
SHOP_001,C0848,T15827,693.0,2027-01-13
SHOP_001,C0153,T15828,758.0,2027-01-13
SHOP_001,C0202,T15829,653.0,2027-01-13
SHOP_001,C0809,T15830,507.0,2027-01-13
SHOP_001,C0660,T15831,280.0,2027-01-14
SHOP_001,C0921,T15832,237.0,2027-01-14
SHOP_001,C0030,T15833,341.0,2027-01-14
SHOP_001,C0797,T15834,469.0,2027-01-14
SHOP_001,C0644,T15835,205.0,2027-01-14
SHOP_001,C0805,T15836,300.0,2027-01-14
SHOP_001,C0901,T15837,275.0,2027-01-14
SHOP_001,C0576,T15838,924.0,2027-01-14
SHOP_001,C0352,T15839,710.0,2027-01-14
SHOP_001,C0076,T15840,432.0,2027-01-14
SHOP_001,C0097,T15841,697.0,2027-01-14
SHOP_001,C0051,T15842,320.0,2027-01-14
SHOP_001,C0353,T15843,399.0,2027-01-14
SHOP_001,C0791,T15844,915.0,2027-01-14
SHOP_001,C0459,T15845,681.0,2027-01-14
SHOP_001,C0645,T15846,703.0,2027-01-14
SHOP_001,C0169,T15847,991.0,2027-01-14
SHOP_001,C0525,T15848,716.0,2027-01-14
SHOP_001,C0855,T15849,431.0,2027-01-14
SHOP_001,C0625,T15850,534.0,2027-01-14
SHOP_001,C0719,T15851,410.0,2027-01-14
SHOP_001,C0568,T15852,464.0,2027-01-14
SHOP_001,C0690,T15853,738.0,2027-01-14
SHOP_001,C0713,T15854,472.0,2027-01-14
SHOP_001,C0539,T15855,832.0,2027-01-14
SHOP_001,C0197,T15856,595.0,2027-01-14
SHOP_001,C0714,T15857,327.0,2027-01-15
SHOP_001,C0451,T15858,440.0,2027-01-15
SHOP_001,C0409,T15859,709.0,2027-01-15
SHOP_001,C0609,T15860,612.0,2027-01-15
SHOP_001,C0563,T15861,361.0,2027-01-15
SHOP_001,C0707,T15862,850.0,2027-01-15
SHOP_001,C0825,T15863,1091.0,2027-01-15
SHOP_001,C0552,T15864,752.0,2027-01-15
SHOP_001,C0030,T15865,456.0,2027-01-15
SHOP_001,C0105,T15866,664.0,2027-01-15
SHOP_001,C0754,T15867,728.0,2027-01-15
SHOP_001,C0070,T15868,379.0,2027-01-15
SHOP_001,C0305,T15869,943.0,2027-01-15
SHOP_001,C0263,T15870,748.0,2027-01-15
SHOP_001,C0493,T15871,373.0,2027-01-15
SHOP_001,C0211,T15872,522.0,2027-01-16
SHOP_001,C0031,T15873,566.0,2027-01-16
SHOP_001,C0987,T15874,679.0,2027-01-16
SHOP_001,C0157,T15875,350.0,2027-01-16
SHOP_001,C0661,T15876,640.0,2027-01-16
SHOP_001,C0235,T15877,652.0,2027-01-16
SHOP_001,C0966,T15878,682.0,2027-01-16
SHOP_001,C0729,T15879,625.0,2027-01-16
SHOP_001,C0513,T15880,696.0,2027-01-16
SHOP_001,C0459,T15881,1210.0,2027-01-16
SHOP_001,C0853,T15882,333.0,2027-01-16
SHOP_001,C0685,T15883,324.0,2027-01-16
SHOP_001,C0639,T15884,563.0,2027-01-16
SHOP_001,C0372,T15885,380.0,2027-01-16
SHOP_001,C0325,T15886,284.0,2027-01-16
SHOP_001,C0939,T15887,465.0,2027-01-16
SHOP_001,C0768,T15888,684.0,2027-01-16
SHOP_001,C0451,T15889,436.0,2027-01-16
SHOP_001,C0807,T15890,454.0,2027-01-16
SHOP_001,C0718,T15891,925.0,2027-01-16
SHOP_001,C0611,T15892,674.0,2027-01-16
SHOP_001,C0288,T15893,407.0,2027-01-16
SHOP_001,C0997,T15894,388.0,2027-01-16
SHOP_001,C0306,T15895,513.0,2027-01-17
SHOP_001,C0694,T15896,647.0,2027-01-17
SHOP_001,C0685,T15897,495.0,2027-01-17
SHOP_001,C0078,T15898,634.0,2027-01-17
SHOP_001,C0353,T15899,831.0,2027-01-17
SHOP_001,C0229,T15900,1336.0,2027-01-17
SHOP_001,C0951,T15901,764.0,2027-01-17
SHOP_001,C0174,T15902,776.0,2027-01-17
SHOP_001,C0076,T15903,897.0,2027-01-17
SHOP_001,C0795,T15904,698.0,2027-01-17
SHOP_001,C0679,T15905,818.0,2027-01-17
SHOP_001,C0794,T15906,854.0,2027-01-17
SHOP_001,C0468,T15907,1124.0,2027-01-17
SHOP_001,C0900,T15908,542.0,2027-01-17
SHOP_001,C0359,T15909,1087.0,2027-01-17
SHOP_001,C0236,T15910,994.0,2027-01-17
SHOP_001,C0625,T15911,694.0,2027-01-17
SHOP_001,C0873,T15912,634.0,2027-01-17
SHOP_001,C0050,T15913,698.0,2027-01-17
SHOP_001,C0353,T15914,701.0,2027-01-17
SHOP_001,C0028,T15915,393.0,2027-01-17
SHOP_001,C0280,T15916,463.0,2027-01-17
SHOP_001,C0129,T15917,364.0,2027-01-17
SHOP_001,C0691,T15918,490.0,2027-01-17
SHOP_001,C0914,T15919,425.0,2027-01-17
SHOP_001,C0064,T15920,1154.0,2027-01-17
SHOP_001,C0508,T15921,794.0,2027-01-17
SHOP_001,C0621,T15922,547.0,2027-01-17
SHOP_001,C0622,T15923,822.0,2027-01-17
SHOP_001,C0901,T15924,798.0,2027-01-18
SHOP_001,C0493,T15925,825.0,2027-01-18
SHOP_001,C0383,T15926,446.0,2027-01-18
SHOP_001,C0718,T15927,444.0,2027-01-18
SHOP_001,C0512,T15928,376.0,2027-01-18
SHOP_001,C0769,T15929,510.0,2027-01-18
SHOP_001,C0174,T15930,718.0,2027-01-18
SHOP_001,C0436,T15931,999.0,2027-01-18
SHOP_001,C0648,T15932,345.0,2027-01-18
SHOP_001,C0809,T15933,576.0,2027-01-18
SHOP_001,C0407,T15934,701.0,2027-01-18
SHOP_001,C0772,T15935,694.0,2027-01-18
SHOP_001,C0518,T15936,624.0,2027-01-18
SHOP_001,C0425,T15937,401.0,2027-01-18
SHOP_001,C0789,T15938,648.0,2027-01-18
SHOP_001,C0495,T15939,582.0,2027-01-18
SHOP_001,C0658,T15940,754.0,2027-01-18
SHOP_001,C0716,T15941,526.0,2027-01-19
SHOP_001,C0518,T15942,805.0,2027-01-19
SHOP_001,C0969,T15943,509.0,2027-01-19
SHOP_001,C0573,T15944,743.0,2027-01-19
SHOP_001,C0066,T15945,558.0,2027-01-19
SHOP_001,C0307,T15946,790.0,2027-01-19
SHOP_001,C0105,T15947,310.0,2027-01-19
SHOP_001,C0219,T15948,960.0,2027-01-19
SHOP_001,C0592,T15949,942.0,2027-01-19
SHOP_001,C0295,T15950,343.0,2027-01-19
SHOP_001,C0927,T15951,569.0,2027-01-19
SHOP_001,C0071,T15952,623.0,2027-01-19
SHOP_001,C0173,T15953,661.0,2027-01-19
SHOP_001,C0353,T15954,731.0,2027-01-19
SHOP_001,C0289,T15955,433.0,2027-01-19
SHOP_001,C0457,T15956,583.0,2027-01-19
SHOP_001,C0188,T15957,568.0,2027-01-19
SHOP_001,C0123,T15958,459.0,2027-01-20
SHOP_001,C0874,T15959,548.0,2027-01-20
SHOP_001,C0227,T15960,474.0,2027-01-20
SHOP_001,C0413,T15961,474.0,2027-01-20
SHOP_001,C0943,T15962,451.0,2027-01-20
SHOP_001,C0084,T15963,420.0,2027-01-20
SHOP_001,C0934,T15964,397.0,2027-01-20
SHOP_001,C0294,T15965,393.0,2027-01-20
SHOP_001,C0693,T15966,361.0,2027-01-20
SHOP_001,C0530,T15967,434.0,2027-01-20
SHOP_001,C0699,T15968,461.0,2027-01-20
SHOP_001,C0963,T15969,483.0,2027-01-20
SHOP_001,C0174,T15970,859.0,2027-01-20
SHOP_001,C0492,T15971,496.0,2027-01-20
SHOP_001,C0466,T15972,1237.0,2027-01-21
SHOP_001,C0648,T15973,305.0,2027-01-21
SHOP_001,C0530,T15974,591.0,2027-01-21
SHOP_001,C0576,T15975,499.0,2027-01-21
SHOP_001,C0996,T15976,426.0,2027-01-21
SHOP_001,C0979,T15977,615.0,2027-01-21
SHOP_001,C0989,T15978,729.0,2027-01-21
SHOP_001,C0966,T15979,752.0,2027-01-21
SHOP_001,C0681,T15980,417.0,2027-01-21
SHOP_001,C0235,T15981,919.0,2027-01-21
SHOP_001,C0603,T15982,460.0,2027-01-21
SHOP_001,C0197,T15983,571.0,2027-01-21
SHOP_001,C0073,T15984,672.0,2027-01-21
SHOP_001,C0509,T15985,761.0,2027-01-21
SHOP_001,C0019,T15986,471.0,2027-01-21
SHOP_001,C0446,T15987,348.0,2027-01-21
SHOP_001,C0341,T15988,514.0,2027-01-21
SHOP_001,C0396,T15989,946.0,2027-01-21
SHOP_001,C0749,T15990,610.0,2027-01-21
SHOP_001,C0142,T15991,382.0,2027-01-21
SHOP_001,C0183,T15992,325.0,2027-01-21
SHOP_001,C0352,T15993,1230.0,2027-01-21
SHOP_001,C0066,T15994,298.0,2027-01-21
SHOP_001,C0805,T15995,483.0,2027-01-21
SHOP_001,C0019,T15996,538.0,2027-01-21
SHOP_001,C0655,T15997,442.0,2027-01-21
SHOP_001,C0176,T15998,580.0,2027-01-21
SHOP_001,C0744,T15999,596.0,2027-01-21
SHOP_001,C0657,T16000,1059.0,2027-01-21
SHOP_001,C0158,T16001,764.0,2027-01-21
SHOP_001,C0501,T16002,464.0,2027-01-21
SHOP_001,C0808,T16003,819.0,2027-01-22
SHOP_001,C0767,T16004,470.0,2027-01-22
SHOP_001,C0440,T16005,501.0,2027-01-22
SHOP_001,C0707,T16006,1091.0,2027-01-22
SHOP_001,C0763,T16007,545.0,2027-01-22
SHOP_001,C0386,T16008,654.0,2027-01-22
SHOP_001,C0407,T16009,327.0,2027-01-22
SHOP_001,C0672,T16010,824.0,2027-01-22
SHOP_001,C0503,T16011,450.0,2027-01-22
SHOP_001,C0477,T16012,658.0,2027-01-22
SHOP_001,C0648,T16013,333.0,2027-01-22
SHOP_001,C0073,T16014,522.0,2027-01-22
SHOP_001,C0505,T16015,404.0,2027-01-22
SHOP_001,C0150,T16016,382.0,2027-01-22
SHOP_001,C0331,T16017,446.0,2027-01-22
SHOP_001,C0229,T16018,785.0,2027-01-22
SHOP_001,C0584,T16019,1087.0,2027-01-22
SHOP_001,C0031,T16020,467.0,2027-01-22
SHOP_001,C0848,T16021,559.0,2027-01-22
SHOP_001,C0373,T16022,433.0,2027-01-22
SHOP_001,C0479,T16023,1183.0,2027-01-22
SHOP_001,C0686,T16024,575.0,2027-01-22
SHOP_001,C0754,T16025,1252.0,2027-01-22
SHOP_001,C0066,T16026,458.0,2027-01-22
SHOP_001,C0375,T16027,475.0,2027-01-22
SHOP_001,C0518,T16028,623.0,2027-01-22
SHOP_001,C0140,T16029,576.0,2027-01-23
SHOP_001,C0457,T16030,709.0,2027-01-23
SHOP_001,C0156,T16031,682.0,2027-01-23
SHOP_001,C0325,T16032,379.0,2027-01-23
SHOP_001,C0660,T16033,910.0,2027-01-23
SHOP_001,C0737,T16034,882.0,2027-01-23
SHOP_001,C0484,T16035,847.0,2027-01-23
SHOP_001,C0544,T16036,462.0,2027-01-23
SHOP_001,C0288,T16037,675.0,2027-01-23
SHOP_001,C0031,T16038,689.0,2027-01-23
SHOP_001,C0242,T16039,549.0,2027-01-23
SHOP_001,C0539,T16040,561.0,2027-01-23
SHOP_001,C0517,T16041,1154.0,2027-01-23
SHOP_001,C0621,T16042,631.0,2027-01-23
SHOP_001,C0355,T16043,590.0,2027-01-23
SHOP_001,C0924,T16044,255.0,2027-01-23
SHOP_001,C0180,T16045,467.0,2027-01-23
SHOP_001,C0464,T16046,446.0,2027-01-23
SHOP_001,C0102,T16047,694.0,2027-01-23
SHOP_001,C0741,T16048,495.0,2027-01-24
SHOP_001,C0681,T16049,689.0,2027-01-24
SHOP_001,C0228,T16050,1338.0,2027-01-24
SHOP_001,C0723,T16051,387.0,2027-01-24
SHOP_001,C0828,T16052,638.0,2027-01-24
SHOP_001,C0229,T16053,622.0,2027-01-24
SHOP_001,C0066,T16054,521.0,2027-01-24
SHOP_001,C0512,T16055,436.0,2027-01-24
SHOP_001,C0493,T16056,671.0,2027-01-24
SHOP_001,C0426,T16057,494.0,2027-01-24
SHOP_001,C0903,T16058,361.0,2027-01-24
SHOP_001,C0718,T16059,569.0,2027-01-24
SHOP_001,C0453,T16060,679.0,2027-01-24
SHOP_001,C0031,T16061,628.0,2027-01-24
SHOP_001,C0084,T16062,954.0,2027-01-24
SHOP_001,C0427,T16063,819.0,2027-01-24
SHOP_001,C0610,T16064,752.0,2027-01-24
SHOP_001,C0026,T16065,626.0,2027-01-24
SHOP_001,C0142,T16066,782.0,2027-01-24
SHOP_001,C0426,T16067,290.0,2027-01-24
SHOP_001,C0718,T16068,803.0,2027-01-24
SHOP_001,C0456,T16069,364.0,2027-01-24
SHOP_001,C0780,T16070,608.0,2027-01-24
SHOP_001,C0120,T16071,1437.0,2027-01-24
SHOP_001,C0966,T16072,513.0,2027-01-24
SHOP_001,C0667,T16073,584.0,2027-01-24
SHOP_001,C0671,T16074,673.0,2027-01-25
SHOP_001,C0535,T16075,558.0,2027-01-25
SHOP_001,C0854,T16076,302.0,2027-01-25
SHOP_001,C0609,T16077,674.0,2027-01-25
SHOP_001,C0458,T16078,687.0,2027-01-25
SHOP_001,C0768,T16079,600.0,2027-01-25
SHOP_001,C0692,T16080,756.0,2027-01-25
SHOP_001,C0242,T16081,733.0,2027-01-25
SHOP_001,C0078,T16082,725.0,2027-01-25
SHOP_001,C0685,T16083,339.0,2027-01-25
SHOP_001,C0090,T16084,407.0,2027-01-25
SHOP_001,C0459,T16085,1076.0,2027-01-25
SHOP_001,C0039,T16086,514.0,2027-01-25
SHOP_001,C0588,T16087,488.0,2027-01-25
SHOP_001,C0855,T16088,445.0,2027-01-25
SHOP_001,C0102,T16089,532.0,2027-01-25
SHOP_001,C0505,T16090,408.0,2027-01-25
SHOP_001,C0754,T16091,1034.0,2027-01-25
SHOP_001,C0493,T16092,617.0,2027-01-25
SHOP_001,C0373,T16093,516.0,2027-01-25
SHOP_001,C0019,T16094,788.0,2027-01-25
SHOP_001,C0076,T16095,618.0,2027-01-25
SHOP_001,C0112,T16096,660.0,2027-01-25
SHOP_001,C0563,T16097,177.0,2027-01-25
SHOP_001,C0968,T16098,652.0,2027-01-25
SHOP_001,C0353,T16099,393.0,2027-01-26
SHOP_001,C0285,T16100,444.0,2027-01-26
SHOP_001,C0802,T16101,1047.0,2027-01-26
SHOP_001,C0864,T16102,355.0,2027-01-26
SHOP_001,C0814,T16103,1024.0,2027-01-26
SHOP_001,C0957,T16104,660.0,2027-01-26
SHOP_001,C0908,T16105,216.0,2027-01-26
SHOP_001,C0144,T16106,512.0,2027-01-26
SHOP_001,C0754,T16107,766.0,2027-01-26
SHOP_001,C0129,T16108,440.0,2027-01-26
SHOP_001,C0506,T16109,242.0,2027-01-26
SHOP_001,C0318,T16110,279.0,2027-01-26
SHOP_001,C0126,T16111,583.0,2027-01-26
SHOP_001,C0716,T16112,494.0,2027-01-26
SHOP_001,C0183,T16113,911.0,2027-01-26
SHOP_001,C0352,T16114,566.0,2027-01-26
SHOP_001,C0636,T16115,553.0,2027-01-26
SHOP_001,C0448,T16116,1096.0,2027-01-26
SHOP_001,C0174,T16117,553.0,2027-01-26
SHOP_001,C0547,T16118,421.0,2027-01-26
SHOP_001,C0329,T16119,334.0,2027-01-26
SHOP_001,C0517,T16120,601.0,2027-01-26
SHOP_001,C0506,T16121,322.0,2027-01-26
SHOP_001,C0109,T16122,419.0,2027-01-26
SHOP_001,C0102,T16123,838.0,2027-01-26
SHOP_001,C0557,T16124,589.0,2027-01-27
SHOP_001,C0288,T16125,533.0,2027-01-27
SHOP_001,C0396,T16126,667.0,2027-01-27
SHOP_001,C0214,T16127,816.0,2027-01-27
SHOP_001,C0414,T16128,326.0,2027-01-27
SHOP_001,C0309,T16129,359.0,2027-01-27
SHOP_001,C0497,T16130,1024.0,2027-01-27
SHOP_001,C0227,T16131,706.0,2027-01-27
SHOP_001,C0854,T16132,458.0,2027-01-27
SHOP_001,C0498,T16133,698.0,2027-01-27
SHOP_001,C0552,T16134,1071.0,2027-01-27
SHOP_001,C0908,T16135,468.0,2027-01-27
SHOP_001,C0341,T16136,717.0,2027-01-27
SHOP_001,C0135,T16137,312.0,2027-01-27
SHOP_001,C0490,T16138,399.0,2027-01-27
SHOP_001,C0242,T16139,615.0,2027-01-28
SHOP_001,C0928,T16140,484.0,2027-01-28
SHOP_001,C0058,T16141,621.0,2027-01-28
SHOP_001,C0872,T16142,748.0,2027-01-28
SHOP_001,C0900,T16143,492.0,2027-01-28
SHOP_001,C0080,T16144,493.0,2027-01-28
SHOP_001,C0197,T16145,1019.0,2027-01-28
SHOP_001,C0768,T16146,736.0,2027-01-28
SHOP_001,C0468,T16147,586.0,2027-01-28
SHOP_001,C0230,T16148,822.0,2027-01-28
SHOP_001,C0731,T16149,682.0,2027-01-28
SHOP_001,C0472,T16150,412.0,2027-01-28
SHOP_001,C0308,T16151,567.0,2027-01-28
SHOP_001,C0670,T16152,448.0,2027-01-28
SHOP_001,C0901,T16153,539.0,2027-01-28
SHOP_001,C0359,T16154,568.0,2027-01-28
SHOP_001,C0174,T16155,598.0,2027-01-28
SHOP_001,C0228,T16156,1068.0,2027-01-28
SHOP_001,C0464,T16157,446.0,2027-01-28
SHOP_001,C0457,T16158,481.0,2027-01-28
SHOP_001,C0080,T16159,1268.0,2027-01-28
SHOP_001,C0073,T16160,692.0,2027-01-29
SHOP_001,C0390,T16161,847.0,2027-01-29
SHOP_001,C0174,T16162,1160.0,2027-01-29
SHOP_001,C0657,T16163,1121.0,2027-01-29
SHOP_001,C0811,T16164,588.0,2027-01-29
SHOP_001,C0951,T16165,1051.0,2027-01-29
SHOP_001,C0621,T16166,356.0,2027-01-29
SHOP_001,C0847,T16167,392.0,2027-01-29
SHOP_001,C0901,T16168,471.0,2027-01-29
SHOP_001,C0671,T16169,625.0,2027-01-29
SHOP_001,C0873,T16170,600.0,2027-01-29
SHOP_001,C0396,T16171,565.0,2027-01-29
SHOP_001,C0252,T16172,319.0,2027-01-29
SHOP_001,C0728,T16173,967.0,2027-01-29
SHOP_001,C0440,T16174,550.0,2027-01-29
SHOP_001,C0388,T16175,935.0,2027-01-29
SHOP_001,C0671,T16176,578.0,2027-01-29
SHOP_001,C0426,T16177,585.0,2027-01-29
SHOP_001,C0506,T16178,216.0,2027-01-29
SHOP_001,C0019,T16179,1167.0,2027-01-29
SHOP_001,C0506,T16180,392.0,2027-01-29
SHOP_001,C0440,T16181,955.0,2027-01-29
SHOP_001,C0142,T16182,508.0,2027-01-29
SHOP_001,C0835,T16183,486.0,2027-01-29
SHOP_001,C0097,T16184,898.0,2027-01-29
SHOP_001,C0984,T16185,469.0,2027-01-29
SHOP_001,C0224,T16186,803.0,2027-01-29
SHOP_001,C0625,T16187,806.0,2027-01-29
SHOP_001,C0158,T16188,502.0,2027-01-30
SHOP_001,C0757,T16189,887.0,2027-01-30
SHOP_001,C0407,T16190,481.0,2027-01-30
SHOP_001,C0052,T16191,424.0,2027-01-30
SHOP_001,C0390,T16192,266.0,2027-01-30
SHOP_001,C0515,T16193,1080.0,2027-01-30
SHOP_001,C0731,T16194,584.0,2027-01-30
SHOP_001,C0667,T16195,439.0,2027-01-30
SHOP_001,C0140,T16196,426.0,2027-01-30
SHOP_001,C0176,T16197,887.0,2027-01-30
SHOP_001,C0618,T16198,675.0,2027-01-30
SHOP_001,C0718,T16199,592.0,2027-01-30
SHOP_001,C0459,T16200,737.0,2027-01-30
SHOP_001,C0318,T16201,479.0,2027-01-30
SHOP_001,C0063,T16202,654.0,2027-01-30
SHOP_001,C0714,T16203,631.0,2027-01-30
SHOP_001,C0183,T16204,614.0,2027-01-30
SHOP_001,C0386,T16205,871.0,2027-01-30
SHOP_001,C0509,T16206,415.0,2027-01-30
SHOP_001,C0990,T16207,384.0,2027-01-30
SHOP_001,C0295,T16208,227.0,2027-01-30
SHOP_001,C0841,T16209,855.0,2027-01-30
SHOP_001,C0164,T16210,737.0,2027-01-30
SHOP_001,C0601,T16211,314.0,2027-01-30
SHOP_001,C0763,T16212,1061.0,2027-01-30
SHOP_001,C0105,T16213,649.0,2027-01-30
SHOP_001,C0881,T16214,398.0,2027-01-30
SHOP_001,C0891,T16215,558.0,2027-01-30
SHOP_001,C0966,T16216,842.0,2027-01-30
SHOP_001,C0949,T16217,537.0,2027-01-30
SHOP_001,C0724,T16218,944.0,2027-01-30
SHOP_001,C0479,T16219,1074.0,2027-01-30
SHOP_001,C0472,T16220,412.0,2027-01-30
SHOP_001,C0296,T16221,228.0,2027-01-30
SHOP_001,C0883,T16222,631.0,2027-01-31
SHOP_001,C0693,T16223,604.0,2027-01-31
SHOP_001,C0901,T16224,354.0,2027-01-31
SHOP_001,C0359,T16225,429.0,2027-01-31
SHOP_001,C0854,T16226,590.0,2027-01-31
SHOP_001,C0609,T16227,657.0,2027-01-31
SHOP_001,C0407,T16228,475.0,2027-01-31
SHOP_001,C0294,T16229,540.0,2027-01-31
SHOP_001,C0710,T16230,479.0,2027-01-31
SHOP_001,C0106,T16231,357.0,2027-01-31
SHOP_001,C0073,T16232,738.0,2027-01-31
SHOP_001,C0604,T16233,938.0,2027-01-31
SHOP_001,C0457,T16234,569.0,2027-01-31
SHOP_001,C0677,T16235,789.0,2027-01-31
SHOP_001,C0791,T16236,632.0,2027-01-31
SHOP_001,C0064,T16237,788.0,2027-01-31
SHOP_001,C0448,T16238,627.0,2027-01-31
SHOP_001,C0169,T16239,641.0,2027-01-31
SHOP_001,C0783,T16240,1384.0,2027-01-31
SHOP_001,C0771,T16241,741.0,2027-01-31
SHOP_001,C0728,T16242,348.0,2027-01-31
SHOP_001,C0903,T16243,472.0,2027-01-31
SHOP_001,C0821,T16244,837.0,2027-01-31
SHOP_001,C0772,T16245,505.0,2027-01-31
SHOP_001,C0741,T16246,372.0,2027-02-01
SHOP_001,C0901,T16247,547.0,2027-02-01
SHOP_001,C0625,T16248,1334.0,2027-02-01
SHOP_001,C0780,T16249,785.0,2027-02-01
SHOP_001,C0728,T16250,486.0,2027-02-01
SHOP_001,C0384,T16251,642.0,2027-02-01
SHOP_001,C0598,T16252,233.0,2027-02-01
SHOP_001,C0529,T16253,441.0,2027-02-01
SHOP_001,C0548,T16254,774.0,2027-02-01
SHOP_001,C0466,T16255,965.0,2027-02-01
SHOP_001,C0493,T16256,513.0,2027-02-01
SHOP_001,C0570,T16257,516.0,2027-02-01
SHOP_001,C0854,T16258,426.0,2027-02-01
SHOP_001,C0084,T16259,873.0,2027-02-01
SHOP_001,C0456,T16260,247.0,2027-02-01
SHOP_001,C0503,T16261,518.0,2027-02-01
SHOP_001,C0418,T16262,546.0,2027-02-01
SHOP_001,C0359,T16263,374.0,2027-02-01
SHOP_001,C0979,T16264,420.0,2027-02-01
SHOP_001,C0359,T16265,817.0,2027-02-01
SHOP_001,C0351,T16266,691.0,2027-02-01
SHOP_001,C0105,T16267,1227.0,2027-02-01
SHOP_001,C0479,T16268,595.0,2027-02-01
SHOP_001,C0590,T16269,844.0,2027-02-02
SHOP_001,C0448,T16270,1024.0,2027-02-02
SHOP_001,C0349,T16271,787.0,2027-02-02
SHOP_001,C0420,T16272,907.0,2027-02-02
SHOP_001,C0136,T16273,370.0,2027-02-02
SHOP_001,C0263,T16274,485.0,2027-02-02
SHOP_001,C0261,T16275,973.0,2027-02-02
SHOP_001,C0446,T16276,604.0,2027-02-02
SHOP_001,C0294,T16277,507.0,2027-02-02
SHOP_001,C0508,T16278,579.0,2027-02-02
SHOP_001,C0498,T16279,660.0,2027-02-02
SHOP_001,C0901,T16280,481.0,2027-02-02
SHOP_001,C0333,T16281,645.0,2027-02-02
SHOP_001,C0180,T16282,383.0,2027-02-02
SHOP_001,C0625,T16283,961.0,2027-02-02
SHOP_001,C0767,T16284,449.0,2027-02-02
SHOP_001,C0031,T16285,330.0,2027-02-03
SHOP_001,C0846,T16286,465.0,2027-02-03
SHOP_001,C0683,T16287,306.0,2027-02-03
SHOP_001,C0901,T16288,766.0,2027-02-03
SHOP_001,C0241,T16289,620.0,2027-02-03
SHOP_001,C0686,T16290,278.0,2027-02-03
SHOP_001,C0325,T16291,623.0,2027-02-03
SHOP_001,C0188,T16292,422.0,2027-02-03
SHOP_001,C0353,T16293,761.0,2027-02-03
SHOP_001,C0663,T16294,485.0,2027-02-03
SHOP_001,C0295,T16295,385.0,2027-02-03
SHOP_001,C0575,T16296,741.0,2027-02-03
SHOP_001,C0525,T16297,571.0,2027-02-03
SHOP_001,C0216,T16298,636.0,2027-02-03
SHOP_001,C0997,T16299,382.0,2027-02-03
SHOP_001,C0736,T16300,624.0,2027-02-03
SHOP_001,C0787,T16301,446.0,2027-02-03
SHOP_001,C0392,T16302,675.0,2027-02-03
SHOP_001,C0509,T16303,554.0,2027-02-04
SHOP_001,C0690,T16304,662.0,2027-02-04
SHOP_001,C0401,T16305,725.0,2027-02-04
SHOP_001,C0923,T16306,1437.0,2027-02-04
SHOP_001,C0120,T16307,810.0,2027-02-04
SHOP_001,C0636,T16308,1292.0,2027-02-04
SHOP_001,C0408,T16309,602.0,2027-02-04
SHOP_001,C0308,T16310,561.0,2027-02-04
SHOP_001,C0800,T16311,664.0,2027-02-04
SHOP_001,C0326,T16312,363.0,2027-02-04
SHOP_001,C0064,T16313,599.0,2027-02-04
SHOP_001,C0207,T16314,299.0,2027-02-04
SHOP_001,C0679,T16315,626.0,2027-02-04
SHOP_001,C0953,T16316,515.0,2027-02-04
SHOP_001,C0489,T16317,761.0,2027-02-04
SHOP_001,C0266,T16318,460.0,2027-02-04
SHOP_001,C0744,T16319,717.0,2027-02-04
SHOP_001,C0657,T16320,500.0,2027-02-04
SHOP_001,C0408,T16321,812.0,2027-02-04
SHOP_001,C0719,T16322,292.0,2027-02-04
SHOP_001,C0670,T16323,369.0,2027-02-04
SHOP_001,C0211,T16324,460.0,2027-02-05
SHOP_001,C0809,T16325,1147.0,2027-02-05
SHOP_001,C0666,T16326,643.0,2027-02-05
SHOP_001,C0927,T16327,621.0,2027-02-05
SHOP_001,C0535,T16328,561.0,2027-02-05
SHOP_001,C0066,T16329,449.0,2027-02-05
SHOP_001,C0762,T16330,682.0,2027-02-05
SHOP_001,C0539,T16331,1042.0,2027-02-05
SHOP_001,C0590,T16332,529.0,2027-02-05
SHOP_001,C0609,T16333,896.0,2027-02-05
SHOP_001,C0703,T16334,520.0,2027-02-05
SHOP_001,C0498,T16335,446.0,2027-02-05
SHOP_001,C0512,T16336,532.0,2027-02-05
SHOP_001,C0197,T16337,354.0,2027-02-05
SHOP_001,C0950,T16338,718.0,2027-02-05
SHOP_001,C0428,T16339,663.0,2027-02-05
SHOP_001,C0410,T16340,520.0,2027-02-05
SHOP_001,C0088,T16341,793.0,2027-02-05
SHOP_001,C0276,T16342,708.0,2027-02-05
SHOP_001,C0901,T16343,373.0,2027-02-05
SHOP_001,C0457,T16344,391.0,2027-02-05
SHOP_001,C0353,T16345,564.0,2027-02-05
SHOP_001,C0943,T16346,789.0,2027-02-05
SHOP_001,C0591,T16347,630.0,2027-02-05
SHOP_001,C0808,T16348,489.0,2027-02-06
SHOP_001,C0486,T16349,996.0,2027-02-06
SHOP_001,C0961,T16350,511.0,2027-02-06
SHOP_001,C0483,T16351,558.0,2027-02-06
SHOP_001,C0208,T16352,439.0,2027-02-06
SHOP_001,C0188,T16353,597.0,2027-02-06
SHOP_001,C0446,T16354,520.0,2027-02-06
SHOP_001,C0277,T16355,468.0,2027-02-06
SHOP_001,C0227,T16356,601.0,2027-02-06
SHOP_001,C0509,T16357,432.0,2027-02-06
SHOP_001,C0362,T16358,991.0,2027-02-06
SHOP_001,C0881,T16359,623.0,2027-02-06
SHOP_001,C0214,T16360,552.0,2027-02-06
SHOP_001,C0940,T16361,691.0,2027-02-06
SHOP_001,C0976,T16362,442.0,2027-02-06
SHOP_001,C0557,T16363,490.0,2027-02-06
SHOP_001,C0084,T16364,923.0,2027-02-06
SHOP_001,C0495,T16365,474.0,2027-02-06
SHOP_001,C0767,T16366,443.0,2027-02-06
SHOP_001,C0236,T16367,739.0,2027-02-06
SHOP_001,C0950,T16368,791.0,2027-02-06
SHOP_001,C0988,T16369,609.0,2027-02-06
SHOP_001,C0242,T16370,745.0,2027-02-06
SHOP_001,C0408,T16371,710.0,2027-02-06
SHOP_001,C0343,T16372,371.0,2027-02-06
SHOP_001,C0176,T16373,1129.0,2027-02-06
SHOP_001,C0940,T16374,322.0,2027-02-06
SHOP_001,C0183,T16375,467.0,2027-02-07
SHOP_001,C0767,T16376,411.0,2027-02-07
SHOP_001,C0805,T16377,602.0,2027-02-07
SHOP_001,C0967,T16378,553.0,2027-02-07
SHOP_001,C0648,T16379,501.0,2027-02-07
SHOP_001,C0723,T16380,485.0,2027-02-07
SHOP_001,C0989,T16381,999.0,2027-02-07
SHOP_001,C0780,T16382,949.0,2027-02-07
SHOP_001,C0071,T16383,514.0,2027-02-07
SHOP_001,C0605,T16384,690.0,2027-02-07
SHOP_001,C0780,T16385,530.0,2027-02-07
SHOP_001,C0872,T16386,755.0,2027-02-07
SHOP_001,C0030,T16387,500.0,2027-02-07
SHOP_001,C0080,T16388,754.0,2027-02-07
SHOP_001,C0872,T16389,587.0,2027-02-07
SHOP_001,C0375,T16390,850.0,2027-02-07
SHOP_001,C0285,T16391,535.0,2027-02-07
SHOP_001,C0035,T16392,502.0,2027-02-07
SHOP_001,C0809,T16393,516.0,2027-02-07
SHOP_001,C0721,T16394,754.0,2027-02-07
SHOP_001,C0594,T16395,1145.0,2027-02-07
SHOP_001,C0435,T16396,1056.0,2027-02-07
SHOP_001,C0031,T16397,494.0,2027-02-07
SHOP_001,C0396,T16398,712.0,2027-02-07
SHOP_001,C0990,T16399,592.0,2027-02-07
SHOP_001,C0023,T16400,291.0,2027-02-07
SHOP_001,C0116,T16401,761.0,2027-02-08
SHOP_001,C0648,T16402,555.0,2027-02-08
SHOP_001,C0456,T16403,476.0,2027-02-08
SHOP_001,C0795,T16404,631.0,2027-02-08
SHOP_001,C0694,T16405,927.0,2027-02-08
SHOP_001,C0777,T16406,333.0,2027-02-08
SHOP_001,C0873,T16407,1089.0,2027-02-08
SHOP_001,C0254,T16408,378.0,2027-02-08
SHOP_001,C0552,T16409,563.0,2027-02-08
SHOP_001,C0753,T16410,569.0,2027-02-08
SHOP_001,C0526,T16411,928.0,2027-02-08
SHOP_001,C0667,T16412,688.0,2027-02-08
SHOP_001,C0266,T16413,302.0,2027-02-08
SHOP_001,C0997,T16414,607.0,2027-02-08
SHOP_001,C0353,T16415,673.0,2027-02-08
SHOP_001,C0202,T16416,614.0,2027-02-08
SHOP_001,C0928,T16417,450.0,2027-02-08
SHOP_001,C0354,T16418,227.0,2027-02-08
SHOP_001,C0466,T16419,590.0,2027-02-08
SHOP_001,C0102,T16420,473.0,2027-02-08
SHOP_001,C0708,T16421,441.0,2027-02-08
SHOP_001,C0671,T16422,635.0,2027-02-08
SHOP_001,C0901,T16423,434.0,2027-02-08
SHOP_001,C0580,T16424,686.0,2027-02-08
SHOP_001,C0608,T16425,614.0,2027-02-08
SHOP_001,C0435,T16426,1043.0,2027-02-08
SHOP_001,C0498,T16427,818.0,2027-02-08
SHOP_001,C0768,T16428,1242.0,2027-02-08
SHOP_001,C0691,T16429,388.0,2027-02-08
SHOP_001,C0305,T16430,482.0,2027-02-09
SHOP_001,C0089,T16431,539.0,2027-02-09
SHOP_001,C0308,T16432,626.0,2027-02-09
SHOP_001,C0216,T16433,693.0,2027-02-09
SHOP_001,C0657,T16434,870.0,2027-02-09
SHOP_001,C0027,T16435,391.0,2027-02-09
SHOP_001,C0943,T16436,795.0,2027-02-09
SHOP_001,C0354,T16437,189.0,2027-02-09
SHOP_001,C0188,T16438,521.0,2027-02-09
SHOP_001,C0263,T16439,900.0,2027-02-09
SHOP_001,C0677,T16440,785.0,2027-02-09
SHOP_001,C0692,T16441,1140.0,2027-02-09
SHOP_001,C0224,T16442,841.0,2027-02-09
SHOP_001,C0506,T16443,413.0,2027-02-09
SHOP_001,C0235,T16444,458.0,2027-02-09
SHOP_001,C0951,T16445,687.0,2027-02-09
SHOP_001,C0512,T16446,658.0,2027-02-09
SHOP_001,C0924,T16447,764.0,2027-02-09
SHOP_001,C0234,T16448,629.0,2027-02-09
SHOP_001,C0362,T16449,1029.0,2027-02-09
SHOP_001,C0153,T16450,406.0,2027-02-09
SHOP_001,C0728,T16451,845.0,2027-02-09
SHOP_001,C0112,T16452,1163.0,2027-02-10
SHOP_001,C0295,T16453,387.0,2027-02-10
SHOP_001,C0362,T16454,1201.0,2027-02-10
SHOP_001,C0486,T16455,804.0,2027-02-10
SHOP_001,C0129,T16456,553.0,2027-02-10
SHOP_001,C0719,T16457,524.0,2027-02-10
SHOP_001,C0646,T16458,569.0,2027-02-10
SHOP_001,C0808,T16459,306.0,2027-02-10
SHOP_001,C0426,T16460,308.0,2027-02-10
SHOP_001,C0485,T16461,1103.0,2027-02-10
SHOP_001,C0707,T16462,784.0,2027-02-10
SHOP_001,C0109,T16463,675.0,2027-02-10
SHOP_001,C0610,T16464,1319.0,2027-02-10
SHOP_001,C0592,T16465,1879.0,2027-02-10
SHOP_001,C0353,T16466,570.0,2027-02-10
SHOP_001,C0201,T16467,1255.0,2027-02-10
SHOP_001,C0466,T16468,375.0,2027-02-10
SHOP_001,C0234,T16469,623.0,2027-02-10
SHOP_001,C0193,T16470,891.0,2027-02-10
SHOP_001,C0808,T16471,392.0,2027-02-10
SHOP_001,C0233,T16472,602.0,2027-02-10
SHOP_001,C0174,T16473,564.0,2027-02-10
SHOP_001,C0685,T16474,293.0,2027-02-10
SHOP_001,C0153,T16475,602.0,2027-02-10
SHOP_001,C0782,T16476,267.0,2027-02-10
SHOP_001,C0677,T16477,596.0,2027-02-10
SHOP_001,C0891,T16478,1095.0,2027-02-11
SHOP_001,C0351,T16479,533.0,2027-02-11
SHOP_001,C0699,T16480,396.0,2027-02-11
SHOP_001,C0188,T16481,390.0,2027-02-11
SHOP_001,C0181,T16482,483.0,2027-02-11
SHOP_001,C0469,T16483,666.0,2027-02-11
SHOP_001,C0753,T16484,522.0,2027-02-11
SHOP_001,C0105,T16485,438.0,2027-02-11
SHOP_001,C0518,T16486,667.0,2027-02-11
SHOP_001,C0498,T16487,891.0,2027-02-11
SHOP_001,C0153,T16488,418.0,2027-02-11
SHOP_001,C0933,T16489,321.0,2027-02-11
SHOP_001,C0106,T16490,767.0,2027-02-11
SHOP_001,C0276,T16491,565.0,2027-02-11
SHOP_001,C0587,T16492,352.0,2027-02-11
SHOP_001,C0919,T16493,447.0,2027-02-11
SHOP_001,C0063,T16494,695.0,2027-02-11
SHOP_001,C0233,T16495,407.0,2027-02-11
SHOP_001,C0143,T16496,410.0,2027-02-11
SHOP_001,C0728,T16497,425.0,2027-02-11
SHOP_001,C0791,T16498,630.0,2027-02-11
SHOP_001,C0943,T16499,421.0,2027-02-11
SHOP_001,C0409,T16500,392.0,2027-02-11
SHOP_001,C0970,T16501,291.0,2027-02-11
SHOP_001,C0408,T16502,708.0,2027-02-11
SHOP_001,C0522,T16503,731.0,2027-02-11
SHOP_001,C0343,T16504,540.0,2027-02-11
SHOP_001,C0066,T16505,303.0,2027-02-11
SHOP_001,C0710,T16506,660.0,2027-02-12
SHOP_001,C0990,T16507,596.0,2027-02-12
SHOP_001,C0907,T16508,479.0,2027-02-12
SHOP_001,C0174,T16509,551.0,2027-02-12
SHOP_001,C0636,T16510,742.0,2027-02-12
SHOP_001,C0211,T16511,565.0,2027-02-12
SHOP_001,C0242,T16512,500.0,2027-02-12
SHOP_001,C0966,T16513,469.0,2027-02-12
SHOP_001,C0791,T16514,246.0,2027-02-12
SHOP_001,C0174,T16515,1031.0,2027-02-12
SHOP_001,C0791,T16516,451.0,2027-02-12
SHOP_001,C0456,T16517,576.0,2027-02-12
SHOP_001,C0426,T16518,285.0,2027-02-12
SHOP_001,C0139,T16519,586.0,2027-02-12
SHOP_001,C0507,T16520,510.0,2027-02-12
SHOP_001,C0671,T16521,561.0,2027-02-12
SHOP_001,C0901,T16522,653.0,2027-02-12
SHOP_001,C0019,T16523,995.0,2027-02-12
SHOP_001,C0707,T16524,785.0,2027-02-12
SHOP_001,C0753,T16525,766.0,2027-02-12
SHOP_001,C0142,T16526,378.0,2027-02-12
SHOP_001,C0929,T16527,636.0,2027-02-12
SHOP_001,C0753,T16528,442.0,2027-02-12
SHOP_001,C0407,T16529,744.0,2027-02-12
SHOP_001,C0505,T16530,789.0,2027-02-13
SHOP_001,C0498,T16531,550.0,2027-02-13
SHOP_001,C0005,T16532,611.0,2027-02-13
SHOP_001,C0712,T16533,507.0,2027-02-13
SHOP_001,C0247,T16534,660.0,2027-02-13
SHOP_001,C0672,T16535,817.0,2027-02-13
SHOP_001,C0401,T16536,655.0,2027-02-13
SHOP_001,C0176,T16537,890.0,2027-02-13
SHOP_001,C0557,T16538,288.0,2027-02-13
SHOP_001,C0294,T16539,574.0,2027-02-13
SHOP_001,C0063,T16540,376.0,2027-02-13
SHOP_001,C0556,T16541,713.0,2027-02-13
SHOP_001,C0768,T16542,800.0,2027-02-13
SHOP_001,C0432,T16543,642.0,2027-02-13
SHOP_001,C0205,T16544,605.0,2027-02-13
SHOP_001,C0676,T16545,275.0,2027-02-13
SHOP_001,C0509,T16546,597.0,2027-02-13
SHOP_001,C0855,T16547,556.0,2027-02-13
SHOP_001,C0996,T16548,1095.0,2027-02-13
SHOP_001,C0241,T16549,1064.0,2027-02-13
SHOP_001,C0370,T16550,427.0,2027-02-13
SHOP_001,C0924,T16551,430.0,2027-02-13
SHOP_001,C0109,T16552,1116.0,2027-02-13
SHOP_001,C0979,T16553,542.0,2027-02-13
SHOP_001,C0532,T16554,340.0,2027-02-13
SHOP_001,C0042,T16555,354.0,2027-02-13
SHOP_001,C0976,T16556,974.0,2027-02-13
SHOP_001,C0495,T16557,1027.0,2027-02-13
SHOP_001,C0202,T16558,1298.0,2027-02-13
SHOP_001,C0170,T16559,579.0,2027-02-14
SHOP_001,C0854,T16560,488.0,2027-02-14
SHOP_001,C0279,T16561,427.0,2027-02-14
SHOP_001,C0569,T16562,538.0,2027-02-14
SHOP_001,C0539,T16563,496.0,2027-02-14
SHOP_001,C0777,T16564,365.0,2027-02-14
SHOP_001,C0051,T16565,586.0,2027-02-14
SHOP_001,C0352,T16566,868.0,2027-02-14
SHOP_001,C0671,T16567,558.0,2027-02-14
SHOP_001,C0029,T16568,730.0,2027-02-14
SHOP_001,C0123,T16569,467.0,2027-02-14
SHOP_001,C0995,T16570,647.0,2027-02-14
SHOP_001,C0109,T16571,436.0,2027-02-14
SHOP_001,C0866,T16572,732.0,2027-02-14
SHOP_001,C0985,T16573,442.0,2027-02-14
SHOP_001,C0544,T16574,660.0,2027-02-14
SHOP_001,C0258,T16575,359.0,2027-02-14
SHOP_001,C0219,T16576,1144.0,2027-02-14
SHOP_001,C0343,T16577,181.0,2027-02-14
SHOP_001,C0977,T16578,698.0,2027-02-14
SHOP_001,C0554,T16579,333.0,2027-02-14
SHOP_001,C0248,T16580,624.0,2027-02-14
SHOP_001,C0741,T16581,373.0,2027-02-14
SHOP_001,C0805,T16582,476.0,2027-02-14
SHOP_001,C0249,T16583,559.0,2027-02-14
SHOP_001,C0353,T16584,483.0,2027-02-14
SHOP_001,C0966,T16585,923.0,2027-02-14
SHOP_001,C0234,T16586,500.0,2027-02-14
SHOP_001,C0227,T16587,654.0,2027-02-14
SHOP_001,C0984,T16588,394.0,2027-02-14
SHOP_001,C0503,T16589,424.0,2027-02-14
SHOP_001,C0753,T16590,631.0,2027-02-14
SHOP_001,C0787,T16591,539.0,2027-02-14
SHOP_001,C0435,T16592,760.0,2027-02-14
SHOP_001,C0201,T16593,869.0,2027-02-14
SHOP_001,C0718,T16594,517.0,2027-02-14
SHOP_001,C0669,T16595,560.0,2027-02-14
SHOP_001,C0399,T16596,740.0,2027-02-14
SHOP_001,C0026,T16597,801.0,2027-02-14
SHOP_001,C0237,T16598,850.0,2027-02-14
SHOP_001,C0506,T16599,445.0,2027-02-14
SHOP_001,C0080,T16600,446.0,2027-02-14
SHOP_001,C0560,T16601,607.0,2027-02-14
SHOP_001,C0781,T16602,766.0,2027-02-15
SHOP_001,C0768,T16603,861.0,2027-02-15
SHOP_001,C0809,T16604,646.0,2027-02-15
SHOP_001,C0719,T16605,412.0,2027-02-15
SHOP_001,C0780,T16606,1015.0,2027-02-15
SHOP_001,C0931,T16607,368.0,2027-02-15
SHOP_001,C0671,T16608,587.0,2027-02-15
SHOP_001,C0758,T16609,326.0,2027-02-15
SHOP_001,C0384,T16610,717.0,2027-02-15
SHOP_001,C0772,T16611,633.0,2027-02-15
SHOP_001,C0036,T16612,933.0,2027-02-15
SHOP_001,C0725,T16613,360.0,2027-02-15
SHOP_001,C0288,T16614,395.0,2027-02-15
SHOP_001,C0146,T16615,300.0,2027-02-15
SHOP_001,C0439,T16616,810.0,2027-02-15
SHOP_001,C0784,T16617,442.0,2027-02-15
SHOP_001,C0176,T16618,1000.0,2027-02-15
SHOP_001,C0202,T16619,354.0,2027-02-15
SHOP_001,C0786,T16620,260.0,2027-02-15
SHOP_001,C0716,T16621,828.0,2027-02-15
SHOP_001,C0097,T16622,843.0,2027-02-15
SHOP_001,C0492,T16623,1344.0,2027-02-15
SHOP_001,C0763,T16624,437.0,2027-02-15
SHOP_001,C0523,T16625,495.0,2027-02-15
SHOP_001,C0789,T16626,831.0,2027-02-15
SHOP_001,C0677,T16627,551.0,2027-02-15
SHOP_001,C0805,T16628,455.0,2027-02-16
SHOP_001,C0174,T16629,419.0,2027-02-16
SHOP_001,C0648,T16630,237.0,2027-02-16
SHOP_001,C0325,T16631,449.0,2027-02-16
SHOP_001,C0898,T16632,570.0,2027-02-16
SHOP_001,C0205,T16633,576.0,2027-02-16
SHOP_001,C0224,T16634,1122.0,2027-02-16
SHOP_001,C0677,T16635,582.0,2027-02-16
SHOP_001,C0524,T16636,589.0,2027-02-16
SHOP_001,C0177,T16637,594.0,2027-02-16
SHOP_001,C0372,T16638,635.0,2027-02-16
SHOP_001,C0933,T16639,660.0,2027-02-16
SHOP_001,C0153,T16640,474.0,2027-02-16
SHOP_001,C0782,T16641,471.0,2027-02-16
SHOP_001,C0406,T16642,579.0,2027-02-16
SHOP_001,C0711,T16643,423.0,2027-02-16
SHOP_001,C0171,T16644,259.0,2027-02-16
SHOP_001,C0874,T16645,461.0,2027-02-16
SHOP_001,C0672,T16646,601.0,2027-02-16
SHOP_001,C0843,T16647,719.0,2027-02-16
SHOP_001,C0227,T16648,332.0,2027-02-16
SHOP_001,C0805,T16649,379.0,2027-02-16
SHOP_001,C0793,T16650,402.0,2027-02-17
SHOP_001,C0927,T16651,546.0,2027-02-17
SHOP_001,C0331,T16652,420.0,2027-02-17
SHOP_001,C0084,T16653,464.0,2027-02-17
SHOP_001,C0739,T16654,326.0,2027-02-17
SHOP_001,C0701,T16655,862.0,2027-02-17
SHOP_001,C0933,T16656,398.0,2027-02-17
SHOP_001,C0359,T16657,408.0,2027-02-17
SHOP_001,C0128,T16658,866.0,2027-02-17
SHOP_001,C0394,T16659,672.0,2027-02-17
SHOP_001,C0677,T16660,743.0,2027-02-17
SHOP_001,C0394,T16661,385.0,2027-02-17
SHOP_001,C0868,T16662,916.0,2027-02-17
SHOP_001,C0831,T16663,963.0,2027-02-17
SHOP_001,C0671,T16664,477.0,2027-02-17
SHOP_001,C0795,T16665,285.0,2027-02-17
SHOP_001,C0409,T16666,443.0,2027-02-17
SHOP_001,C0242,T16667,536.0,2027-02-17
SHOP_001,C0258,T16668,337.0,2027-02-17
SHOP_001,C0035,T16669,417.0,2027-02-17
SHOP_001,C0666,T16670,503.0,2027-02-17
SHOP_001,C0754,T16671,766.0,2027-02-17
SHOP_001,C0399,T16672,454.0,2027-02-17
SHOP_001,C0618,T16673,421.0,2027-02-17
SHOP_001,C0053,T16674,649.0,2027-02-17
SHOP_001,C0330,T16675,292.0,2027-02-17
SHOP_001,C0761,T16676,446.0,2027-02-18
SHOP_001,C0762,T16677,740.0,2027-02-18
SHOP_001,C0874,T16678,481.0,2027-02-18
SHOP_001,C0229,T16679,1444.0,2027-02-18
SHOP_001,C0622,T16680,1128.0,2027-02-18
SHOP_001,C0882,T16681,359.0,2027-02-18
SHOP_001,C0227,T16682,465.0,2027-02-18
SHOP_001,C0681,T16683,282.0,2027-02-18
SHOP_001,C0704,T16684,789.0,2027-02-18
SHOP_001,C0288,T16685,393.0,2027-02-18
SHOP_001,C0801,T16686,1089.0,2027-02-18
SHOP_001,C0808,T16687,437.0,2027-02-18
SHOP_001,C0404,T16688,861.0,2027-02-18
SHOP_001,C0849,T16689,349.0,2027-02-18
SHOP_001,C0106,T16690,745.0,2027-02-18
SHOP_001,C0718,T16691,1107.0,2027-02-18
SHOP_001,C0183,T16692,803.0,2027-02-18
SHOP_001,C0359,T16693,844.0,2027-02-18
SHOP_001,C0289,T16694,486.0,2027-02-18
SHOP_001,C0647,T16695,528.0,2027-02-18
SHOP_001,C0353,T16696,982.0,2027-02-18
SHOP_001,C0770,T16697,496.0,2027-02-18
SHOP_001,C0881,T16698,840.0,2027-02-19
SHOP_001,C0636,T16699,1213.0,2027-02-19
SHOP_001,C0997,T16700,512.0,2027-02-19
SHOP_001,C0881,T16701,459.0,2027-02-19
SHOP_001,C0524,T16702,568.0,2027-02-19
SHOP_001,C0524,T16703,417.0,2027-02-19
SHOP_001,C0509,T16704,691.0,2027-02-19
SHOP_001,C0609,T16705,919.0,2027-02-19
SHOP_001,C0903,T16706,426.0,2027-02-19
SHOP_001,C0686,T16707,357.0,2027-02-19
SHOP_001,C0030,T16708,351.0,2027-02-19
SHOP_001,C0832,T16709,981.0,2027-02-19
SHOP_001,C0862,T16710,612.0,2027-02-19
SHOP_001,C0209,T16711,490.0,2027-02-19
SHOP_001,C0277,T16712,386.0,2027-02-19
SHOP_001,C0610,T16713,1315.0,2027-02-19
SHOP_001,C0809,T16714,560.0,2027-02-19
SHOP_001,C0793,T16715,284.0,2027-02-19
SHOP_001,C0322,T16716,478.0,2027-02-19
SHOP_001,C0432,T16717,709.0,2027-02-19
SHOP_001,C0183,T16718,869.0,2027-02-19
SHOP_001,C0019,T16719,612.0,2027-02-19
SHOP_001,C0518,T16720,585.0,2027-02-19
SHOP_001,C0657,T16721,1073.0,2027-02-19
SHOP_001,C0207,T16722,435.0,2027-02-19
SHOP_001,C0768,T16723,658.0,2027-02-19
SHOP_001,C0683,T16724,641.0,2027-02-19
SHOP_001,C0030,T16725,585.0,2027-02-19
SHOP_001,C0649,T16726,465.0,2027-02-19
SHOP_001,C0556,T16727,1006.0,2027-02-20
SHOP_001,C0960,T16728,560.0,2027-02-20
SHOP_001,C0990,T16729,428.0,2027-02-20
SHOP_001,C0940,T16730,553.0,2027-02-20
SHOP_001,C0295,T16731,553.0,2027-02-20
SHOP_001,C0456,T16732,684.0,2027-02-20
SHOP_001,C0427,T16733,902.0,2027-02-20
SHOP_001,C0254,T16734,326.0,2027-02-20
SHOP_001,C0277,T16735,460.0,2027-02-20
SHOP_001,C0843,T16736,735.0,2027-02-20
SHOP_001,C0754,T16737,559.0,2027-02-20
SHOP_001,C0440,T16738,539.0,2027-02-20
SHOP_001,C0066,T16739,775.0,2027-02-20
SHOP_001,C0336,T16740,681.0,2027-02-20
SHOP_001,C0386,T16741,723.0,2027-02-20
SHOP_001,C0621,T16742,419.0,2027-02-20
SHOP_001,C0227,T16743,697.0,2027-02-20
SHOP_001,C0997,T16744,687.0,2027-02-20
SHOP_001,C0169,T16745,376.0,2027-02-20
SHOP_001,C0997,T16746,983.0,2027-02-20
SHOP_001,C0141,T16747,422.0,2027-02-20
SHOP_001,C0787,T16748,358.0,2027-02-20
SHOP_001,C0780,T16749,854.0,2027-02-20
SHOP_001,C0713,T16750,676.0,2027-02-20
SHOP_001,C0019,T16751,568.0,2027-02-20
SHOP_001,C0896,T16752,249.0,2027-02-20
SHOP_001,C0190,T16753,875.0,2027-02-20
SHOP_001,C0353,T16754,764.0,2027-02-20
SHOP_001,C0685,T16755,364.0,2027-02-20
SHOP_001,C0874,T16756,442.0,2027-02-20
SHOP_001,C0407,T16757,542.0,2027-02-20
SHOP_001,C0933,T16758,551.0,2027-02-20
SHOP_001,C0282,T16759,676.0,2027-02-20
SHOP_001,C0500,T16760,612.0,2027-02-20
SHOP_001,C0670,T16761,388.0,2027-02-20
SHOP_001,C0438,T16762,192.0,2027-02-20
SHOP_001,C0631,T16763,372.0,2027-02-20
SHOP_001,C0667,T16764,413.0,2027-02-20
SHOP_001,C0029,T16765,1007.0,2027-02-20
SHOP_001,C0530,T16766,538.0,2027-02-20
SHOP_001,C0707,T16767,1510.0,2027-02-20
SHOP_001,C0693,T16768,511.0,2027-02-20
SHOP_001,C0808,T16769,402.0,2027-02-20
SHOP_001,C0716,T16770,423.0,2027-02-20
SHOP_001,C0408,T16771,522.0,2027-02-20
SHOP_001,C0295,T16772,572.0,2027-02-20
SHOP_001,C0315,T16773,474.0,2027-02-21
SHOP_001,C0340,T16774,545.0,2027-02-21
SHOP_001,C0716,T16775,374.0,2027-02-21
SHOP_001,C0456,T16776,739.0,2027-02-21
SHOP_001,C0451,T16777,869.0,2027-02-21
SHOP_001,C0950,T16778,696.0,2027-02-21
SHOP_001,C0621,T16779,443.0,2027-02-21
SHOP_001,C0609,T16780,819.0,2027-02-21
SHOP_001,C0399,T16781,418.0,2027-02-21
SHOP_001,C0640,T16782,350.0,2027-02-21
SHOP_001,C0227,T16783,832.0,2027-02-21
SHOP_001,C0446,T16784,761.0,2027-02-21
SHOP_001,C0813,T16785,421.0,2027-02-21
SHOP_001,C0943,T16786,253.0,2027-02-21
SHOP_001,C0011,T16787,585.0,2027-02-21
SHOP_001,C0150,T16788,619.0,2027-02-21
SHOP_001,C0511,T16789,623.0,2027-02-21
SHOP_001,C0855,T16790,356.0,2027-02-21
SHOP_001,C0243,T16791,634.0,2027-02-21
SHOP_001,C0719,T16792,418.0,2027-02-21
SHOP_001,C0943,T16793,751.0,2027-02-21
SHOP_001,C0456,T16794,431.0,2027-02-21
SHOP_001,C0438,T16795,473.0,2027-02-21
SHOP_001,C0934,T16796,394.0,2027-02-21
SHOP_001,C0228,T16797,948.0,2027-02-21
SHOP_001,C0503,T16798,293.0,2027-02-21
SHOP_001,C0248,T16799,805.0,2027-02-21
SHOP_001,C0427,T16800,705.0,2027-02-21
SHOP_001,C0486,T16801,790.0,2027-02-21
SHOP_001,C0224,T16802,848.0,2027-02-21
SHOP_001,C0541,T16803,525.0,2027-02-21
SHOP_001,C0862,T16804,960.0,2027-02-22
SHOP_001,C0847,T16805,367.0,2027-02-22
SHOP_001,C0539,T16806,654.0,2027-02-22
SHOP_001,C0621,T16807,467.0,2027-02-22
SHOP_001,C0768,T16808,456.0,2027-02-22
SHOP_001,C0949,T16809,310.0,2027-02-22
SHOP_001,C0767,T16810,409.0,2027-02-22
SHOP_001,C0227,T16811,556.0,2027-02-22
SHOP_001,C0683,T16812,451.0,2027-02-22
SHOP_001,C0135,T16813,463.0,2027-02-22
SHOP_001,C0477,T16814,432.0,2027-02-22
SHOP_001,C0498,T16815,579.0,2027-02-22
SHOP_001,C0341,T16816,499.0,2027-02-22
SHOP_001,C0683,T16817,366.0,2027-02-22
SHOP_001,C0741,T16818,518.0,2027-02-22
SHOP_001,C0721,T16819,447.0,2027-02-22
SHOP_001,C0354,T16820,242.0,2027-02-22
SHOP_001,C0492,T16821,846.0,2027-02-22
SHOP_001,C0396,T16822,834.0,2027-02-22
SHOP_001,C0999,T16823,570.0,2027-02-22
SHOP_001,C0764,T16824,965.0,2027-02-22
SHOP_001,C0463,T16825,489.0,2027-02-23
SHOP_001,C0446,T16826,433.0,2027-02-23
SHOP_001,C0478,T16827,778.0,2027-02-23
SHOP_001,C0787,T16828,224.0,2027-02-23
SHOP_001,C0952,T16829,425.0,2027-02-23
SHOP_001,C0080,T16830,657.0,2027-02-23
SHOP_001,C0329,T16831,690.0,2027-02-23
SHOP_001,C0848,T16832,1790.0,2027-02-23
SHOP_001,C0692,T16833,447.0,2027-02-23
SHOP_001,C0460,T16834,167.0,2027-02-23
SHOP_001,C0030,T16835,755.0,2027-02-23
SHOP_001,C0628,T16836,979.0,2027-02-23
SHOP_001,C0649,T16837,649.0,2027-02-24
SHOP_001,C0505,T16838,449.0,2027-02-24
SHOP_001,C0158,T16839,714.0,2027-02-24
SHOP_001,C0242,T16840,734.0,2027-02-24
SHOP_001,C0803,T16841,591.0,2027-02-24
SHOP_001,C0943,T16842,234.0,2027-02-24
SHOP_001,C0979,T16843,480.0,2027-02-24
SHOP_001,C0753,T16844,809.0,2027-02-24
SHOP_001,C0426,T16845,210.0,2027-02-24
SHOP_001,C0648,T16846,586.0,2027-02-24
SHOP_001,C0295,T16847,520.0,2027-02-24
SHOP_001,C0312,T16848,599.0,2027-02-24
SHOP_001,C0322,T16849,644.0,2027-02-24
SHOP_001,C0671,T16850,880.0,2027-02-24
SHOP_001,C0933,T16851,542.0,2027-02-24
SHOP_001,C0997,T16852,1081.0,2027-02-24
SHOP_001,C0107,T16853,555.0,2027-02-24
SHOP_001,C0097,T16854,424.0,2027-02-24
SHOP_001,C0977,T16855,410.0,2027-02-24
SHOP_001,C0777,T16856,750.0,2027-02-24
SHOP_001,C0227,T16857,402.0,2027-02-24
SHOP_001,C0655,T16858,476.0,2027-02-24
SHOP_001,C0277,T16859,426.0,2027-02-24
SHOP_001,C0162,T16860,376.0,2027-02-25
SHOP_001,C0967,T16861,547.0,2027-02-25
SHOP_001,C0066,T16862,374.0,2027-02-25
SHOP_001,C0344,T16863,254.0,2027-02-25
SHOP_001,C0106,T16864,354.0,2027-02-25
SHOP_001,C0493,T16865,952.0,2027-02-25
SHOP_001,C0996,T16866,589.0,2027-02-25
SHOP_001,C0780,T16867,1072.0,2027-02-25
SHOP_001,C0069,T16868,739.0,2027-02-25
SHOP_001,C0724,T16869,300.0,2027-02-25
SHOP_001,C0815,T16870,367.0,2027-02-25
SHOP_001,C0027,T16871,689.0,2027-02-25
SHOP_001,C0557,T16872,479.0,2027-02-25
SHOP_001,C0872,T16873,1232.0,2027-02-25
SHOP_001,C0345,T16874,848.0,2027-02-25
SHOP_001,C0754,T16875,695.0,2027-02-25
SHOP_001,C0392,T16876,414.0,2027-02-25
SHOP_001,C0881,T16877,614.0,2027-02-25
SHOP_001,C0639,T16878,627.0,2027-02-25
SHOP_001,C0442,T16879,1438.0,2027-02-25
SHOP_001,C0990,T16880,728.0,2027-02-25
SHOP_001,C0966,T16881,503.0,2027-02-25
SHOP_001,C0987,T16882,464.0,2027-02-25
SHOP_001,C0492,T16883,719.0,2027-02-25
SHOP_001,C0753,T16884,691.0,2027-02-26
SHOP_001,C0723,T16885,272.0,2027-02-26
SHOP_001,C0754,T16886,1245.0,2027-02-26
SHOP_001,C0030,T16887,354.0,2027-02-26
SHOP_001,C0214,T16888,743.0,2027-02-26
SHOP_001,C0872,T16889,636.0,2027-02-26
SHOP_001,C0647,T16890,546.0,2027-02-26
SHOP_001,C0158,T16891,618.0,2027-02-26
SHOP_001,C0174,T16892,1107.0,2027-02-26
SHOP_001,C0772,T16893,728.0,2027-02-26
SHOP_001,C0791,T16894,612.0,2027-02-26
SHOP_001,C0873,T16895,594.0,2027-02-26
SHOP_001,C0796,T16896,350.0,2027-02-26
SHOP_001,C0946,T16897,456.0,2027-02-26
SHOP_001,C0174,T16898,691.0,2027-02-26
SHOP_001,C0723,T16899,732.0,2027-02-26
SHOP_001,C0704,T16900,880.0,2027-02-26
SHOP_001,C0694,T16901,670.0,2027-02-26
SHOP_001,C0035,T16902,348.0,2027-02-26
SHOP_001,C0682,T16903,888.0,2027-02-26
SHOP_001,C0019,T16904,617.0,2027-02-26
SHOP_001,C0951,T16905,971.0,2027-02-26
SHOP_001,C0105,T16906,481.0,2027-02-26
SHOP_001,C0246,T16907,694.0,2027-02-26
SHOP_001,C0636,T16908,848.0,2027-02-26
SHOP_001,C0014,T16909,898.0,2027-02-26
SHOP_001,C0052,T16910,548.0,2027-02-26
SHOP_001,C0448,T16911,510.0,2027-02-26
SHOP_001,C0694,T16912,612.0,2027-02-26
SHOP_001,C0535,T16913,778.0,2027-02-26
SHOP_001,C0211,T16914,602.0,2027-02-26
SHOP_001,C0691,T16915,659.0,2027-02-26
SHOP_001,C0910,T16916,602.0,2027-02-26
SHOP_001,C0019,T16917,602.0,2027-02-26
SHOP_001,C0534,T16918,506.0,2027-02-26
SHOP_001,C0140,T16919,766.0,2027-02-26
SHOP_001,C0162,T16920,422.0,2027-02-27
SHOP_001,C0666,T16921,763.0,2027-02-27
SHOP_001,C0710,T16922,407.0,2027-02-27
SHOP_001,C0719,T16923,342.0,2027-02-27
SHOP_001,C0685,T16924,607.0,2027-02-27
SHOP_001,C0135,T16925,521.0,2027-02-27
SHOP_001,C0409,T16926,648.0,2027-02-27
SHOP_001,C0490,T16927,621.0,2027-02-27
SHOP_001,C0648,T16928,468.0,2027-02-27
SHOP_001,C0736,T16929,763.0,2027-02-27
SHOP_001,C0084,T16930,560.0,2027-02-27
SHOP_001,C0097,T16931,849.0,2027-02-27
SHOP_001,C0381,T16932,595.0,2027-02-27
SHOP_001,C0784,T16933,1430.0,2027-02-27
SHOP_001,C0490,T16934,490.0,2027-02-27
SHOP_001,C0805,T16935,419.0,2027-02-27
SHOP_001,C0277,T16936,617.0,2027-02-27
SHOP_001,C0768,T16937,812.0,2027-02-27
SHOP_001,C0493,T16938,685.0,2027-02-27
SHOP_001,C0372,T16939,654.0,2027-02-27
SHOP_001,C0618,T16940,1098.0,2027-02-27
SHOP_001,C0763,T16941,726.0,2027-02-27
SHOP_001,C0918,T16942,764.0,2027-02-27
SHOP_001,C0808,T16943,882.0,2027-02-28
SHOP_001,C0106,T16944,752.0,2027-02-28
SHOP_001,C0176,T16945,1140.0,2027-02-28
SHOP_001,C0692,T16946,557.0,2027-02-28
SHOP_001,C0315,T16947,934.0,2027-02-28
SHOP_001,C0029,T16948,810.0,2027-02-28
SHOP_001,C0205,T16949,877.0,2027-02-28
SHOP_001,C0392,T16950,771.0,2027-02-28
SHOP_001,C0872,T16951,973.0,2027-02-28
SHOP_001,C0897,T16952,882.0,2027-02-28
SHOP_001,C0129,T16953,311.0,2027-02-28
SHOP_001,C0317,T16954,519.0,2027-02-28
SHOP_001,C0604,T16955,818.0,2027-02-28
SHOP_001,C0762,T16956,469.0,2027-02-28
SHOP_001,C0754,T16957,379.0,2027-02-28
SHOP_001,C0971,T16958,980.0,2027-02-28
SHOP_001,C0176,T16959,883.0,2027-02-28
SHOP_001,C0353,T16960,609.0,2027-02-28
SHOP_001,C0028,T16961,899.0,2027-02-28
SHOP_001,C0768,T16962,533.0,2027-02-28
SHOP_001,C0036,T16963,371.0,2027-02-28
SHOP_001,C0475,T16964,447.0,2027-02-28
SHOP_001,C0648,T16965,471.0,2027-02-28
SHOP_001,C0705,T16966,1264.0,2027-02-28
SHOP_001,C0728,T16967,416.0,2027-03-01
SHOP_001,C0456,T16968,341.0,2027-03-01
SHOP_001,C0780,T16969,1091.0,2027-03-01
SHOP_001,C0811,T16970,342.0,2027-03-01
SHOP_001,C0901,T16971,306.0,2027-03-01
SHOP_001,C0157,T16972,595.0,2027-03-01
SHOP_001,C0972,T16973,510.0,2027-03-01
SHOP_001,C0295,T16974,218.0,2027-03-01
SHOP_001,C0227,T16975,297.0,2027-03-01
SHOP_001,C0090,T16976,394.0,2027-03-01
SHOP_001,C0494,T16977,664.0,2027-03-01
SHOP_001,C0384,T16978,925.0,2027-03-01
SHOP_001,C0771,T16979,503.0,2027-03-01
SHOP_001,C0808,T16980,566.0,2027-03-01
SHOP_001,C0590,T16981,745.0,2027-03-01
SHOP_001,C0435,T16982,527.0,2027-03-01
SHOP_001,C0877,T16983,737.0,2027-03-01
SHOP_001,C0780,T16984,803.0,2027-03-01
SHOP_001,C0483,T16985,292.0,2027-03-01
SHOP_001,C0893,T16986,555.0,2027-03-01
SHOP_001,C0288,T16987,467.0,2027-03-01
SHOP_001,C0671,T16988,1185.0,2027-03-01
SHOP_001,C0030,T16989,469.0,2027-03-02
SHOP_001,C0512,T16990,597.0,2027-03-02
SHOP_001,C0030,T16991,451.0,2027-03-02
SHOP_001,C0768,T16992,387.0,2027-03-02
SHOP_001,C0310,T16993,547.0,2027-03-02
SHOP_001,C0805,T16994,489.0,2027-03-02
SHOP_001,C0768,T16995,671.0,2027-03-02
SHOP_001,C0880,T16996,680.0,2027-03-02
SHOP_001,C0593,T16997,661.0,2027-03-02
SHOP_001,C0396,T16998,413.0,2027-03-02
SHOP_001,C0379,T16999,300.0,2027-03-02
SHOP_001,C0112,T17000,735.0,2027-03-02
SHOP_001,C0979,T17001,776.0,2027-03-02
SHOP_001,C0401,T17002,686.0,2027-03-02
SHOP_001,C0818,T17003,517.0,2027-03-02
SHOP_001,C0019,T17004,1082.0,2027-03-02
SHOP_001,C0490,T17005,414.0,2027-03-02
SHOP_001,C0918,T17006,559.0,2027-03-02
SHOP_001,C0846,T17007,461.0,2027-03-02
SHOP_001,C0008,T17008,616.0,2027-03-02
SHOP_001,C0807,T17009,374.0,2027-03-02
SHOP_001,C0900,T17010,498.0,2027-03-03
SHOP_001,C0525,T17011,483.0,2027-03-03
SHOP_001,C0562,T17012,585.0,2027-03-03
SHOP_001,C0174,T17013,922.0,2027-03-03
SHOP_001,C0936,T17014,1087.0,2027-03-03
SHOP_001,C0199,T17015,341.0,2027-03-03
SHOP_001,C0174,T17016,585.0,2027-03-03
SHOP_001,C0399,T17017,339.0,2027-03-03
SHOP_001,C0105,T17018,657.0,2027-03-03
SHOP_001,C0370,T17019,567.0,2027-03-03
SHOP_001,C0903,T17020,524.0,2027-03-03
SHOP_001,C0498,T17021,694.0,2027-03-03
SHOP_001,C0370,T17022,299.0,2027-03-03
SHOP_001,C0601,T17023,418.0,2027-03-03
SHOP_001,C0738,T17024,636.0,2027-03-03
SHOP_001,C0567,T17025,362.0,2027-03-03
SHOP_001,C0490,T17026,276.0,2027-03-03
SHOP_001,C0639,T17027,600.0,2027-03-03
SHOP_001,C0773,T17028,1086.0,2027-03-03
SHOP_001,C0529,T17029,745.0,2027-03-03
SHOP_001,C0881,T17030,676.0,2027-03-03
SHOP_001,C0070,T17031,503.0,2027-03-03
SHOP_001,C0646,T17032,468.0,2027-03-04
SHOP_001,C0967,T17033,644.0,2027-03-04
SHOP_001,C0677,T17034,719.0,2027-03-04
SHOP_001,C0757,T17035,809.0,2027-03-04
SHOP_001,C0927,T17036,406.0,2027-03-04
SHOP_001,C0027,T17037,454.0,2027-03-04
SHOP_001,C0426,T17038,342.0,2027-03-04
SHOP_001,C0227,T17039,307.0,2027-03-04
SHOP_001,C0827,T17040,712.0,2027-03-04
SHOP_001,C0967,T17041,803.0,2027-03-04
SHOP_001,C0966,T17042,395.0,2027-03-04
SHOP_001,C0784,T17043,989.0,2027-03-04
SHOP_001,C0852,T17044,494.0,2027-03-04
SHOP_001,C0934,T17045,243.0,2027-03-04
SHOP_001,C0540,T17046,553.0,2027-03-04
SHOP_001,C0529,T17047,676.0,2027-03-04
SHOP_001,C0660,T17048,466.0,2027-03-04
SHOP_001,C0014,T17049,734.0,2027-03-04
SHOP_001,C0202,T17050,451.0,2027-03-04
SHOP_001,C0943,T17051,434.0,2027-03-04
SHOP_001,C0525,T17052,905.0,2027-03-04
SHOP_001,C0242,T17053,365.0,2027-03-04
SHOP_001,C0862,T17054,618.0,2027-03-04
SHOP_001,C0985,T17055,403.0,2027-03-04
SHOP_001,C0174,T17056,423.0,2027-03-04
SHOP_001,C0199,T17057,388.0,2027-03-04
SHOP_001,C0943,T17058,497.0,2027-03-05
SHOP_001,C0490,T17059,614.0,2027-03-05
SHOP_001,C0037,T17060,475.0,2027-03-05
SHOP_001,C0342,T17061,864.0,2027-03-05
SHOP_001,C0724,T17062,429.0,2027-03-05
SHOP_001,C0066,T17063,445.0,2027-03-05
SHOP_001,C0744,T17064,472.0,2027-03-05
SHOP_001,C0179,T17065,548.0,2027-03-05
SHOP_001,C0227,T17066,449.0,2027-03-05
SHOP_001,C0174,T17067,774.0,2027-03-05
SHOP_001,C0768,T17068,985.0,2027-03-05
SHOP_001,C0728,T17069,521.0,2027-03-05
SHOP_001,C0809,T17070,889.0,2027-03-05
SHOP_001,C0130,T17071,710.0,2027-03-05
SHOP_001,C0359,T17072,656.0,2027-03-05
SHOP_001,C0708,T17073,679.0,2027-03-05
SHOP_001,C0874,T17074,848.0,2027-03-05
SHOP_001,C0685,T17075,414.0,2027-03-05
SHOP_001,C0009,T17076,487.0,2027-03-05
SHOP_001,C0433,T17077,572.0,2027-03-05
SHOP_001,C0058,T17078,688.0,2027-03-05
SHOP_001,C0901,T17079,729.0,2027-03-05
SHOP_001,C0426,T17080,442.0,2027-03-05
SHOP_001,C0227,T17081,323.0,2027-03-05
SHOP_001,C0354,T17082,234.0,2027-03-06
SHOP_001,C0708,T17083,640.0,2027-03-06
SHOP_001,C0066,T17084,454.0,2027-03-06
SHOP_001,C0539,T17085,840.0,2027-03-06
SHOP_001,C0716,T17086,690.0,2027-03-06
SHOP_001,C0670,T17087,689.0,2027-03-06
SHOP_001,C0494,T17088,610.0,2027-03-06
SHOP_001,C0019,T17089,636.0,2027-03-06
SHOP_001,C0755,T17090,848.0,2027-03-06
SHOP_001,C0685,T17091,277.0,2027-03-06
SHOP_001,C0242,T17092,767.0,2027-03-06
SHOP_001,C0446,T17093,506.0,2027-03-06
SHOP_001,C0106,T17094,363.0,2027-03-06
SHOP_001,C0916,T17095,744.0,2027-03-06
SHOP_001,C0486,T17096,441.0,2027-03-06
SHOP_001,C0852,T17097,297.0,2027-03-06
SHOP_001,C0073,T17098,622.0,2027-03-06
SHOP_001,C0372,T17099,697.0,2027-03-06
SHOP_001,C0129,T17100,406.0,2027-03-06
SHOP_001,C0996,T17101,519.0,2027-03-07
SHOP_001,C0610,T17102,571.0,2027-03-07
SHOP_001,C0008,T17103,723.0,2027-03-07
SHOP_001,C0126,T17104,567.0,2027-03-07
SHOP_001,C0017,T17105,877.0,2027-03-07
SHOP_001,C0399,T17106,453.0,2027-03-07
SHOP_001,C0353,T17107,1206.0,2027-03-07
SHOP_001,C0073,T17108,383.0,2027-03-07
SHOP_001,C0273,T17109,749.0,2027-03-07
SHOP_001,C0985,T17110,619.0,2027-03-07
SHOP_001,C0199,T17111,855.0,2027-03-07
SHOP_001,C0969,T17112,462.0,2027-03-07
SHOP_001,C0145,T17113,675.0,2027-03-07
SHOP_001,C0456,T17114,408.0,2027-03-07
SHOP_001,C0943,T17115,487.0,2027-03-08
SHOP_001,C0024,T17116,419.0,2027-03-08
SHOP_001,C0719,T17117,402.0,2027-03-08
SHOP_001,C0227,T17118,692.0,2027-03-08
SHOP_001,C0174,T17119,457.0,2027-03-08
SHOP_001,C0529,T17120,585.0,2027-03-08
SHOP_001,C0764,T17121,957.0,2027-03-08
SHOP_001,C0590,T17122,769.0,2027-03-08
SHOP_001,C0139,T17123,572.0,2027-03-08
SHOP_001,C0659,T17124,485.0,2027-03-08
SHOP_001,C0090,T17125,1008.0,2027-03-08
SHOP_001,C0183,T17126,682.0,2027-03-08
SHOP_001,C0707,T17127,1067.0,2027-03-08
SHOP_001,C0198,T17128,477.0,2027-03-08
SHOP_001,C0881,T17129,422.0,2027-03-08
SHOP_001,C0809,T17130,785.0,2027-03-08
SHOP_001,C0279,T17131,595.0,2027-03-08
SHOP_001,C0131,T17132,245.0,2027-03-08
SHOP_001,C0435,T17133,1022.0,2027-03-08
SHOP_001,C0980,T17134,605.0,2027-03-08
SHOP_001,C0837,T17135,715.0,2027-03-08
SHOP_001,C0831,T17136,1097.0,2027-03-08
SHOP_001,C0294,T17137,293.0,2027-03-08
SHOP_001,C0671,T17138,785.0,2027-03-08
SHOP_001,C0353,T17139,553.0,2027-03-08
SHOP_001,C0757,T17140,718.0,2027-03-08
SHOP_001,C0809,T17141,764.0,2027-03-08
SHOP_001,C0080,T17142,877.0,2027-03-08
SHOP_001,C0254,T17143,384.0,2027-03-08
SHOP_001,C0019,T17144,488.0,2027-03-08
SHOP_001,C0556,T17145,519.0,2027-03-08
SHOP_001,C0486,T17146,609.0,2027-03-08
SHOP_001,C0716,T17147,461.0,2027-03-09
SHOP_001,C0677,T17148,651.0,2027-03-09
SHOP_001,C0787,T17149,271.0,2027-03-09
SHOP_001,C0106,T17150,582.0,2027-03-09
SHOP_001,C0866,T17151,647.0,2027-03-09
SHOP_001,C0595,T17152,362.0,2027-03-09
SHOP_001,C0908,T17153,317.0,2027-03-09
SHOP_001,C0499,T17154,807.0,2027-03-09
SHOP_001,C0355,T17155,572.0,2027-03-09
SHOP_001,C0578,T17156,267.0,2027-03-09
SHOP_001,C0478,T17157,375.0,2027-03-09
SHOP_001,C0990,T17158,572.0,2027-03-09
SHOP_001,C0460,T17159,227.0,2027-03-09
SHOP_001,C0333,T17160,678.0,2027-03-09
SHOP_001,C0295,T17161,369.0,2027-03-09
SHOP_001,C0475,T17162,404.0,2027-03-09
SHOP_001,C0105,T17163,454.0,2027-03-09
SHOP_001,C0353,T17164,599.0,2027-03-09
SHOP_001,C0713,T17165,755.0,2027-03-09
SHOP_001,C0506,T17166,569.0,2027-03-09
SHOP_001,C0758,T17167,524.0,2027-03-09
SHOP_001,C0144,T17168,746.0,2027-03-09
SHOP_001,C0741,T17169,418.0,2027-03-09
SHOP_001,C0854,T17170,349.0,2027-03-10
SHOP_001,C0019,T17171,513.0,2027-03-10
SHOP_001,C0648,T17172,515.0,2027-03-10
SHOP_001,C0943,T17173,374.0,2027-03-10
SHOP_001,C0777,T17174,235.0,2027-03-10
SHOP_001,C0066,T17175,465.0,2027-03-10
SHOP_001,C0333,T17176,941.0,2027-03-10
SHOP_001,C0047,T17177,432.0,2027-03-10
SHOP_001,C0414,T17178,467.0,2027-03-10
SHOP_001,C0066,T17179,650.0,2027-03-10
SHOP_001,C0459,T17180,736.0,2027-03-10
SHOP_001,C0763,T17181,525.0,2027-03-10
SHOP_001,C0860,T17182,715.0,2027-03-10
SHOP_001,C0436,T17183,872.0,2027-03-10
SHOP_001,C0446,T17184,653.0,2027-03-10
SHOP_001,C0202,T17185,656.0,2027-03-10
SHOP_001,C0584,T17186,1076.0,2027-03-10
SHOP_001,C0490,T17187,486.0,2027-03-10
SHOP_001,C0124,T17188,775.0,2027-03-10
SHOP_001,C0422,T17189,577.0,2027-03-10
SHOP_001,C0891,T17190,789.0,2027-03-10
SHOP_001,C0202,T17191,429.0,2027-03-10
SHOP_001,C0588,T17192,427.0,2027-03-10
SHOP_001,C0672,T17193,413.0,2027-03-10
SHOP_001,C0494,T17194,655.0,2027-03-10
SHOP_001,C0686,T17195,645.0,2027-03-10
SHOP_001,C0768,T17196,569.0,2027-03-10
SHOP_001,C0452,T17197,485.0,2027-03-11
SHOP_001,C0144,T17198,781.0,2027-03-11
SHOP_001,C0792,T17199,421.0,2027-03-11
SHOP_001,C0805,T17200,442.0,2027-03-11
SHOP_001,C0943,T17201,563.0,2027-03-11
SHOP_001,C0657,T17202,1142.0,2027-03-11
SHOP_001,C0460,T17203,236.0,2027-03-11
SHOP_001,C0604,T17204,647.0,2027-03-11
SHOP_001,C0626,T17205,853.0,2027-03-11
SHOP_001,C0714,T17206,532.0,2027-03-11
SHOP_001,C0165,T17207,492.0,2027-03-11
SHOP_001,C0685,T17208,354.0,2027-03-11
SHOP_001,C0609,T17209,426.0,2027-03-11
SHOP_001,C0338,T17210,848.0,2027-03-11
SHOP_001,C0030,T17211,409.0,2027-03-11
SHOP_001,C0671,T17212,682.0,2027-03-11
SHOP_001,C0526,T17213,612.0,2027-03-11
SHOP_001,C0647,T17214,893.0,2027-03-11
SHOP_001,C0249,T17215,533.0,2027-03-11
SHOP_001,C0914,T17216,370.0,2027-03-11
SHOP_001,C0105,T17217,960.0,2027-03-11
SHOP_001,C0397,T17218,619.0,2027-03-11
SHOP_001,C0767,T17219,300.0,2027-03-11
SHOP_001,C0205,T17220,605.0,2027-03-12
SHOP_001,C0968,T17221,656.0,2027-03-12
SHOP_001,C0837,T17222,779.0,2027-03-12
SHOP_001,C0854,T17223,462.0,2027-03-12
SHOP_001,C0338,T17224,491.0,2027-03-12
SHOP_001,C0162,T17225,351.0,2027-03-12
SHOP_001,C0657,T17226,1662.0,2027-03-12
SHOP_001,C0490,T17227,543.0,2027-03-12
SHOP_001,C0798,T17228,530.0,2027-03-12
SHOP_001,C0711,T17229,377.0,2027-03-12
SHOP_001,C0584,T17230,477.0,2027-03-12
SHOP_001,C0560,T17231,466.0,2027-03-12
SHOP_001,C0083,T17232,433.0,2027-03-12
SHOP_001,C0609,T17233,1184.0,2027-03-12
SHOP_001,C0784,T17234,989.0,2027-03-12
SHOP_001,C0325,T17235,369.0,2027-03-12
SHOP_001,C0456,T17236,1021.0,2027-03-12
SHOP_001,C0359,T17237,795.0,2027-03-12
SHOP_001,C0074,T17238,501.0,2027-03-12
SHOP_001,C0762,T17239,631.0,2027-03-12
SHOP_001,C0407,T17240,690.0,2027-03-12
SHOP_001,C0923,T17241,762.0,2027-03-12
SHOP_001,C0805,T17242,602.0,2027-03-12
SHOP_001,C0931,T17243,797.0,2027-03-12
SHOP_001,C0940,T17244,298.0,2027-03-12
SHOP_001,C0719,T17245,356.0,2027-03-12
SHOP_001,C0447,T17246,371.0,2027-03-12
SHOP_001,C0277,T17247,498.0,2027-03-12
SHOP_001,C0664,T17248,554.0,2027-03-12
SHOP_001,C0353,T17249,623.0,2027-03-12
SHOP_001,C0588,T17250,413.0,2027-03-12
SHOP_001,C0943,T17251,597.0,2027-03-12
SHOP_001,C0309,T17252,505.0,2027-03-12
SHOP_001,C0097,T17253,900.0,2027-03-12
SHOP_001,C0704,T17254,551.0,2027-03-12
SHOP_001,C0222,T17255,869.0,2027-03-13
SHOP_001,C0699,T17256,859.0,2027-03-13
SHOP_001,C0066,T17257,624.0,2027-03-13
SHOP_001,C0590,T17258,607.0,2027-03-13
SHOP_001,C0694,T17259,734.0,2027-03-13
SHOP_001,C0848,T17260,726.0,2027-03-13
SHOP_001,C0784,T17261,833.0,2027-03-13
SHOP_001,C0541,T17262,571.0,2027-03-13
SHOP_001,C0129,T17263,454.0,2027-03-13
SHOP_001,C0180,T17264,501.0,2027-03-13
SHOP_001,C0344,T17265,390.0,2027-03-13
SHOP_001,C0540,T17266,569.0,2027-03-13
SHOP_001,C0931,T17267,1092.0,2027-03-13
SHOP_001,C0219,T17268,787.0,2027-03-13
SHOP_001,C0263,T17269,919.0,2027-03-13
SHOP_001,C0394,T17270,307.0,2027-03-13
SHOP_001,C0694,T17271,1116.0,2027-03-13
SHOP_001,C0524,T17272,479.0,2027-03-13
SHOP_001,C0939,T17273,1369.0,2027-03-13
SHOP_001,C0228,T17274,866.0,2027-03-13
SHOP_001,C0777,T17275,480.0,2027-03-13
SHOP_001,C0966,T17276,722.0,2027-03-13
SHOP_001,C0809,T17277,784.0,2027-03-13
SHOP_001,C0539,T17278,340.0,2027-03-13
SHOP_001,C0011,T17279,427.0,2027-03-13
SHOP_001,C0768,T17280,996.0,2027-03-13
SHOP_001,C0741,T17281,490.0,2027-03-13
SHOP_001,C0277,T17282,743.0,2027-03-13
SHOP_001,C0791,T17283,629.0,2027-03-13
SHOP_001,C0787,T17284,785.0,2027-03-13
SHOP_001,C0648,T17285,411.0,2027-03-13
SHOP_001,C0226,T17286,709.0,2027-03-13
SHOP_001,C0714,T17287,667.0,2027-03-14
SHOP_001,C0498,T17288,970.0,2027-03-14
SHOP_001,C0591,T17289,697.0,2027-03-14
SHOP_001,C0924,T17290,576.0,2027-03-14
SHOP_001,C0821,T17291,691.0,2027-03-14
SHOP_001,C0598,T17292,268.0,2027-03-14
SHOP_001,C0305,T17293,660.0,2027-03-14
SHOP_001,C0625,T17294,633.0,2027-03-14
SHOP_001,C0511,T17295,665.0,2027-03-14
SHOP_001,C0924,T17296,549.0,2027-03-14
SHOP_001,C0693,T17297,543.0,2027-03-14
SHOP_001,C0556,T17298,618.0,2027-03-14
SHOP_001,C0625,T17299,753.0,2027-03-14
SHOP_001,C0142,T17300,530.0,2027-03-14
SHOP_001,C0139,T17301,333.0,2027-03-14
SHOP_001,C0159,T17302,542.0,2027-03-14
SHOP_001,C0969,T17303,690.0,2027-03-14
SHOP_001,C0130,T17304,795.0,2027-03-14
SHOP_001,C0604,T17305,594.0,2027-03-14
SHOP_001,C0370,T17306,280.0,2027-03-14
SHOP_001,C0973,T17307,579.0,2027-03-15
SHOP_001,C0808,T17308,465.0,2027-03-15
SHOP_001,C0156,T17309,740.0,2027-03-15
SHOP_001,C0936,T17310,1396.0,2027-03-15
SHOP_001,C0540,T17311,512.0,2027-03-15
SHOP_001,C0487,T17312,504.0,2027-03-15
SHOP_001,C0686,T17313,362.0,2027-03-15
SHOP_001,C0227,T17314,485.0,2027-03-15
SHOP_001,C0435,T17315,543.0,2027-03-15
SHOP_001,C0375,T17316,481.0,2027-03-15
SHOP_001,C0040,T17317,710.0,2027-03-15
SHOP_001,C0694,T17318,731.0,2027-03-15
SHOP_001,C0805,T17319,489.0,2027-03-15
SHOP_001,C0860,T17320,451.0,2027-03-15
SHOP_001,C0028,T17321,396.0,2027-03-15
SHOP_001,C0451,T17322,395.0,2027-03-15
SHOP_001,C0569,T17323,612.0,2027-03-15
SHOP_001,C0353,T17324,870.0,2027-03-15
SHOP_001,C0027,T17325,630.0,2027-03-15
SHOP_001,C0727,T17326,752.0,2027-03-15
SHOP_001,C0306,T17327,549.0,2027-03-15
SHOP_001,C0984,T17328,730.0,2027-03-15
SHOP_001,C0327,T17329,669.0,2027-03-15
SHOP_001,C0754,T17330,539.0,2027-03-16
SHOP_001,C0849,T17331,397.0,2027-03-16
SHOP_001,C0590,T17332,353.0,2027-03-16
SHOP_001,C0888,T17333,708.0,2027-03-16
SHOP_001,C0509,T17334,348.0,2027-03-16
SHOP_001,C0854,T17335,458.0,2027-03-16
SHOP_001,C0679,T17336,517.0,2027-03-16
SHOP_001,C0966,T17337,482.0,2027-03-16
SHOP_001,C0295,T17338,327.0,2027-03-16
SHOP_001,C0708,T17339,446.0,2027-03-16
SHOP_001,C0219,T17340,916.0,2027-03-16
SHOP_001,C0671,T17341,459.0,2027-03-16
SHOP_001,C0755,T17342,674.0,2027-03-16
SHOP_001,C0002,T17343,623.0,2027-03-16
SHOP_001,C0483,T17344,448.0,2027-03-16
SHOP_001,C0030,T17345,490.0,2027-03-16
SHOP_001,C0055,T17346,539.0,2027-03-16
SHOP_001,C0799,T17347,468.0,2027-03-17
SHOP_001,C0472,T17348,688.0,2027-03-17
SHOP_001,C0552,T17349,767.0,2027-03-17
SHOP_001,C0679,T17350,442.0,2027-03-17
SHOP_001,C0848,T17351,927.0,2027-03-17
SHOP_001,C0671,T17352,885.0,2027-03-17
SHOP_001,C0518,T17353,496.0,2027-03-17
SHOP_001,C0180,T17354,611.0,2027-03-17
SHOP_001,C0277,T17355,509.0,2027-03-17
SHOP_001,C0997,T17356,423.0,2027-03-17
SHOP_001,C0854,T17357,575.0,2027-03-17
SHOP_001,C0211,T17358,852.0,2027-03-17
SHOP_001,C0940,T17359,491.0,2027-03-17
SHOP_001,C0768,T17360,694.0,2027-03-17
SHOP_001,C0984,T17361,490.0,2027-03-17
SHOP_001,C0754,T17362,652.0,2027-03-17
SHOP_001,C0176,T17363,902.0,2027-03-17
SHOP_001,C0744,T17364,403.0,2027-03-17
SHOP_001,C0881,T17365,526.0,2027-03-17
SHOP_001,C0604,T17366,690.0,2027-03-17
SHOP_001,C0872,T17367,574.0,2027-03-17
SHOP_001,C0509,T17368,817.0,2027-03-17
SHOP_001,C0943,T17369,424.0,2027-03-17
SHOP_001,C0711,T17370,401.0,2027-03-17
SHOP_001,C0345,T17371,613.0,2027-03-17
SHOP_001,C0359,T17372,456.0,2027-03-18
SHOP_001,C0150,T17373,340.0,2027-03-18
SHOP_001,C0548,T17374,923.0,2027-03-18
SHOP_001,C0862,T17375,485.0,2027-03-18
SHOP_001,C0685,T17376,380.0,2027-03-18
SHOP_001,C0271,T17377,553.0,2027-03-18
SHOP_001,C0415,T17378,1098.0,2027-03-18
SHOP_001,C0668,T17379,330.0,2027-03-18
SHOP_001,C0754,T17380,882.0,2027-03-18
SHOP_001,C0557,T17381,422.0,2027-03-18
SHOP_001,C0242,T17382,807.0,2027-03-18
SHOP_001,C0377,T17383,464.0,2027-03-18
SHOP_001,C0644,T17384,311.0,2027-03-18
SHOP_001,C0201,T17385,436.0,2027-03-18
SHOP_001,C0014,T17386,744.0,2027-03-18
SHOP_001,C0881,T17387,826.0,2027-03-18
SHOP_001,C0359,T17388,749.0,2027-03-18
SHOP_001,C0791,T17389,279.0,2027-03-18
SHOP_001,C0901,T17390,341.0,2027-03-18
SHOP_001,C0399,T17391,311.0,2027-03-18
SHOP_001,C0456,T17392,297.0,2027-03-18
SHOP_001,C0985,T17393,361.0,2027-03-18
SHOP_001,C0822,T17394,315.0,2027-03-18
SHOP_001,C0435,T17395,688.0,2027-03-19
SHOP_001,C0855,T17396,571.0,2027-03-19
SHOP_001,C0901,T17397,582.0,2027-03-19
SHOP_001,C0846,T17398,347.0,2027-03-19
SHOP_001,C0352,T17399,677.0,2027-03-19
SHOP_001,C0174,T17400,717.0,2027-03-19
SHOP_001,C0737,T17401,825.0,2027-03-19
SHOP_001,C0636,T17402,983.0,2027-03-19
SHOP_001,C0227,T17403,613.0,2027-03-19
SHOP_001,C0694,T17404,1324.0,2027-03-19
SHOP_001,C0451,T17405,486.0,2027-03-19
SHOP_001,C0881,T17406,985.0,2027-03-19
SHOP_001,C0317,T17407,674.0,2027-03-19
SHOP_001,C0490,T17408,697.0,2027-03-19
SHOP_001,C0539,T17409,837.0,2027-03-19
SHOP_001,C0928,T17410,645.0,2027-03-19
SHOP_001,C0123,T17411,531.0,2027-03-19
SHOP_001,C0691,T17412,327.0,2027-03-19
SHOP_001,C0498,T17413,590.0,2027-03-19
SHOP_001,C0932,T17414,452.0,2027-03-19
SHOP_001,C0190,T17415,749.0,2027-03-19
SHOP_001,C0288,T17416,920.0,2027-03-19
SHOP_001,C0547,T17417,519.0,2027-03-19
SHOP_001,C0435,T17418,1028.0,2027-03-19
SHOP_001,C0031,T17419,424.0,2027-03-19
SHOP_001,C0648,T17420,378.0,2027-03-19
SHOP_001,C0106,T17421,628.0,2027-03-19
SHOP_001,C0901,T17422,558.0,2027-03-19
SHOP_001,C0127,T17423,719.0,2027-03-19
SHOP_001,C0444,T17424,800.0,2027-03-19
SHOP_001,C0211,T17425,329.0,2027-03-20
SHOP_001,C0258,T17426,422.0,2027-03-20
SHOP_001,C0199,T17427,665.0,2027-03-20
SHOP_001,C0918,T17428,653.0,2027-03-20
SHOP_001,C0073,T17429,676.0,2027-03-20
SHOP_001,C0458,T17430,773.0,2027-03-20
SHOP_001,C0982,T17431,603.0,2027-03-20
SHOP_001,C0741,T17432,313.0,2027-03-20
SHOP_001,C0901,T17433,534.0,2027-03-20
SHOP_001,C0586,T17434,727.0,2027-03-20
SHOP_001,C0119,T17435,543.0,2027-03-20
SHOP_001,C0331,T17436,392.0,2027-03-20
SHOP_001,C0834,T17437,772.0,2027-03-20
SHOP_001,C0498,T17438,890.0,2027-03-20
SHOP_001,C0950,T17439,655.0,2027-03-20
SHOP_001,C0928,T17440,781.0,2027-03-20
SHOP_001,C0416,T17441,396.0,2027-03-20
SHOP_001,C0965,T17442,554.0,2027-03-20
SHOP_001,C0512,T17443,591.0,2027-03-20
SHOP_001,C0295,T17444,392.0,2027-03-20
SHOP_001,C0156,T17445,317.0,2027-03-20
SHOP_001,C0245,T17446,892.0,2027-03-20
SHOP_001,C0722,T17447,1047.0,2027-03-20
SHOP_001,C0753,T17448,581.0,2027-03-20
SHOP_001,C0524,T17449,398.0,2027-03-20
SHOP_001,C0791,T17450,751.0,2027-03-20
SHOP_001,C0535,T17451,522.0,2027-03-20
SHOP_001,C0197,T17452,489.0,2027-03-20
SHOP_001,C0387,T17453,709.0,2027-03-20
SHOP_001,C0604,T17454,579.0,2027-03-20
SHOP_001,C0969,T17455,472.0,2027-03-20
SHOP_001,C0518,T17456,1252.0,2027-03-20
SHOP_001,C0352,T17457,575.0,2027-03-20
SHOP_001,C0809,T17458,444.0,2027-03-20
SHOP_001,C0033,T17459,434.0,2027-03-20
SHOP_001,C0618,T17460,601.0,2027-03-20
SHOP_001,C0162,T17461,608.0,2027-03-21
SHOP_001,C0509,T17462,573.0,2027-03-21
SHOP_001,C0112,T17463,743.0,2027-03-21
SHOP_001,C0014,T17464,546.0,2027-03-21
SHOP_001,C0941,T17465,473.0,2027-03-21
SHOP_001,C0426,T17466,546.0,2027-03-21
SHOP_001,C0918,T17467,792.0,2027-03-21
SHOP_001,C0117,T17468,509.0,2027-03-21
SHOP_001,C0757,T17469,499.0,2027-03-21
SHOP_001,C0236,T17470,693.0,2027-03-21
SHOP_001,C0294,T17471,381.0,2027-03-21
SHOP_001,C0276,T17472,503.0,2027-03-21
SHOP_001,C0568,T17473,466.0,2027-03-21
SHOP_001,C0140,T17474,464.0,2027-03-21
SHOP_001,C0493,T17475,549.0,2027-03-21
SHOP_001,C0227,T17476,610.0,2027-03-21
SHOP_001,C0211,T17477,490.0,2027-03-21
SHOP_001,C0753,T17478,728.0,2027-03-21
SHOP_001,C0724,T17479,1022.0,2027-03-21
SHOP_001,C0129,T17480,373.0,2027-03-21
SHOP_001,C0736,T17481,771.0,2027-03-21
SHOP_001,C0188,T17482,404.0,2027-03-21
SHOP_001,C0080,T17483,1018.0,2027-03-21
SHOP_001,C0084,T17484,860.0,2027-03-21
SHOP_001,C0355,T17485,1083.0,2027-03-21
SHOP_001,C0106,T17486,574.0,2027-03-21
SHOP_001,C0808,T17487,340.0,2027-03-21
SHOP_001,C0294,T17488,545.0,2027-03-21
SHOP_001,C0268,T17489,533.0,2027-03-21
SHOP_001,C0493,T17490,544.0,2027-03-21
SHOP_001,C0295,T17491,262.0,2027-03-21
SHOP_001,C0890,T17492,399.0,2027-03-21
SHOP_001,C0435,T17493,443.0,2027-03-21
SHOP_001,C0084,T17494,858.0,2027-03-22
SHOP_001,C0624,T17495,547.0,2027-03-22
SHOP_001,C0724,T17496,303.0,2027-03-22
SHOP_001,C0657,T17497,927.0,2027-03-22
SHOP_001,C0245,T17498,398.0,2027-03-22
SHOP_001,C0523,T17499,610.0,2027-03-22
SHOP_001,C0670,T17500,407.0,2027-03-22
SHOP_001,C0399,T17501,1054.0,2027-03-22
SHOP_001,C0043,T17502,559.0,2027-03-22
SHOP_001,C0158,T17503,666.0,2027-03-22
SHOP_001,C0933,T17504,368.0,2027-03-22
SHOP_001,C0908,T17505,367.0,2027-03-22
SHOP_001,C0097,T17506,862.0,2027-03-22
SHOP_001,C0357,T17507,558.0,2027-03-22
SHOP_001,C0479,T17508,525.0,2027-03-22
SHOP_001,C0567,T17509,483.0,2027-03-22
SHOP_001,C0028,T17510,391.0,2027-03-22
SHOP_001,C0396,T17511,917.0,2027-03-22
SHOP_001,C0470,T17512,383.0,2027-03-22
SHOP_001,C0809,T17513,469.0,2027-03-23
SHOP_001,C0755,T17514,1074.0,2027-03-23
SHOP_001,C0346,T17515,503.0,2027-03-23
SHOP_001,C0295,T17516,534.0,2027-03-23
SHOP_001,C0856,T17517,888.0,2027-03-23
SHOP_001,C0926,T17518,314.0,2027-03-23
SHOP_001,C0071,T17519,357.0,2027-03-23
SHOP_001,C0591,T17520,794.0,2027-03-23
SHOP_001,C0945,T17521,372.0,2027-03-23
SHOP_001,C0872,T17522,663.0,2027-03-23
SHOP_001,C0961,T17523,335.0,2027-03-23
SHOP_001,C0277,T17524,528.0,2027-03-23
SHOP_001,C0468,T17525,510.0,2027-03-23
SHOP_001,C0198,T17526,459.0,2027-03-23
SHOP_001,C0083,T17527,234.0,2027-03-23
SHOP_001,C0028,T17528,588.0,2027-03-23
SHOP_001,C0555,T17529,809.0,2027-03-23
SHOP_001,C0097,T17530,790.0,2027-03-23
SHOP_001,C0192,T17531,322.0,2027-03-23
SHOP_001,C0718,T17532,621.0,2027-03-23
SHOP_001,C0903,T17533,224.0,2027-03-23
SHOP_001,C0073,T17534,467.0,2027-03-23
SHOP_001,C0676,T17535,506.0,2027-03-24
SHOP_001,C0392,T17536,633.0,2027-03-24
SHOP_001,C0864,T17537,314.0,2027-03-24
SHOP_001,C0084,T17538,763.0,2027-03-24
SHOP_001,C0800,T17539,378.0,2027-03-24
SHOP_001,C0370,T17540,390.0,2027-03-24
SHOP_001,C0188,T17541,621.0,2027-03-24
SHOP_001,C0432,T17542,766.0,2027-03-24
SHOP_001,C0420,T17543,798.0,2027-03-24
SHOP_001,C0609,T17544,474.0,2027-03-24
SHOP_001,C0694,T17545,749.0,2027-03-24
SHOP_001,C0724,T17546,343.0,2027-03-24
SHOP_001,C0014,T17547,826.0,2027-03-24
SHOP_001,C0744,T17548,420.0,2027-03-24
SHOP_001,C0762,T17549,679.0,2027-03-24
SHOP_001,C0448,T17550,796.0,2027-03-24
SHOP_001,C0525,T17551,639.0,2027-03-24
SHOP_001,C0102,T17552,595.0,2027-03-24
SHOP_001,C0183,T17553,694.0,2027-03-24
SHOP_001,C0011,T17554,534.0,2027-03-25
SHOP_001,C0864,T17555,360.0,2027-03-25
SHOP_001,C0308,T17556,696.0,2027-03-25
SHOP_001,C0732,T17557,541.0,2027-03-25
SHOP_001,C0277,T17558,650.0,2027-03-25
SHOP_001,C0433,T17559,308.0,2027-03-25
SHOP_001,C0472,T17560,410.0,2027-03-25
SHOP_001,C0686,T17561,519.0,2027-03-25
SHOP_001,C0843,T17562,866.0,2027-03-25
SHOP_001,C0498,T17563,541.0,2027-03-25
SHOP_001,C0771,T17564,537.0,2027-03-25
SHOP_001,C0084,T17565,923.0,2027-03-25
SHOP_001,C0636,T17566,608.0,2027-03-25
SHOP_001,C0224,T17567,656.0,2027-03-25
SHOP_001,C0279,T17568,254.0,2027-03-25
SHOP_001,C0928,T17569,883.0,2027-03-25
SHOP_001,C0315,T17570,1312.0,2027-03-25
SHOP_001,C0426,T17571,223.0,2027-03-25
SHOP_001,C0495,T17572,767.0,2027-03-25
SHOP_001,C0548,T17573,884.0,2027-03-25
SHOP_001,C0694,T17574,693.0,2027-03-25
SHOP_001,C0622,T17575,584.0,2027-03-25
SHOP_001,C0181,T17576,426.0,2027-03-25
SHOP_001,C0289,T17577,350.0,2027-03-25
SHOP_001,C0648,T17578,240.0,2027-03-25
SHOP_001,C0591,T17579,669.0,2027-03-25
SHOP_001,C0855,T17580,768.0,2027-03-25
SHOP_001,C0273,T17581,450.0,2027-03-25
SHOP_001,C0882,T17582,428.0,2027-03-25
SHOP_001,C0970,T17583,479.0,2027-03-26
SHOP_001,C0670,T17584,379.0,2027-03-26
SHOP_001,C0855,T17585,368.0,2027-03-26
SHOP_001,C0967,T17586,397.0,2027-03-26
SHOP_001,C0694,T17587,795.0,2027-03-26
SHOP_001,C0468,T17588,1536.0,2027-03-26
SHOP_001,C0685,T17589,319.0,2027-03-26
SHOP_001,C0663,T17590,324.0,2027-03-26
SHOP_001,C0694,T17591,776.0,2027-03-26
SHOP_001,C0451,T17592,767.0,2027-03-26
SHOP_001,C0729,T17593,412.0,2027-03-26
SHOP_001,C0593,T17594,596.0,2027-03-26
SHOP_001,C0526,T17595,622.0,2027-03-26
SHOP_001,C0241,T17596,889.0,2027-03-26
SHOP_001,C0457,T17597,797.0,2027-03-26
SHOP_001,C0694,T17598,1171.0,2027-03-26
SHOP_001,C0580,T17599,1015.0,2027-03-26
SHOP_001,C0498,T17600,1077.0,2027-03-26
SHOP_001,C0989,T17601,492.0,2027-03-26
SHOP_001,C0214,T17602,566.0,2027-03-26
SHOP_001,C0333,T17603,682.0,2027-03-26
SHOP_001,C0582,T17604,406.0,2027-03-26
SHOP_001,C0844,T17605,957.0,2027-03-26
SHOP_001,C0144,T17606,393.0,2027-03-26
SHOP_001,C0132,T17607,735.0,2027-03-26
SHOP_001,C0283,T17608,406.0,2027-03-26
SHOP_001,C0295,T17609,460.0,2027-03-26
SHOP_001,C0927,T17610,742.0,2027-03-26
SHOP_001,C0761,T17611,447.0,2027-03-26
SHOP_001,C0295,T17612,546.0,2027-03-26
SHOP_001,C0686,T17613,439.0,2027-03-26
SHOP_001,C0084,T17614,493.0,2027-03-26
SHOP_001,C0809,T17615,683.0,2027-03-26
SHOP_001,C0997,T17616,653.0,2027-03-26
SHOP_001,C0489,T17617,546.0,2027-03-26
SHOP_001,C0989,T17618,839.0,2027-03-26
SHOP_001,C0468,T17619,937.0,2027-03-26
SHOP_001,C0005,T17620,614.0,2027-03-26
SHOP_001,C0926,T17621,520.0,2027-03-26
SHOP_001,C0031,T17622,438.0,2027-03-26
SHOP_001,C0768,T17623,494.0,2027-03-26
SHOP_001,C0433,T17624,455.0,2027-03-26
SHOP_001,C0901,T17625,485.0,2027-03-26
SHOP_001,C0576,T17626,689.0,2027-03-27
SHOP_001,C0359,T17627,731.0,2027-03-27
SHOP_001,C0864,T17628,442.0,2027-03-27
SHOP_001,C0672,T17629,439.0,2027-03-27
SHOP_001,C0227,T17630,745.0,2027-03-27
SHOP_001,C0670,T17631,330.0,2027-03-27
SHOP_001,C0943,T17632,687.0,2027-03-27
SHOP_001,C0809,T17633,625.0,2027-03-27
SHOP_001,C0045,T17634,466.0,2027-03-27
SHOP_001,C0246,T17635,306.0,2027-03-27
SHOP_001,C0340,T17636,549.0,2027-03-27
SHOP_001,C0721,T17637,452.0,2027-03-27
SHOP_001,C0352,T17638,1078.0,2027-03-27
SHOP_001,C0738,T17639,507.0,2027-03-27
SHOP_001,C0150,T17640,576.0,2027-03-27
SHOP_001,C0967,T17641,476.0,2027-03-27
SHOP_001,C0486,T17642,458.0,2027-03-27
SHOP_001,C0080,T17643,995.0,2027-03-27
SHOP_001,C0309,T17644,395.0,2027-03-27
SHOP_001,C0639,T17645,578.0,2027-03-27
SHOP_001,C0433,T17646,479.0,2027-03-27
SHOP_001,C0567,T17647,481.0,2027-03-27
SHOP_001,C0973,T17648,745.0,2027-03-27
SHOP_001,C0494,T17649,668.0,2027-03-27
SHOP_001,C0679,T17650,518.0,2027-03-27
SHOP_001,C0028,T17651,500.0,2027-03-27
SHOP_001,C0158,T17652,1527.0,2027-03-27
SHOP_001,C0435,T17653,1138.0,2027-03-28
SHOP_001,C0225,T17654,822.0,2027-03-28
SHOP_001,C0681,T17655,344.0,2027-03-28
SHOP_001,C0791,T17656,340.0,2027-03-28
SHOP_001,C0478,T17657,408.0,2027-03-28
SHOP_001,C0738,T17658,947.0,2027-03-28
SHOP_001,C0842,T17659,496.0,2027-03-28
SHOP_001,C0030,T17660,454.0,2027-03-28
SHOP_001,C0939,T17661,664.0,2027-03-28
SHOP_001,C0768,T17662,1538.0,2027-03-28
SHOP_001,C0587,T17663,499.0,2027-03-28
SHOP_001,C0848,T17664,723.0,2027-03-28
SHOP_001,C0594,T17665,1041.0,2027-03-28
SHOP_001,C0877,T17666,362.0,2027-03-28
SHOP_001,C0578,T17667,350.0,2027-03-28
SHOP_001,C0239,T17668,864.0,2027-03-28
SHOP_001,C0625,T17669,563.0,2027-03-28
SHOP_001,C0679,T17670,523.0,2027-03-28
SHOP_001,C0606,T17671,498.0,2027-03-28
SHOP_001,C0655,T17672,715.0,2027-03-28
SHOP_001,C0661,T17673,798.0,2027-03-28
SHOP_001,C0928,T17674,355.0,2027-03-28
SHOP_001,C0718,T17675,699.0,2027-03-28
SHOP_001,C0355,T17676,764.0,2027-03-28
SHOP_001,C0677,T17677,1178.0,2027-03-28
SHOP_001,C0014,T17678,867.0,2027-03-28
SHOP_001,C0551,T17679,607.0,2027-03-28
SHOP_001,C0030,T17680,481.0,2027-03-28
SHOP_001,C0805,T17681,391.0,2027-03-29
SHOP_001,C0375,T17682,403.0,2027-03-29
SHOP_001,C0144,T17683,571.0,2027-03-29
SHOP_001,C0900,T17684,487.0,2027-03-29
SHOP_001,C0242,T17685,396.0,2027-03-29
SHOP_001,C0240,T17686,452.0,2027-03-29
SHOP_001,C0084,T17687,665.0,2027-03-29
SHOP_001,C0868,T17688,599.0,2027-03-29
SHOP_001,C0373,T17689,413.0,2027-03-29
SHOP_001,C0176,T17690,758.0,2027-03-29
SHOP_001,C0753,T17691,728.0,2027-03-29
SHOP_001,C0517,T17692,693.0,2027-03-29
SHOP_001,C0487,T17693,320.0,2027-03-29
SHOP_001,C0967,T17694,444.0,2027-03-29
SHOP_001,C0518,T17695,837.0,2027-03-29
SHOP_001,C0506,T17696,295.0,2027-03-29
SHOP_001,C0066,T17697,489.0,2027-03-29
SHOP_001,C0457,T17698,450.0,2027-03-29
SHOP_001,C0814,T17699,665.0,2027-03-29
SHOP_001,C0427,T17700,488.0,2027-03-29
SHOP_001,C0294,T17701,329.0,2027-03-29
SHOP_001,C0744,T17702,411.0,2027-03-29
SHOP_001,C0304,T17703,325.0,2027-03-29
SHOP_001,C0666,T17704,611.0,2027-03-29
SHOP_001,C0300,T17705,681.0,2027-03-30
SHOP_001,C0836,T17706,624.0,2027-03-30
SHOP_001,C0066,T17707,514.0,2027-03-30
SHOP_001,C0396,T17708,441.0,2027-03-30
SHOP_001,C0655,T17709,758.0,2027-03-30
SHOP_001,C0771,T17710,796.0,2027-03-30
SHOP_001,C0060,T17711,555.0,2027-03-30
SHOP_001,C0264,T17712,523.0,2027-03-30
SHOP_001,C0771,T17713,395.0,2027-03-30
SHOP_001,C0995,T17714,517.0,2027-03-30
SHOP_001,C0352,T17715,853.0,2027-03-30
SHOP_001,C0261,T17716,372.0,2027-03-30
SHOP_001,C0768,T17717,881.0,2027-03-30
SHOP_001,C0435,T17718,607.0,2027-03-30
SHOP_001,C0751,T17719,358.0,2027-03-30
SHOP_001,C0228,T17720,619.0,2027-03-30
SHOP_001,C0809,T17721,442.0,2027-03-30
SHOP_001,C0230,T17722,712.0,2027-03-30
SHOP_001,C0646,T17723,788.0,2027-03-30
SHOP_001,C0372,T17724,1084.0,2027-03-30
SHOP_001,C0881,T17725,499.0,2027-03-30
SHOP_001,C0073,T17726,923.0,2027-03-30
SHOP_001,C0767,T17727,216.0,2027-03-30
SHOP_001,C0362,T17728,860.0,2027-03-30
SHOP_001,C0901,T17729,433.0,2027-03-30
SHOP_001,C0686,T17730,324.0,2027-03-30
SHOP_001,C0509,T17731,623.0,2027-03-30
SHOP_001,C0388,T17732,830.0,2027-03-31
SHOP_001,C0901,T17733,607.0,2027-03-31
SHOP_001,C0805,T17734,353.0,2027-03-31
SHOP_001,C0793,T17735,438.0,2027-03-31
SHOP_001,C0852,T17736,489.0,2027-03-31
SHOP_001,C0102,T17737,694.0,2027-03-31
SHOP_001,C0219,T17738,993.0,2027-03-31
SHOP_001,C0166,T17739,740.0,2027-03-31
SHOP_001,C0515,T17740,546.0,2027-03-31
SHOP_001,C0109,T17741,441.0,2027-03-31
SHOP_001,C0758,T17742,606.0,2027-03-31
SHOP_001,C0739,T17743,464.0,2027-03-31
SHOP_001,C0360,T17744,764.0,2027-03-31
SHOP_001,C0754,T17745,809.0,2027-03-31
SHOP_001,C0509,T17746,391.0,2027-03-31
SHOP_001,C0473,T17747,925.0,2027-03-31
SHOP_001,C0530,T17748,850.0,2027-03-31
SHOP_001,C0042,T17749,352.0,2027-03-31
SHOP_001,C0266,T17750,588.0,2027-03-31
SHOP_001,C0809,T17751,550.0,2027-03-31
SHOP_001,C0097,T17752,582.0,2027-03-31
SHOP_001,C0343,T17753,396.0,2027-03-31
SHOP_001,C0028,T17754,539.0,2027-03-31
SHOP_001,C0144,T17755,631.0,2027-03-31
SHOP_001,C0282,T17756,719.0,2027-03-31
SHOP_001,C0386,T17757,1164.0,2027-03-31
SHOP_001,C0529,T17758,1098.0,2027-03-31
SHOP_001,C0352,T17759,774.0,2027-03-31
SHOP_001,C0224,T17760,627.0,2027-04-01
SHOP_001,C0882,T17761,209.0,2027-04-01
SHOP_001,C0677,T17762,631.0,2027-04-01
SHOP_001,C0318,T17763,342.0,2027-04-01
SHOP_001,C0530,T17764,388.0,2027-04-01
SHOP_001,C0396,T17765,459.0,2027-04-01
SHOP_001,C0325,T17766,403.0,2027-04-01
SHOP_001,C0271,T17767,607.0,2027-04-01
SHOP_001,C0368,T17768,235.0,2027-04-01
SHOP_001,C0659,T17769,609.0,2027-04-01
SHOP_001,C0918,T17770,807.0,2027-04-01
SHOP_001,C0178,T17771,425.0,2027-04-01
SHOP_001,C0312,T17772,637.0,2027-04-01
SHOP_001,C0048,T17773,387.0,2027-04-01
SHOP_001,C0224,T17774,986.0,2027-04-01
SHOP_001,C0329,T17775,306.0,2027-04-01
SHOP_001,C0446,T17776,377.0,2027-04-01
SHOP_001,C0424,T17777,623.0,2027-04-01
SHOP_001,C0464,T17778,426.0,2027-04-01
SHOP_001,C0987,T17779,644.0,2027-04-01
SHOP_001,C0707,T17780,480.0,2027-04-01
SHOP_001,C0866,T17781,694.0,2027-04-01
SHOP_001,C0610,T17782,599.0,2027-04-01
SHOP_001,C0382,T17783,804.0,2027-04-01
SHOP_001,C0051,T17784,404.0,2027-04-01
SHOP_001,C0686,T17785,636.0,2027-04-01
SHOP_001,C0648,T17786,200.0,2027-04-01
SHOP_001,C0106,T17787,721.0,2027-04-02
SHOP_001,C0106,T17788,442.0,2027-04-02
SHOP_001,C0202,T17789,492.0,2027-04-02
SHOP_001,C0663,T17790,1021.0,2027-04-02
SHOP_001,C0557,T17791,382.0,2027-04-02
SHOP_001,C0809,T17792,445.0,2027-04-02
SHOP_001,C0758,T17793,1107.0,2027-04-02
SHOP_001,C0205,T17794,378.0,2027-04-02
SHOP_001,C0671,T17795,851.0,2027-04-02
SHOP_001,C0558,T17796,621.0,2027-04-02
SHOP_001,C0317,T17797,633.0,2027-04-02
SHOP_001,C0694,T17798,691.0,2027-04-02
SHOP_001,C0459,T17799,790.0,2027-04-02
SHOP_001,C0176,T17800,680.0,2027-04-02
SHOP_001,C0793,T17801,375.0,2027-04-02
SHOP_001,C0932,T17802,493.0,2027-04-02
SHOP_001,C0609,T17803,493.0,2027-04-02
SHOP_001,C0874,T17804,454.0,2027-04-02
SHOP_001,C0438,T17805,254.0,2027-04-02
SHOP_001,C0962,T17806,512.0,2027-04-02
SHOP_001,C0273,T17807,961.0,2027-04-02
SHOP_001,C0676,T17808,900.0,2027-04-02
SHOP_001,C0286,T17809,243.0,2027-04-02
SHOP_001,C0070,T17810,547.0,2027-04-02
SHOP_001,C0754,T17811,449.0,2027-04-02
SHOP_001,C0781,T17812,640.0,2027-04-02
SHOP_001,C0867,T17813,415.0,2027-04-02
SHOP_001,C0325,T17814,598.0,2027-04-02
SHOP_001,C0577,T17815,799.0,2027-04-02
SHOP_001,C0891,T17816,297.0,2027-04-03
SHOP_001,C0202,T17817,1123.0,2027-04-03
SHOP_001,C0931,T17818,260.0,2027-04-03
SHOP_001,C0097,T17819,704.0,2027-04-03
SHOP_001,C0396,T17820,637.0,2027-04-03
SHOP_001,C0768,T17821,1405.0,2027-04-03
SHOP_001,C0478,T17822,479.0,2027-04-03
SHOP_001,C0027,T17823,403.0,2027-04-03
SHOP_001,C0707,T17824,654.0,2027-04-03
SHOP_001,C0644,T17825,404.0,2027-04-03
SHOP_001,C0636,T17826,593.0,2027-04-03
SHOP_001,C0591,T17827,605.0,2027-04-03
SHOP_001,C0485,T17828,829.0,2027-04-03
SHOP_001,C0286,T17829,553.0,2027-04-03
SHOP_001,C0894,T17830,651.0,2027-04-03
SHOP_001,C0685,T17831,619.0,2027-04-03
SHOP_001,C0030,T17832,612.0,2027-04-03
SHOP_001,C0294,T17833,684.0,2027-04-03
SHOP_001,C0679,T17834,747.0,2027-04-03
SHOP_001,C0576,T17835,378.0,2027-04-03
SHOP_001,C0973,T17836,457.0,2027-04-03
SHOP_001,C0939,T17837,626.0,2027-04-03
SHOP_001,C0408,T17838,828.0,2027-04-03
SHOP_001,C0882,T17839,315.0,2027-04-03
SHOP_001,C0893,T17840,571.0,2027-04-03
SHOP_001,C0815,T17841,517.0,2027-04-03
SHOP_001,C0024,T17842,370.0,2027-04-03
SHOP_001,C0719,T17843,318.0,2027-04-03
SHOP_001,C0860,T17844,530.0,2027-04-03
SHOP_001,C0855,T17845,597.0,2027-04-03
SHOP_001,C0242,T17846,430.0,2027-04-03
SHOP_001,C0005,T17847,887.0,2027-04-03
SHOP_001,C0432,T17848,383.0,2027-04-03
SHOP_001,C0339,T17849,399.0,2027-04-03
SHOP_001,C0924,T17850,628.0,2027-04-03
SHOP_001,C0724,T17851,509.0,2027-04-03
SHOP_001,C0198,T17852,908.0,2027-04-04
SHOP_001,C0412,T17853,577.0,2027-04-04
SHOP_001,C0718,T17854,494.0,2027-04-04
SHOP_001,C0877,T17855,606.0,2027-04-04
SHOP_001,C0442,T17856,896.0,2027-04-04
SHOP_001,C0784,T17857,511.0,2027-04-04
SHOP_001,C0227,T17858,663.0,2027-04-04
SHOP_001,C0967,T17859,615.0,2027-04-04
SHOP_001,C0777,T17860,779.0,2027-04-04
SHOP_001,C0809,T17861,565.0,2027-04-04
SHOP_001,C0029,T17862,458.0,2027-04-04
SHOP_001,C0086,T17863,786.0,2027-04-04
SHOP_001,C0019,T17864,740.0,2027-04-04
SHOP_001,C0530,T17865,741.0,2027-04-04
SHOP_001,C0484,T17866,915.0,2027-04-04
SHOP_001,C0066,T17867,377.0,2027-04-04
SHOP_001,C0728,T17868,810.0,2027-04-04
SHOP_001,C0466,T17869,741.0,2027-04-04
SHOP_001,C0014,T17870,681.0,2027-04-04
SHOP_001,C0144,T17871,892.0,2027-04-04
SHOP_001,C0370,T17872,454.0,2027-04-04
SHOP_001,C0591,T17873,1105.0,2027-04-04
SHOP_001,C0349,T17874,746.0,2027-04-04
SHOP_001,C0741,T17875,407.0,2027-04-04
SHOP_001,C0166,T17876,1046.0,2027-04-04
SHOP_001,C0694,T17877,591.0,2027-04-04
SHOP_001,C0304,T17878,525.0,2027-04-04
SHOP_001,C0996,T17879,827.0,2027-04-04
SHOP_001,C0931,T17880,414.0,2027-04-04
SHOP_001,C0940,T17881,262.0,2027-04-05
SHOP_001,C0692,T17882,448.0,2027-04-05
SHOP_001,C0135,T17883,460.0,2027-04-05
SHOP_001,C0997,T17884,599.0,2027-04-05
SHOP_001,C0440,T17885,641.0,2027-04-05
SHOP_001,C0426,T17886,371.0,2027-04-05
SHOP_001,C0276,T17887,548.0,2027-04-05
SHOP_001,C0157,T17888,304.0,2027-04-05
SHOP_001,C0322,T17889,632.0,2027-04-05
SHOP_001,C0647,T17890,731.0,2027-04-05
SHOP_001,C0345,T17891,521.0,2027-04-05
SHOP_001,C0071,T17892,538.0,2027-04-05
SHOP_001,C0737,T17893,660.0,2027-04-05
SHOP_001,C0808,T17894,665.0,2027-04-05
SHOP_001,C0490,T17895,439.0,2027-04-05
SHOP_001,C0934,T17896,386.0,2027-04-05
SHOP_001,C0396,T17897,608.0,2027-04-05
SHOP_001,C0784,T17898,801.0,2027-04-05
SHOP_001,C0088,T17899,491.0,2027-04-05
SHOP_001,C0636,T17900,357.0,2027-04-05
SHOP_001,C0671,T17901,765.0,2027-04-05
SHOP_001,C0761,T17902,802.0,2027-04-05
SHOP_001,C0724,T17903,348.0,2027-04-05
SHOP_001,C0019,T17904,385.0,2027-04-05
SHOP_001,C0144,T17905,476.0,2027-04-05
SHOP_001,C0951,T17906,1156.0,2027-04-05
SHOP_001,C0848,T17907,519.0,2027-04-05
SHOP_001,C0539,T17908,629.0,2027-04-05
SHOP_001,C0181,T17909,742.0,2027-04-06
SHOP_001,C0218,T17910,649.0,2027-04-06
SHOP_001,C0525,T17911,659.0,2027-04-06
SHOP_001,C0279,T17912,532.0,2027-04-06
SHOP_001,C0791,T17913,665.0,2027-04-06
SHOP_001,C0174,T17914,729.0,2027-04-06
SHOP_001,C0276,T17915,327.0,2027-04-06
SHOP_001,C0993,T17916,861.0,2027-04-06
SHOP_001,C0166,T17917,1006.0,2027-04-06
SHOP_001,C0681,T17918,482.0,2027-04-06
SHOP_001,C0495,T17919,615.0,2027-04-06
SHOP_001,C0622,T17920,796.0,2027-04-06
SHOP_001,C0031,T17921,485.0,2027-04-06
SHOP_001,C0738,T17922,815.0,2027-04-06
SHOP_001,C0011,T17923,500.0,2027-04-06
SHOP_001,C0805,T17924,475.0,2027-04-06
SHOP_001,C0386,T17925,725.0,2027-04-06
SHOP_001,C0962,T17926,849.0,2027-04-06
SHOP_001,C0142,T17927,468.0,2027-04-06
SHOP_001,C0431,T17928,626.0,2027-04-06
SHOP_001,C0813,T17929,437.0,2027-04-06
SHOP_001,C0158,T17930,732.0,2027-04-06
SHOP_001,C0870,T17931,401.0,2027-04-06
SHOP_001,C0263,T17932,1045.0,2027-04-07
SHOP_001,C0229,T17933,780.0,2027-04-07
SHOP_001,C0102,T17934,528.0,2027-04-07
SHOP_001,C0476,T17935,315.0,2027-04-07
SHOP_001,C0541,T17936,473.0,2027-04-07
SHOP_001,C0669,T17937,830.0,2027-04-07
SHOP_001,C0728,T17938,704.0,2027-04-07
SHOP_001,C0112,T17939,607.0,2027-04-07
SHOP_001,C0426,T17940,249.0,2027-04-07
SHOP_001,C0352,T17941,698.0,2027-04-07
SHOP_001,C0692,T17942,840.0,2027-04-07
SHOP_001,C0950,T17943,695.0,2027-04-07
SHOP_001,C0586,T17944,568.0,2027-04-07
SHOP_001,C0031,T17945,544.0,2027-04-07
SHOP_001,C0472,T17946,655.0,2027-04-07
SHOP_001,C0570,T17947,856.0,2027-04-07
SHOP_001,C0295,T17948,297.0,2027-04-08
SHOP_001,C0141,T17949,378.0,2027-04-08
SHOP_001,C0556,T17950,587.0,2027-04-08
SHOP_001,C0745,T17951,471.0,2027-04-08
SHOP_001,C0711,T17952,449.0,2027-04-08
SHOP_001,C0609,T17953,1163.0,2027-04-08
SHOP_001,C0197,T17954,988.0,2027-04-08
SHOP_001,C0199,T17955,732.0,2027-04-08
SHOP_001,C0690,T17956,575.0,2027-04-08
SHOP_001,C0569,T17957,275.0,2027-04-08
SHOP_001,C0067,T17958,900.0,2027-04-08
SHOP_001,C0950,T17959,997.0,2027-04-08
SHOP_001,C0475,T17960,528.0,2027-04-08
SHOP_001,C0966,T17961,593.0,2027-04-08
SHOP_001,C0694,T17962,948.0,2027-04-08
SHOP_001,C0063,T17963,271.0,2027-04-08
SHOP_001,C0507,T17964,338.0,2027-04-08
SHOP_001,C0230,T17965,746.0,2027-04-08
SHOP_001,C0728,T17966,342.0,2027-04-08
SHOP_001,C0153,T17967,1047.0,2027-04-08
SHOP_001,C0097,T17968,711.0,2027-04-08
SHOP_001,C0359,T17969,582.0,2027-04-08
SHOP_001,C0258,T17970,320.0,2027-04-08
SHOP_001,C0280,T17971,544.0,2027-04-09
SHOP_001,C0446,T17972,351.0,2027-04-09
SHOP_001,C0512,T17973,398.0,2027-04-09
SHOP_001,C0174,T17974,895.0,2027-04-09
SHOP_001,C0806,T17975,308.0,2027-04-09
SHOP_001,C0352,T17976,1025.0,2027-04-09
SHOP_001,C0456,T17977,409.0,2027-04-09
SHOP_001,C0436,T17978,525.0,2027-04-09
SHOP_001,C0835,T17979,1014.0,2027-04-09
SHOP_001,C0753,T17980,670.0,2027-04-09
SHOP_001,C0084,T17981,764.0,2027-04-09
SHOP_001,C0524,T17982,573.0,2027-04-09
SHOP_001,C0985,T17983,522.0,2027-04-09
SHOP_001,C0784,T17984,551.0,2027-04-09
SHOP_001,C0066,T17985,550.0,2027-04-09
SHOP_001,C0933,T17986,485.0,2027-04-09
SHOP_001,C0753,T17987,356.0,2027-04-09
SHOP_001,C0987,T17988,688.0,2027-04-09
SHOP_001,C0940,T17989,340.0,2027-04-09
SHOP_001,C0440,T17990,594.0,2027-04-09
SHOP_001,C0359,T17991,841.0,2027-04-09
SHOP_001,C0346,T17992,434.0,2027-04-09
SHOP_001,C0966,T17993,606.0,2027-04-09
SHOP_001,C0258,T17994,362.0,2027-04-09
SHOP_001,C0586,T17995,747.0,2027-04-09
SHOP_001,C0580,T17996,1119.0,2027-04-09
SHOP_001,C0681,T17997,543.0,2027-04-09
SHOP_001,C0375,T17998,434.0,2027-04-09
SHOP_001,C0311,T17999,531.0,2027-04-10
SHOP_001,C0530,T18000,658.0,2027-04-10
SHOP_001,C0490,T18001,377.0,2027-04-10
SHOP_001,C0464,T18002,419.0,2027-04-10
SHOP_001,C0822,T18003,358.0,2027-04-10
SHOP_001,C0174,T18004,1335.0,2027-04-10
SHOP_001,C0166,T18005,784.0,2027-04-10
SHOP_001,C0583,T18006,262.0,2027-04-10
SHOP_001,C0352,T18007,971.0,2027-04-10
SHOP_001,C0685,T18008,440.0,2027-04-10
SHOP_001,C0205,T18009,380.0,2027-04-10
SHOP_001,C0929,T18010,948.0,2027-04-10
SHOP_001,C0705,T18011,599.0,2027-04-10
SHOP_001,C0768,T18012,653.0,2027-04-10
SHOP_001,C0176,T18013,959.0,2027-04-10
SHOP_001,C0547,T18014,446.0,2027-04-10
SHOP_001,C0897,T18015,1118.0,2027-04-10
SHOP_001,C0396,T18016,539.0,2027-04-10
SHOP_001,C0716,T18017,430.0,2027-04-10
SHOP_001,C0183,T18018,1545.0,2027-04-10
SHOP_001,C0295,T18019,589.0,2027-04-10
SHOP_001,C0490,T18020,726.0,2027-04-10
SHOP_001,C0173,T18021,520.0,2027-04-10
SHOP_001,C0855,T18022,505.0,2027-04-10
SHOP_001,C0352,T18023,1334.0,2027-04-10
SHOP_001,C0928,T18024,485.0,2027-04-10
SHOP_001,C0208,T18025,290.0,2027-04-10
SHOP_001,C0296,T18026,356.0,2027-04-10
SHOP_001,C0780,T18027,603.0,2027-04-10
SHOP_001,C0345,T18028,678.0,2027-04-10
SHOP_001,C0258,T18029,1211.0,2027-04-10
SHOP_001,C0355,T18030,703.0,2027-04-10
SHOP_001,C0224,T18031,760.0,2027-04-10
SHOP_001,C0716,T18032,576.0,2027-04-10
SHOP_001,C0106,T18033,367.0,2027-04-10
SHOP_001,C0047,T18034,457.0,2027-04-10
SHOP_001,C0510,T18035,764.0,2027-04-10
SHOP_001,C0803,T18036,503.0,2027-04-11
SHOP_001,C0659,T18037,606.0,2027-04-11
SHOP_001,C0070,T18038,750.0,2027-04-11
SHOP_001,C0848,T18039,774.0,2027-04-11
SHOP_001,C0294,T18040,700.0,2027-04-11
SHOP_001,C0541,T18041,491.0,2027-04-11
SHOP_001,C0408,T18042,379.0,2027-04-11
SHOP_001,C0623,T18043,759.0,2027-04-11
SHOP_001,C0188,T18044,596.0,2027-04-11
SHOP_001,C0426,T18045,357.0,2027-04-11
SHOP_001,C0647,T18046,885.0,2027-04-11
SHOP_001,C0744,T18047,826.0,2027-04-11
SHOP_001,C0399,T18048,590.0,2027-04-11
SHOP_001,C0353,T18049,863.0,2027-04-11
SHOP_001,C0517,T18050,523.0,2027-04-11
SHOP_001,C0174,T18051,804.0,2027-04-11
SHOP_001,C0355,T18052,734.0,2027-04-11
SHOP_001,C0202,T18053,420.0,2027-04-11
SHOP_001,C0129,T18054,297.0,2027-04-11
SHOP_001,C0105,T18055,1127.0,2027-04-11
SHOP_001,C0849,T18056,367.0,2027-04-11
SHOP_001,C0645,T18057,798.0,2027-04-11
SHOP_001,C0490,T18058,590.0,2027-04-11
SHOP_001,C0213,T18059,312.0,2027-04-11
SHOP_001,C0808,T18060,590.0,2027-04-11
SHOP_001,C0035,T18061,771.0,2027-04-11
SHOP_001,C0769,T18062,634.0,2027-04-11
SHOP_001,C0772,T18063,1002.0,2027-04-11
SHOP_001,C0233,T18064,875.0,2027-04-11
SHOP_001,C0741,T18065,265.0,2027-04-11
SHOP_001,C0188,T18066,472.0,2027-04-11
SHOP_001,C0988,T18067,407.0,2027-04-12
SHOP_001,C0897,T18068,683.0,2027-04-12
SHOP_001,C0011,T18069,520.0,2027-04-12
SHOP_001,C0785,T18070,312.0,2027-04-12
SHOP_001,C0078,T18071,622.0,2027-04-12
SHOP_001,C0202,T18072,747.0,2027-04-12
SHOP_001,C0636,T18073,872.0,2027-04-12
SHOP_001,C0501,T18074,517.0,2027-04-12
SHOP_001,C0592,T18075,1135.0,2027-04-12
SHOP_001,C0710,T18076,1107.0,2027-04-12
SHOP_001,C0731,T18077,794.0,2027-04-12
SHOP_001,C0984,T18078,628.0,2027-04-12
SHOP_001,C0307,T18079,1068.0,2027-04-12
SHOP_001,C0219,T18080,699.0,2027-04-12
SHOP_001,C0949,T18081,348.0,2027-04-12
SHOP_001,C0378,T18082,556.0,2027-04-12
SHOP_001,C0070,T18083,436.0,2027-04-12
SHOP_001,C0493,T18084,613.0,2027-04-12
SHOP_001,C0554,T18085,634.0,2027-04-12
SHOP_001,C0112,T18086,560.0,2027-04-12
SHOP_001,C0176,T18087,542.0,2027-04-12
SHOP_001,C0979,T18088,438.0,2027-04-12
SHOP_001,C0466,T18089,859.0,2027-04-12
SHOP_001,C0567,T18090,460.0,2027-04-12
SHOP_001,C0860,T18091,302.0,2027-04-12
SHOP_001,C0300,T18092,554.0,2027-04-12
SHOP_001,C0540,T18093,384.0,2027-04-12
SHOP_001,C0392,T18094,700.0,2027-04-12
SHOP_001,C0263,T18095,467.0,2027-04-12
SHOP_001,C0984,T18096,406.0,2027-04-12
SHOP_001,C0030,T18097,516.0,2027-04-12
SHOP_001,C0496,T18098,367.0,2027-04-12
SHOP_001,C0943,T18099,532.0,2027-04-12
SHOP_001,C0931,T18100,570.0,2027-04-12
SHOP_001,C0755,T18101,636.0,2027-04-12
SHOP_001,C0515,T18102,765.0,2027-04-12
SHOP_001,C0233,T18103,533.0,2027-04-12
SHOP_001,C0768,T18104,805.0,2027-04-13
SHOP_001,C0158,T18105,677.0,2027-04-13
SHOP_001,C0338,T18106,601.0,2027-04-13
SHOP_001,C0809,T18107,1096.0,2027-04-13
SHOP_001,C0718,T18108,721.0,2027-04-13
SHOP_001,C0276,T18109,463.0,2027-04-13
SHOP_001,C0539,T18110,678.0,2027-04-13
SHOP_001,C0341,T18111,728.0,2027-04-13
SHOP_001,C0174,T18112,777.0,2027-04-13
SHOP_001,C0791,T18113,478.0,2027-04-13
SHOP_001,C0518,T18114,951.0,2027-04-13
SHOP_001,C0967,T18115,677.0,2027-04-13
SHOP_001,C0924,T18116,337.0,2027-04-13
SHOP_001,C0940,T18117,269.0,2027-04-13
SHOP_001,C0988,T18118,414.0,2027-04-13
SHOP_001,C0066,T18119,406.0,2027-04-13
SHOP_001,C0671,T18120,1179.0,2027-04-13
SHOP_001,C0618,T18121,365.0,2027-04-13
SHOP_001,C0477,T18122,333.0,2027-04-13
SHOP_001,C0901,T18123,710.0,2027-04-13
SHOP_001,C0985,T18124,500.0,2027-04-13
SHOP_001,C0805,T18125,375.0,2027-04-13
SHOP_001,C0294,T18126,686.0,2027-04-13
SHOP_001,C0227,T18127,411.0,2027-04-13
SHOP_001,C0557,T18128,485.0,2027-04-14
SHOP_001,C0276,T18129,521.0,2027-04-14
SHOP_001,C0264,T18130,358.0,2027-04-14
SHOP_001,C0435,T18131,1398.0,2027-04-14
SHOP_001,C0754,T18132,587.0,2027-04-14
SHOP_001,C0763,T18133,452.0,2027-04-14
SHOP_001,C0990,T18134,499.0,2027-04-14
SHOP_001,C0039,T18135,355.0,2027-04-14
SHOP_001,C0948,T18136,732.0,2027-04-14
SHOP_001,C0172,T18137,871.0,2027-04-14
SHOP_001,C0142,T18138,596.0,2027-04-14
SHOP_001,C0295,T18139,291.0,2027-04-14
SHOP_001,C0479,T18140,703.0,2027-04-14
SHOP_001,C0677,T18141,846.0,2027-04-14
SHOP_001,C0990,T18142,527.0,2027-04-14
SHOP_001,C0097,T18143,951.0,2027-04-14
SHOP_001,C0452,T18144,325.0,2027-04-14
SHOP_001,C0996,T18145,475.0,2027-04-14
SHOP_001,C0045,T18146,332.0,2027-04-14
SHOP_001,C0613,T18147,480.0,2027-04-14
SHOP_001,C0288,T18148,658.0,2027-04-14
SHOP_001,C0434,T18149,597.0,2027-04-14
SHOP_001,C0177,T18150,500.0,2027-04-14
SHOP_001,C0306,T18151,557.0,2027-04-14
SHOP_001,C0961,T18152,460.0,2027-04-14
SHOP_001,C0710,T18153,935.0,2027-04-14
SHOP_001,C0901,T18154,506.0,2027-04-14
SHOP_001,C0525,T18155,814.0,2027-04-14
SHOP_001,C0946,T18156,411.0,2027-04-14
SHOP_001,C0919,T18157,780.0,2027-04-14
SHOP_001,C0288,T18158,738.0,2027-04-14
SHOP_001,C0913,T18159,434.0,2027-04-15
SHOP_001,C0353,T18160,858.0,2027-04-15
SHOP_001,C0787,T18161,682.0,2027-04-15
SHOP_001,C0744,T18162,364.0,2027-04-15
SHOP_001,C0635,T18163,940.0,2027-04-15
SHOP_001,C0718,T18164,470.0,2027-04-15
SHOP_001,C0805,T18165,449.0,2027-04-15
SHOP_001,C0426,T18166,320.0,2027-04-15
SHOP_001,C0344,T18167,570.0,2027-04-15
SHOP_001,C0867,T18168,354.0,2027-04-15
SHOP_001,C0997,T18169,813.0,2027-04-15
SHOP_001,C0140,T18170,627.0,2027-04-15
SHOP_001,C0407,T18171,598.0,2027-04-15
SHOP_001,C0525,T18172,851.0,2027-04-15
SHOP_001,C0197,T18173,435.0,2027-04-15
SHOP_001,C0528,T18174,666.0,2027-04-15
SHOP_001,C0524,T18175,392.0,2027-04-15
SHOP_001,C0341,T18176,710.0,2027-04-15
SHOP_001,C0473,T18177,759.0,2027-04-15
SHOP_001,C0949,T18178,567.0,2027-04-15
SHOP_001,C0848,T18179,618.0,2027-04-15
SHOP_001,C0282,T18180,662.0,2027-04-15
SHOP_001,C0626,T18181,971.0,2027-04-15
SHOP_001,C0901,T18182,567.0,2027-04-16
SHOP_001,C0073,T18183,601.0,2027-04-16
SHOP_001,C0294,T18184,349.0,2027-04-16
SHOP_001,C0024,T18185,998.0,2027-04-16
SHOP_001,C0968,T18186,756.0,2027-04-16
SHOP_001,C0625,T18187,594.0,2027-04-16
SHOP_001,C0323,T18188,941.0,2027-04-16
SHOP_001,C0852,T18189,556.0,2027-04-16
SHOP_001,C0583,T18190,460.0,2027-04-16
SHOP_001,C0254,T18191,759.0,2027-04-16
SHOP_001,C0304,T18192,556.0,2027-04-16
SHOP_001,C0066,T18193,404.0,2027-04-16
SHOP_001,C0811,T18194,713.0,2027-04-16
SHOP_001,C0517,T18195,534.0,2027-04-16
SHOP_001,C0934,T18196,394.0,2027-04-16
SHOP_001,C0797,T18197,994.0,2027-04-16
SHOP_001,C0412,T18198,591.0,2027-04-16
SHOP_001,C0097,T18199,665.0,2027-04-16
SHOP_001,C0924,T18200,564.0,2027-04-16
SHOP_001,C0168,T18201,575.0,2027-04-16
SHOP_001,C0183,T18202,840.0,2027-04-16
SHOP_001,C0931,T18203,534.0,2027-04-16
SHOP_001,C0609,T18204,634.0,2027-04-16
SHOP_001,C0663,T18205,480.0,2027-04-16
SHOP_001,C0066,T18206,547.0,2027-04-16
SHOP_001,C0028,T18207,908.0,2027-04-16
SHOP_001,C0370,T18208,481.0,2027-04-16
SHOP_001,C0609,T18209,607.0,2027-04-16
SHOP_001,C0790,T18210,506.0,2027-04-16
SHOP_001,C0250,T18211,357.0,2027-04-16
SHOP_001,C0075,T18212,364.0,2027-04-16
SHOP_001,C0924,T18213,712.0,2027-04-16
SHOP_001,C0677,T18214,1005.0,2027-04-16
SHOP_001,C0097,T18215,704.0,2027-04-16
SHOP_001,C0843,T18216,590.0,2027-04-16
SHOP_001,C0242,T18217,595.0,2027-04-17
SHOP_001,C0339,T18218,444.0,2027-04-17
SHOP_001,C0408,T18219,615.0,2027-04-17
SHOP_001,C0636,T18220,940.0,2027-04-17
SHOP_001,C0295,T18221,315.0,2027-04-17
SHOP_001,C0931,T18222,429.0,2027-04-17
SHOP_001,C0396,T18223,545.0,2027-04-17
SHOP_001,C0793,T18224,609.0,2027-04-17
SHOP_001,C0512,T18225,332.0,2027-04-17
SHOP_001,C0665,T18226,524.0,2027-04-17
SHOP_001,C0996,T18227,1107.0,2027-04-17
SHOP_001,C0276,T18228,526.0,2027-04-17
SHOP_001,C0900,T18229,676.0,2027-04-17
SHOP_001,C0453,T18230,914.0,2027-04-17
SHOP_001,C0433,T18231,432.0,2027-04-17
SHOP_001,C0153,T18232,570.0,2027-04-17
SHOP_001,C0244,T18233,773.0,2027-04-17
SHOP_001,C0112,T18234,878.0,2027-04-17
SHOP_001,C0966,T18235,694.0,2027-04-17
SHOP_001,C0197,T18236,400.0,2027-04-17
SHOP_001,C0960,T18237,351.0,2027-04-17
SHOP_001,C0466,T18238,493.0,2027-04-17
SHOP_001,C0707,T18239,710.0,2027-04-17
SHOP_001,C0990,T18240,433.0,2027-04-17
SHOP_001,C0526,T18241,609.0,2027-04-17
SHOP_001,C0493,T18242,395.0,2027-04-17
SHOP_001,C0793,T18243,548.0,2027-04-17
SHOP_001,C0427,T18244,718.0,2027-04-17
SHOP_001,C0258,T18245,389.0,2027-04-18
SHOP_001,C0599,T18246,479.0,2027-04-18
SHOP_001,C0657,T18247,955.0,2027-04-18
SHOP_001,C0211,T18248,357.0,2027-04-18
SHOP_001,C0224,T18249,1082.0,2027-04-18
SHOP_001,C0547,T18250,210.0,2027-04-18
SHOP_001,C0497,T18251,1465.0,2027-04-18
SHOP_001,C0849,T18252,388.0,2027-04-18
SHOP_001,C0924,T18253,953.0,2027-04-18
SHOP_001,C0655,T18254,624.0,2027-04-18
SHOP_001,C0478,T18255,470.0,2027-04-18
SHOP_001,C0374,T18256,850.0,2027-04-18
SHOP_001,C0341,T18257,600.0,2027-04-18
SHOP_001,C0724,T18258,532.0,2027-04-18
SHOP_001,C0677,T18259,984.0,2027-04-18
SHOP_001,C0681,T18260,593.0,2027-04-18
SHOP_001,C0214,T18261,807.0,2027-04-18
SHOP_001,C0967,T18262,779.0,2027-04-18
SHOP_001,C0786,T18263,421.0,2027-04-18
SHOP_001,C0176,T18264,1277.0,2027-04-18
SHOP_001,C0311,T18265,532.0,2027-04-18
SHOP_001,C0990,T18266,466.0,2027-04-18
SHOP_001,C0901,T18267,406.0,2027-04-18
SHOP_001,C0692,T18268,677.0,2027-04-18
SHOP_001,C0295,T18269,657.0,2027-04-18
SHOP_001,C0300,T18270,612.0,2027-04-18
SHOP_001,C0512,T18271,535.0,2027-04-18
SHOP_001,C0118,T18272,675.0,2027-04-18
SHOP_001,C0797,T18273,712.0,2027-04-18
SHOP_001,C0352,T18274,1475.0,2027-04-18
SHOP_001,C0763,T18275,542.0,2027-04-18
SHOP_001,C0216,T18276,427.0,2027-04-18
SHOP_001,C0793,T18277,614.0,2027-04-18
SHOP_001,C0254,T18278,541.0,2027-04-18
SHOP_001,C0644,T18279,187.0,2027-04-18
SHOP_001,C0202,T18280,1032.0,2027-04-18
SHOP_001,C0063,T18281,491.0,2027-04-18
SHOP_001,C0304,T18282,376.0,2027-04-18
SHOP_001,C0158,T18283,746.0,2027-04-18
SHOP_001,C0026,T18284,649.0,2027-04-18
SHOP_001,C0218,T18285,430.0,2027-04-18
SHOP_001,C0713,T18286,1272.0,2027-04-18
SHOP_001,C0030,T18287,381.0,2027-04-18
SHOP_001,C0202,T18288,824.0,2027-04-18
SHOP_001,C0180,T18289,285.0,2027-04-19
SHOP_001,C0945,T18290,514.0,2027-04-19
SHOP_001,C0254,T18291,541.0,2027-04-19
SHOP_001,C0860,T18292,390.0,2027-04-19
SHOP_001,C0197,T18293,624.0,2027-04-19
SHOP_001,C0854,T18294,247.0,2027-04-19
SHOP_001,C0213,T18295,771.0,2027-04-19
SHOP_001,C0901,T18296,584.0,2027-04-19
SHOP_001,C0754,T18297,648.0,2027-04-19
SHOP_001,C0524,T18298,815.0,2027-04-19
SHOP_001,C0918,T18299,630.0,2027-04-19
SHOP_001,C0570,T18300,695.0,2027-04-19
SHOP_001,C0142,T18301,629.0,2027-04-19
SHOP_001,C0556,T18302,774.0,2027-04-19
SHOP_001,C0769,T18303,1028.0,2027-04-19
SHOP_001,C0908,T18304,303.0,2027-04-19
SHOP_001,C0078,T18305,560.0,2027-04-19
SHOP_001,C0694,T18306,779.0,2027-04-19
SHOP_001,C0089,T18307,643.0,2027-04-19
SHOP_001,C0768,T18308,1071.0,2027-04-19
SHOP_001,C0263,T18309,697.0,2027-04-19
SHOP_001,C0725,T18310,296.0,2027-04-19
SHOP_001,C0719,T18311,882.0,2027-04-19
SHOP_001,C0456,T18312,361.0,2027-04-19
SHOP_001,C0881,T18313,442.0,2027-04-20
SHOP_001,C0648,T18314,307.0,2027-04-20
SHOP_001,C0438,T18315,411.0,2027-04-20
SHOP_001,C0233,T18316,392.0,2027-04-20
SHOP_001,C0855,T18317,585.0,2027-04-20
SHOP_001,C0214,T18318,585.0,2027-04-20
SHOP_001,C0881,T18319,356.0,2027-04-20
SHOP_001,C0723,T18320,497.0,2027-04-20
SHOP_001,C0329,T18321,547.0,2027-04-20
SHOP_001,C0439,T18322,606.0,2027-04-20
SHOP_001,C0805,T18323,355.0,2027-04-20
SHOP_001,C0651,T18324,927.0,2027-04-20
SHOP_001,C0699,T18325,638.0,2027-04-20
SHOP_001,C0785,T18326,508.0,2027-04-20
SHOP_001,C0777,T18327,490.0,2027-04-20
SHOP_001,C0359,T18328,1149.0,2027-04-20
SHOP_001,C0105,T18329,1076.0,2027-04-20
SHOP_001,C0325,T18330,349.0,2027-04-20
SHOP_001,C0915,T18331,606.0,2027-04-20
SHOP_001,C0881,T18332,842.0,2027-04-20
SHOP_001,C0809,T18333,613.0,2027-04-20
SHOP_001,C0426,T18334,334.0,2027-04-20
SHOP_001,C0762,T18335,1019.0,2027-04-20
SHOP_001,C0539,T18336,390.0,2027-04-20
SHOP_001,C0968,T18337,706.0,2027-04-20
SHOP_001,C0433,T18338,667.0,2027-04-20
SHOP_001,C0556,T18339,425.0,2027-04-20
SHOP_001,C0442,T18340,752.0,2027-04-20
SHOP_001,C0254,T18341,390.0,2027-04-20
SHOP_001,C0931,T18342,345.0,2027-04-20
SHOP_001,C0039,T18343,382.0,2027-04-20
SHOP_001,C0704,T18344,770.0,2027-04-20
SHOP_001,C0407,T18345,489.0,2027-04-20
SHOP_001,C0394,T18346,420.0,2027-04-20
SHOP_001,C0084,T18347,569.0,2027-04-20
SHOP_001,C0967,T18348,755.0,2027-04-20
SHOP_001,C0832,T18349,877.0,2027-04-21
SHOP_001,C0928,T18350,483.0,2027-04-21
SHOP_001,C0495,T18351,360.0,2027-04-21
SHOP_001,C0105,T18352,681.0,2027-04-21
SHOP_001,C0432,T18353,544.0,2027-04-21
SHOP_001,C0844,T18354,862.0,2027-04-21
SHOP_001,C0787,T18355,772.0,2027-04-21
SHOP_001,C0126,T18356,308.0,2027-04-21
SHOP_001,C0693,T18357,711.0,2027-04-21
SHOP_001,C0666,T18358,511.0,2027-04-21
SHOP_001,C0325,T18359,382.0,2027-04-21
SHOP_001,C0162,T18360,766.0,2027-04-21
SHOP_001,C0153,T18361,543.0,2027-04-21
SHOP_001,C0699,T18362,387.0,2027-04-21
SHOP_001,C0779,T18363,270.0,2027-04-21
SHOP_001,C0211,T18364,713.0,2027-04-21
SHOP_001,C0408,T18365,458.0,2027-04-21
SHOP_001,C0767,T18366,296.0,2027-04-21
SHOP_001,C0219,T18367,683.0,2027-04-21
SHOP_001,C0208,T18368,540.0,2027-04-21
SHOP_001,C0352,T18369,713.0,2027-04-21
SHOP_001,C0718,T18370,445.0,2027-04-21
SHOP_001,C0848,T18371,1090.0,2027-04-21
SHOP_001,C0639,T18372,544.0,2027-04-21
SHOP_001,C0477,T18373,660.0,2027-04-21
SHOP_001,C0106,T18374,631.0,2027-04-21
SHOP_001,C0841,T18375,379.0,2027-04-21
SHOP_001,C0197,T18376,744.0,2027-04-21
SHOP_001,C0530,T18377,488.0,2027-04-21
SHOP_001,C0625,T18378,663.0,2027-04-21
SHOP_001,C0524,T18379,460.0,2027-04-21
SHOP_001,C0967,T18380,428.0,2027-04-21
SHOP_001,C0943,T18381,513.0,2027-04-21
SHOP_001,C0744,T18382,573.0,2027-04-21
SHOP_001,C0495,T18383,571.0,2027-04-22
SHOP_001,C0506,T18384,358.0,2027-04-22
SHOP_001,C0692,T18385,506.0,2027-04-22
SHOP_001,C0590,T18386,1227.0,2027-04-22
SHOP_001,C0939,T18387,421.0,2027-04-22
SHOP_001,C0339,T18388,337.0,2027-04-22
SHOP_001,C0039,T18389,774.0,2027-04-22
SHOP_001,C0862,T18390,771.0,2027-04-22
SHOP_001,C0808,T18391,635.0,2027-04-22
SHOP_001,C0754,T18392,712.0,2027-04-22
SHOP_001,C0792,T18393,431.0,2027-04-22
SHOP_001,C0232,T18394,639.0,2027-04-22
SHOP_001,C0622,T18395,663.0,2027-04-22
SHOP_001,C0031,T18396,507.0,2027-04-22
SHOP_001,C0738,T18397,653.0,2027-04-22
SHOP_001,C0032,T18398,1019.0,2027-04-22
SHOP_001,C0287,T18399,611.0,2027-04-22
SHOP_001,C0601,T18400,536.0,2027-04-22
SHOP_001,C0809,T18401,357.0,2027-04-22
SHOP_001,C0719,T18402,455.0,2027-04-22
SHOP_001,C0928,T18403,604.0,2027-04-22
SHOP_001,C0254,T18404,303.0,2027-04-22
SHOP_001,C0106,T18405,825.0,2027-04-22
SHOP_001,C0881,T18406,718.0,2027-04-22
SHOP_001,C0716,T18407,618.0,2027-04-22
SHOP_001,C0478,T18408,481.0,2027-04-22
SHOP_001,C0666,T18409,650.0,2027-04-22
SHOP_001,C0066,T18410,366.0,2027-04-22
SHOP_001,C0768,T18411,942.0,2027-04-22
SHOP_001,C0831,T18412,636.0,2027-04-22
SHOP_001,C0754,T18413,618.0,2027-04-22
SHOP_001,C0529,T18414,634.0,2027-04-22
SHOP_001,C0847,T18415,338.0,2027-04-22
SHOP_001,C0881,T18416,339.0,2027-04-23
SHOP_001,C0505,T18417,519.0,2027-04-23
SHOP_001,C0707,T18418,747.0,2027-04-23
SHOP_001,C0227,T18419,539.0,2027-04-23
SHOP_001,C0201,T18420,519.0,2027-04-23
SHOP_001,C0329,T18421,467.0,2027-04-23
SHOP_001,C0854,T18422,335.0,2027-04-23
SHOP_001,C0812,T18423,158.0,2027-04-23
SHOP_001,C0475,T18424,512.0,2027-04-23
SHOP_001,C0997,T18425,503.0,2027-04-23
SHOP_001,C0112,T18426,749.0,2027-04-23
SHOP_001,C0071,T18427,300.0,2027-04-23
SHOP_001,C0509,T18428,368.0,2027-04-23
SHOP_001,C0621,T18429,830.0,2027-04-23
SHOP_001,C0277,T18430,984.0,2027-04-23
SHOP_001,C0078,T18431,967.0,2027-04-23
SHOP_001,C0359,T18432,594.0,2027-04-23
SHOP_001,C0224,T18433,756.0,2027-04-23
SHOP_001,C0341,T18434,1022.0,2027-04-23
SHOP_001,C0967,T18435,511.0,2027-04-23
SHOP_001,C0842,T18436,447.0,2027-04-23
SHOP_001,C0517,T18437,579.0,2027-04-23
SHOP_001,C0626,T18438,703.0,2027-04-23
SHOP_001,C0797,T18439,818.0,2027-04-23
SHOP_001,C0539,T18440,591.0,2027-04-23
SHOP_001,C0295,T18441,307.0,2027-04-23
SHOP_001,C0846,T18442,305.0,2027-04-23
SHOP_001,C0611,T18443,597.0,2027-04-23
SHOP_001,C0718,T18444,614.0,2027-04-23
SHOP_001,C0965,T18445,912.0,2027-04-23
SHOP_001,C0951,T18446,1163.0,2027-04-23
SHOP_001,C0153,T18447,906.0,2027-04-23
SHOP_001,C0966,T18448,511.0,2027-04-23
SHOP_001,C0031,T18449,561.0,2027-04-23
SHOP_001,C0406,T18450,836.0,2027-04-23
SHOP_001,C0831,T18451,497.0,2027-04-23
SHOP_001,C0997,T18452,482.0,2027-04-23
SHOP_001,C0027,T18453,358.0,2027-04-23
SHOP_001,C0294,T18454,292.0,2027-04-23
SHOP_001,C0080,T18455,634.0,2027-04-23
SHOP_001,C0051,T18456,336.0,2027-04-23
SHOP_001,C0989,T18457,572.0,2027-04-23
SHOP_001,C0808,T18458,541.0,2027-04-23
SHOP_001,C0097,T18459,761.0,2027-04-24
SHOP_001,C0610,T18460,1061.0,2027-04-24
SHOP_001,C0019,T18461,386.0,2027-04-24
SHOP_001,C0535,T18462,923.0,2027-04-24
SHOP_001,C0236,T18463,946.0,2027-04-24
SHOP_001,C0881,T18464,425.0,2027-04-24
SHOP_001,C0492,T18465,689.0,2027-04-24
SHOP_001,C0353,T18466,714.0,2027-04-24
SHOP_001,C0446,T18467,866.0,2027-04-24
SHOP_001,C0860,T18468,578.0,2027-04-24
SHOP_001,C0485,T18469,602.0,2027-04-24
SHOP_001,C0105,T18470,835.0,2027-04-24
SHOP_001,C0657,T18471,1244.0,2027-04-24
SHOP_001,C0191,T18472,861.0,2027-04-24
SHOP_001,C0049,T18473,734.0,2027-04-24
SHOP_001,C0512,T18474,458.0,2027-04-24
SHOP_001,C0678,T18475,255.0,2027-04-24
SHOP_001,C0435,T18476,961.0,2027-04-24
SHOP_001,C0142,T18477,364.0,2027-04-24
SHOP_001,C0839,T18478,1088.0,2027-04-24
SHOP_001,C0499,T18479,494.0,2027-04-24
SHOP_001,C0506,T18480,458.0,2027-04-24
SHOP_001,C0408,T18481,883.0,2027-04-24
SHOP_001,C0808,T18482,603.0,2027-04-24
SHOP_001,C0258,T18483,772.0,2027-04-24
SHOP_001,C0737,T18484,965.0,2027-04-24
SHOP_001,C0451,T18485,478.0,2027-04-25
SHOP_001,C0888,T18486,639.0,2027-04-25
SHOP_001,C0466,T18487,698.0,2027-04-25
SHOP_001,C0499,T18488,439.0,2027-04-25
SHOP_001,C0341,T18489,742.0,2027-04-25
SHOP_001,C0160,T18490,509.0,2027-04-25
SHOP_001,C0261,T18491,522.0,2027-04-25
SHOP_001,C0355,T18492,589.0,2027-04-25
SHOP_001,C0931,T18493,538.0,2027-04-25
SHOP_001,C0870,T18494,428.0,2027-04-25
SHOP_001,C0464,T18495,483.0,2027-04-25
SHOP_001,C0894,T18496,457.0,2027-04-25
SHOP_001,C0014,T18497,709.0,2027-04-25
SHOP_001,C0271,T18498,550.0,2027-04-25
SHOP_001,C0718,T18499,1197.0,2027-04-25
SHOP_001,C0657,T18500,870.0,2027-04-25
SHOP_001,C0080,T18501,669.0,2027-04-25
SHOP_001,C0678,T18502,388.0,2027-04-25
SHOP_001,C0498,T18503,850.0,2027-04-25
SHOP_001,C0657,T18504,1034.0,2027-04-25
SHOP_001,C0438,T18505,396.0,2027-04-25
SHOP_001,C0591,T18506,749.0,2027-04-25
SHOP_001,C0457,T18507,744.0,2027-04-25
SHOP_001,C0477,T18508,609.0,2027-04-25
SHOP_001,C0898,T18509,654.0,2027-04-25
SHOP_001,C0515,T18510,495.0,2027-04-25
SHOP_001,C0142,T18511,429.0,2027-04-25
SHOP_001,C0805,T18512,203.0,2027-04-26
SHOP_001,C0592,T18513,976.0,2027-04-26
SHOP_001,C0716,T18514,368.0,2027-04-26
SHOP_001,C0718,T18515,728.0,2027-04-26
SHOP_001,C0432,T18516,620.0,2027-04-26
SHOP_001,C0310,T18517,333.0,2027-04-26
SHOP_001,C0560,T18518,765.0,2027-04-26
SHOP_001,C0946,T18519,421.0,2027-04-26
SHOP_001,C0300,T18520,596.0,2027-04-26
SHOP_001,C0088,T18521,491.0,2027-04-26
SHOP_001,C0406,T18522,971.0,2027-04-26
SHOP_001,C0159,T18523,478.0,2027-04-26
SHOP_001,C0745,T18524,714.0,2027-04-26
SHOP_001,C0232,T18525,605.0,2027-04-26
SHOP_001,C0808,T18526,677.0,2027-04-26
SHOP_001,C0919,T18527,409.0,2027-04-26
SHOP_001,C0352,T18528,932.0,2027-04-26
SHOP_001,C0149,T18529,718.0,2027-04-26
SHOP_001,C0084,T18530,851.0,2027-04-26
SHOP_001,C0351,T18531,921.0,2027-04-26
SHOP_001,C0933,T18532,255.0,2027-04-26
SHOP_001,C0627,T18533,375.0,2027-04-26
SHOP_001,C0710,T18534,842.0,2027-04-26
SHOP_001,C0406,T18535,769.0,2027-04-26
SHOP_001,C0956,T18536,589.0,2027-04-26
SHOP_001,C0666,T18537,925.0,2027-04-26
SHOP_001,C0606,T18538,449.0,2027-04-26
SHOP_001,C0024,T18539,484.0,2027-04-26
SHOP_001,C0373,T18540,612.0,2027-04-26
SHOP_001,C0083,T18541,374.0,2027-04-26
SHOP_001,C0648,T18542,255.0,2027-04-26
SHOP_001,C0809,T18543,484.0,2027-04-27
SHOP_001,C0066,T18544,502.0,2027-04-27
SHOP_001,C0227,T18545,427.0,2027-04-27
SHOP_001,C0552,T18546,834.0,2027-04-27
SHOP_001,C0158,T18547,844.0,2027-04-27
SHOP_001,C0943,T18548,231.0,2027-04-27
SHOP_001,C0741,T18549,277.0,2027-04-27
SHOP_001,C0418,T18550,825.0,2027-04-27
SHOP_001,C0745,T18551,469.0,2027-04-27
SHOP_001,C0768,T18552,444.0,2027-04-27
SHOP_001,C0987,T18553,579.0,2027-04-27
SHOP_001,C0943,T18554,539.0,2027-04-27
SHOP_001,C0031,T18555,364.0,2027-04-27
SHOP_001,C0713,T18556,1131.0,2027-04-27
SHOP_001,C0918,T18557,432.0,2027-04-27
SHOP_001,C0112,T18558,391.0,2027-04-27
SHOP_001,C0456,T18559,376.0,2027-04-27
SHOP_001,C0039,T18560,488.0,2027-04-27
SHOP_001,C0754,T18561,736.0,2027-04-27
SHOP_001,C0015,T18562,985.0,2027-04-27
SHOP_001,C0913,T18563,1009.0,2027-04-27
SHOP_001,C0832,T18564,564.0,2027-04-27
SHOP_001,C0174,T18565,643.0,2027-04-27
SHOP_001,C0872,T18566,507.0,2027-04-27
SHOP_001,C0541,T18567,646.0,2027-04-28
SHOP_001,C0621,T18568,508.0,2027-04-28
SHOP_001,C0648,T18569,272.0,2027-04-28
SHOP_001,C0882,T18570,356.0,2027-04-28
SHOP_001,C0315,T18571,420.0,2027-04-28
SHOP_001,C0539,T18572,646.0,2027-04-28
SHOP_001,C0924,T18573,357.0,2027-04-28
SHOP_001,C0602,T18574,887.0,2027-04-28
SHOP_001,C0763,T18575,565.0,2027-04-28
SHOP_001,C0704,T18576,505.0,2027-04-28
SHOP_001,C0383,T18577,344.0,2027-04-28
SHOP_001,C0831,T18578,476.0,2027-04-28
SHOP_001,C0235,T18579,761.0,2027-04-28
SHOP_001,C0854,T18580,495.0,2027-04-28
SHOP_001,C0440,T18581,785.0,2027-04-28
SHOP_001,C0318,T18582,705.0,2027-04-28
SHOP_001,C0881,T18583,584.0,2027-04-28
SHOP_001,C0856,T18584,290.0,2027-04-28
SHOP_001,C0690,T18585,766.0,2027-04-28
SHOP_001,C0273,T18586,502.0,2027-04-28
SHOP_001,C0754,T18587,920.0,2027-04-28
SHOP_001,C0456,T18588,578.0,2027-04-28
SHOP_001,C0162,T18589,446.0,2027-04-28
SHOP_001,C0841,T18590,516.0,2027-04-28
SHOP_001,C0685,T18591,312.0,2027-04-28
SHOP_001,C0112,T18592,817.0,2027-04-28
SHOP_001,C0239,T18593,864.0,2027-04-28
SHOP_001,C0732,T18594,707.0,2027-04-28
SHOP_001,C0671,T18595,752.0,2027-04-28
SHOP_001,C0745,T18596,504.0,2027-04-29
SHOP_001,C0677,T18597,750.0,2027-04-29
SHOP_001,C0973,T18598,810.0,2027-04-29
SHOP_001,C0595,T18599,745.0,2027-04-29
SHOP_001,C0591,T18600,619.0,2027-04-29
SHOP_001,C0535,T18601,482.0,2027-04-29
SHOP_001,C0509,T18602,504.0,2027-04-29
SHOP_001,C0426,T18603,351.0,2027-04-29
SHOP_001,C0278,T18604,637.0,2027-04-29
SHOP_001,C0019,T18605,592.0,2027-04-29
SHOP_001,C0073,T18606,598.0,2027-04-29
SHOP_001,C0847,T18607,270.0,2027-04-29
SHOP_001,C0857,T18608,809.0,2027-04-29
SHOP_001,C0763,T18609,529.0,2027-04-29
SHOP_001,C0704,T18610,689.0,2027-04-29
SHOP_001,C0691,T18611,689.0,2027-04-29
SHOP_001,C0078,T18612,914.0,2027-04-29
SHOP_001,C0440,T18613,439.0,2027-04-29
SHOP_001,C0194,T18614,1033.0,2027-04-29
SHOP_001,C0919,T18615,444.0,2027-04-29
SHOP_001,C0325,T18616,536.0,2027-04-29
SHOP_001,C0784,T18617,724.0,2027-04-29
SHOP_001,C0295,T18618,593.0,2027-04-29
SHOP_001,C0961,T18619,417.0,2027-04-29
SHOP_001,C0595,T18620,793.0,2027-04-29
SHOP_001,C0353,T18621,478.0,2027-04-29
SHOP_001,C0918,T18622,876.0,2027-04-29
SHOP_001,C0831,T18623,755.0,2027-04-29
SHOP_001,C0826,T18624,471.0,2027-04-29
SHOP_001,C0728,T18625,625.0,2027-04-30
SHOP_001,C0506,T18626,365.0,2027-04-30
SHOP_001,C0106,T18627,962.0,2027-04-30
SHOP_001,C0294,T18628,653.0,2027-04-30
SHOP_001,C0967,T18629,442.0,2027-04-30
SHOP_001,C0685,T18630,421.0,2027-04-30
SHOP_001,C0188,T18631,614.0,2027-04-30
SHOP_001,C0106,T18632,425.0,2027-04-30
SHOP_001,C0718,T18633,593.0,2027-04-30
SHOP_001,C0459,T18634,771.0,2027-04-30
SHOP_001,C0844,T18635,778.0,2027-04-30
SHOP_001,C0881,T18636,386.0,2027-04-30
SHOP_001,C0679,T18637,524.0,2027-04-30
SHOP_001,C0897,T18638,568.0,2027-04-30
SHOP_001,C0903,T18639,502.0,2027-04-30
SHOP_001,C0846,T18640,470.0,2027-04-30
SHOP_001,C0229,T18641,1987.0,2027-04-30
SHOP_001,C0295,T18642,443.0,2027-04-30
SHOP_001,C0512,T18643,326.0,2027-04-30
SHOP_001,C0512,T18644,914.0,2027-04-30
SHOP_001,C0427,T18645,1067.0,2027-04-30
SHOP_001,C0636,T18646,798.0,2027-04-30
SHOP_001,C0392,T18647,649.0,2027-04-30
SHOP_001,C0224,T18648,1066.0,2027-04-30
SHOP_001,C0169,T18649,616.0,2027-04-30
SHOP_001,C0728,T18650,431.0,2027-05-01
SHOP_001,C0803,T18651,278.0,2027-05-01
SHOP_001,C0063,T18652,425.0,2027-05-01
SHOP_001,C0534,T18653,540.0,2027-05-01
SHOP_001,C0174,T18654,758.0,2027-05-01
SHOP_001,C0503,T18655,487.0,2027-05-01
SHOP_001,C0446,T18656,385.0,2027-05-01
SHOP_001,C0234,T18657,818.0,2027-05-01
SHOP_001,C0610,T18658,920.0,2027-05-01
SHOP_001,C0234,T18659,824.0,2027-05-01
SHOP_001,C0609,T18660,1154.0,2027-05-01
SHOP_001,C0149,T18661,954.0,2027-05-01
SHOP_001,C0174,T18662,899.0,2027-05-01
SHOP_001,C0239,T18663,755.0,2027-05-01
SHOP_001,C0252,T18664,735.0,2027-05-01
SHOP_001,C0317,T18665,498.0,2027-05-01
SHOP_001,C0352,T18666,854.0,2027-05-01
SHOP_001,C0294,T18667,579.0,2027-05-01
SHOP_001,C0235,T18668,274.0,2027-05-01
SHOP_001,C0180,T18669,636.0,2027-05-01
SHOP_001,C0030,T18670,599.0,2027-05-01
SHOP_001,C0781,T18671,486.0,2027-05-01
SHOP_001,C0242,T18672,1194.0,2027-05-01
SHOP_001,C0005,T18673,981.0,2027-05-01
SHOP_001,C0224,T18674,611.0,2027-05-01
SHOP_001,C0873,T18675,672.0,2027-05-01
SHOP_001,C0327,T18676,489.0,2027-05-01
SHOP_001,C0873,T18677,960.0,2027-05-01
SHOP_001,C0049,T18678,506.0,2027-05-01
SHOP_001,C0188,T18679,761.0,2027-05-01
SHOP_001,C0011,T18680,498.0,2027-05-01
SHOP_001,C0671,T18681,961.0,2027-05-01
SHOP_001,C0607,T18682,650.0,2027-05-01
SHOP_001,C0294,T18683,627.0,2027-05-01
SHOP_001,C0188,T18684,337.0,2027-05-01
SHOP_001,C0670,T18685,470.0,2027-05-01
SHOP_001,C0396,T18686,436.0,2027-05-01
SHOP_001,C0109,T18687,676.0,2027-05-01
SHOP_001,C0551,T18688,804.0,2027-05-01
SHOP_001,C0992,T18689,665.0,2027-05-01
SHOP_001,C0495,T18690,734.0,2027-05-01
SHOP_001,C0855,T18691,552.0,2027-05-01
SHOP_001,C0809,T18692,481.0,2027-05-01
SHOP_001,C0762,T18693,626.0,2027-05-01
SHOP_001,C0667,T18694,662.0,2027-05-01
SHOP_001,C0599,T18695,347.0,2027-05-02
SHOP_001,C0648,T18696,727.0,2027-05-02
SHOP_001,C0999,T18697,590.0,2027-05-02
SHOP_001,C0808,T18698,543.0,2027-05-02
SHOP_001,C0295,T18699,219.0,2027-05-02
SHOP_001,C0119,T18700,505.0,2027-05-02
SHOP_001,C0459,T18701,1698.0,2027-05-02
SHOP_001,C0490,T18702,702.0,2027-05-02
SHOP_001,C0985,T18703,751.0,2027-05-02
SHOP_001,C0741,T18704,250.0,2027-05-02
SHOP_001,C0199,T18705,381.0,2027-05-02
SHOP_001,C0946,T18706,659.0,2027-05-02
SHOP_001,C0295,T18707,453.0,2027-05-02
SHOP_001,C0771,T18708,784.0,2027-05-02
SHOP_001,C0435,T18709,1569.0,2027-05-02
SHOP_001,C0862,T18710,341.0,2027-05-02
SHOP_001,C0524,T18711,528.0,2027-05-02
SHOP_001,C0475,T18712,523.0,2027-05-02
SHOP_001,C0450,T18713,721.0,2027-05-02
SHOP_001,C0089,T18714,313.0,2027-05-02
SHOP_001,C0657,T18715,1212.0,2027-05-02
SHOP_001,C0183,T18716,784.0,2027-05-02
SHOP_001,C0523,T18717,632.0,2027-05-02
SHOP_001,C0052,T18718,739.0,2027-05-02
SHOP_001,C0741,T18719,402.0,2027-05-02
SHOP_001,C0841,T18720,496.0,2027-05-02
SHOP_001,C0677,T18721,792.0,2027-05-02
SHOP_001,C0665,T18722,562.0,2027-05-02
SHOP_001,C0305,T18723,812.0,2027-05-02
SHOP_001,C0359,T18724,1124.0,2027-05-02
SHOP_001,C0355,T18725,370.0,2027-05-02
SHOP_001,C0288,T18726,698.0,2027-05-02
SHOP_001,C0799,T18727,689.0,2027-05-02
SHOP_001,C0153,T18728,665.0,2027-05-02
SHOP_001,C0183,T18729,745.0,2027-05-02
SHOP_001,C0901,T18730,259.0,2027-05-02
SHOP_001,C0584,T18731,399.0,2027-05-02
SHOP_001,C0535,T18732,615.0,2027-05-02
SHOP_001,C0408,T18733,511.0,2027-05-02
SHOP_001,C0654,T18734,818.0,2027-05-02
SHOP_001,C0768,T18735,808.0,2027-05-03
SHOP_001,C0187,T18736,954.0,2027-05-03
SHOP_001,C0396,T18737,594.0,2027-05-03
SHOP_001,C0897,T18738,604.0,2027-05-03
SHOP_001,C0897,T18739,476.0,2027-05-03
SHOP_001,C0539,T18740,852.0,2027-05-03
SHOP_001,C0987,T18741,1009.0,2027-05-03
SHOP_001,C0901,T18742,475.0,2027-05-03
SHOP_001,C0567,T18743,183.0,2027-05-03
SHOP_001,C0435,T18744,557.0,2027-05-03
SHOP_001,C0943,T18745,569.0,2027-05-03
SHOP_001,C0456,T18746,254.0,2027-05-03
SHOP_001,C0677,T18747,614.0,2027-05-03
SHOP_001,C0515,T18748,410.0,2027-05-03
SHOP_001,C0478,T18749,690.0,2027-05-03
SHOP_001,C0881,T18750,347.0,2027-05-03
SHOP_001,C0786,T18751,544.0,2027-05-03
SHOP_001,C0731,T18752,876.0,2027-05-03
SHOP_001,C0433,T18753,588.0,2027-05-03
SHOP_001,C0028,T18754,548.0,2027-05-03
SHOP_001,C0710,T18755,852.0,2027-05-03
SHOP_001,C0854,T18756,544.0,2027-05-03
SHOP_001,C0370,T18757,576.0,2027-05-03
SHOP_001,C0967,T18758,624.0,2027-05-03
SHOP_001,C0030,T18759,526.0,2027-05-03
SHOP_001,C0933,T18760,471.0,2027-05-03
SHOP_001,C0524,T18761,376.0,2027-05-03
SHOP_001,C0849,T18762,1084.0,2027-05-03
SHOP_001,C0130,T18763,386.0,2027-05-03
SHOP_001,C0216,T18764,472.0,2027-05-03
SHOP_001,C0847,T18765,441.0,2027-05-03
SHOP_001,C0433,T18766,627.0,2027-05-03
SHOP_001,C0472,T18767,507.0,2027-05-03
SHOP_001,C0993,T18768,846.0,2027-05-04
SHOP_001,C0352,T18769,955.0,2027-05-04
SHOP_001,C0795,T18770,362.0,2027-05-04
SHOP_001,C0426,T18771,469.0,2027-05-04
SHOP_001,C0066,T18772,364.0,2027-05-04
SHOP_001,C0077,T18773,340.0,2027-05-04
SHOP_001,C0144,T18774,637.0,2027-05-04
SHOP_001,C0723,T18775,201.0,2027-05-04
SHOP_001,C0967,T18776,549.0,2027-05-04
SHOP_001,C0228,T18777,1004.0,2027-05-04
SHOP_001,C0705,T18778,722.0,2027-05-04
SHOP_001,C0174,T18779,579.0,2027-05-04
SHOP_001,C0117,T18780,460.0,2027-05-04
SHOP_001,C0346,T18781,620.0,2027-05-04
SHOP_001,C0617,T18782,633.0,2027-05-04
SHOP_001,C0579,T18783,304.0,2027-05-04
SHOP_001,C0838,T18784,881.0,2027-05-04
SHOP_001,C0353,T18785,484.0,2027-05-04
SHOP_001,C0918,T18786,677.0,2027-05-04
SHOP_001,C0835,T18787,372.0,2027-05-04
SHOP_001,C0846,T18788,535.0,2027-05-04
SHOP_001,C0744,T18789,405.0,2027-05-04
SHOP_001,C0472,T18790,469.0,2027-05-04
SHOP_001,C0183,T18791,716.0,2027-05-04
SHOP_001,C0628,T18792,671.0,2027-05-04
SHOP_001,C0666,T18793,447.0,2027-05-04
SHOP_001,C0031,T18794,425.0,2027-05-04
SHOP_001,C0469,T18795,529.0,2027-05-04
SHOP_001,C0211,T18796,292.0,2027-05-04
SHOP_001,C0198,T18797,653.0,2027-05-04
SHOP_001,C0078,T18798,825.0,2027-05-05
SHOP_001,C0367,T18799,381.0,2027-05-05
SHOP_001,C0529,T18800,846.0,2027-05-05
SHOP_001,C0714,T18801,327.0,2027-05-05
SHOP_001,C0229,T18802,606.0,2027-05-05
SHOP_001,C0997,T18803,900.0,2027-05-05
SHOP_001,C0873,T18804,556.0,2027-05-05
SHOP_001,C0592,T18805,889.0,2027-05-05
SHOP_001,C0424,T18806,1085.0,2027-05-05
SHOP_001,C0083,T18807,389.0,2027-05-05
SHOP_001,C0245,T18808,539.0,2027-05-05
SHOP_001,C0440,T18809,802.0,2027-05-05
SHOP_001,C0933,T18810,422.0,2027-05-05
SHOP_001,C0685,T18811,315.0,2027-05-05
SHOP_001,C0031,T18812,804.0,2027-05-05
SHOP_001,C0435,T18813,1225.0,2027-05-05
SHOP_001,C0690,T18814,931.0,2027-05-05
SHOP_001,C0350,T18815,484.0,2027-05-05
SHOP_001,C0252,T18816,523.0,2027-05-05
SHOP_001,C0525,T18817,721.0,2027-05-05
SHOP_001,C0648,T18818,233.0,2027-05-05
SHOP_001,C0710,T18819,1170.0,2027-05-05
SHOP_001,C0881,T18820,304.0,2027-05-05
SHOP_001,C0737,T18821,602.0,2027-05-05
SHOP_001,C0552,T18822,836.0,2027-05-06
SHOP_001,C0077,T18823,587.0,2027-05-06
SHOP_001,C0712,T18824,671.0,2027-05-06
SHOP_001,C0264,T18825,593.0,2027-05-06
SHOP_001,C0535,T18826,550.0,2027-05-06
SHOP_001,C0306,T18827,717.0,2027-05-06
SHOP_001,C0979,T18828,648.0,2027-05-06
SHOP_001,C0244,T18829,442.0,2027-05-06
SHOP_001,C0915,T18830,615.0,2027-05-06
SHOP_001,C0535,T18831,769.0,2027-05-06
SHOP_001,C0390,T18832,502.0,2027-05-06
SHOP_001,C0556,T18833,453.0,2027-05-06
SHOP_001,C0624,T18834,546.0,2027-05-06
SHOP_001,C0359,T18835,693.0,2027-05-06
SHOP_001,C0080,T18836,765.0,2027-05-06
SHOP_001,C0341,T18837,1201.0,2027-05-06
SHOP_001,C0523,T18838,464.0,2027-05-06
SHOP_001,C0242,T18839,557.0,2027-05-06
SHOP_001,C0687,T18840,670.0,2027-05-06
SHOP_001,C0135,T18841,417.0,2027-05-06
SHOP_001,C0031,T18842,355.0,2027-05-06
SHOP_001,C0524,T18843,438.0,2027-05-06
SHOP_001,C0846,T18844,465.0,2027-05-06
SHOP_001,C0495,T18845,617.0,2027-05-06
SHOP_001,C0793,T18846,522.0,2027-05-06
SHOP_001,C0336,T18847,263.0,2027-05-06
SHOP_001,C0307,T18848,646.0,2027-05-06
SHOP_001,C0685,T18849,385.0,2027-05-06
SHOP_001,C0761,T18850,473.0,2027-05-06
SHOP_001,C0412,T18851,335.0,2027-05-06
SHOP_001,C0352,T18852,543.0,2027-05-06
SHOP_001,C0374,T18853,1156.0,2027-05-07
SHOP_001,C0359,T18854,853.0,2027-05-07
SHOP_001,C0517,T18855,738.0,2027-05-07
SHOP_001,C0517,T18856,565.0,2027-05-07
SHOP_001,C0708,T18857,627.0,2027-05-07
SHOP_001,C0718,T18858,573.0,2027-05-07
SHOP_001,C0276,T18859,499.0,2027-05-07
SHOP_001,C0708,T18860,791.0,2027-05-07
SHOP_001,C0685,T18861,304.0,2027-05-07
SHOP_001,C0793,T18862,536.0,2027-05-07
SHOP_001,C0621,T18863,389.0,2027-05-07
SHOP_001,C0435,T18864,849.0,2027-05-07
SHOP_001,C0503,T18865,462.0,2027-05-07
SHOP_001,C0180,T18866,695.0,2027-05-07
SHOP_001,C0435,T18867,1956.0,2027-05-07
SHOP_001,C0897,T18868,472.0,2027-05-07
SHOP_001,C0276,T18869,734.0,2027-05-07
SHOP_001,C0620,T18870,494.0,2027-05-07
SHOP_001,C0894,T18871,494.0,2027-05-07
SHOP_001,C0737,T18872,706.0,2027-05-07
SHOP_001,C0888,T18873,523.0,2027-05-07
SHOP_001,C0943,T18874,278.0,2027-05-07
SHOP_001,C0580,T18875,442.0,2027-05-07
SHOP_001,C0185,T18876,684.0,2027-05-07
SHOP_001,C0848,T18877,593.0,2027-05-07
SHOP_001,C0197,T18878,554.0,2027-05-07
SHOP_001,C0686,T18879,583.0,2027-05-07
SHOP_001,C0181,T18880,638.0,2027-05-07
SHOP_001,C0459,T18881,861.0,2027-05-07
SHOP_001,C0509,T18882,876.0,2027-05-07
SHOP_001,C0509,T18883,760.0,2027-05-07
SHOP_001,C0399,T18884,352.0,2027-05-07
SHOP_001,C0791,T18885,530.0,2027-05-07
SHOP_001,C0704,T18886,831.0,2027-05-07
SHOP_001,C0028,T18887,529.0,2027-05-07
SHOP_001,C0719,T18888,918.0,2027-05-07
SHOP_001,C0254,T18889,377.0,2027-05-07
SHOP_001,C0299,T18890,600.0,2027-05-08
SHOP_001,C0782,T18891,463.0,2027-05-08
SHOP_001,C0671,T18892,501.0,2027-05-08
SHOP_001,C0084,T18893,511.0,2027-05-08
SHOP_001,C0848,T18894,757.0,2027-05-08
SHOP_001,C0396,T18895,677.0,2027-05-08
SHOP_001,C0019,T18896,904.0,2027-05-08
SHOP_001,C0901,T18897,854.0,2027-05-08
SHOP_001,C0997,T18898,1333.0,2027-05-08
SHOP_001,C0587,T18899,689.0,2027-05-08
SHOP_001,C0427,T18900,797.0,2027-05-08
SHOP_001,C0181,T18901,645.0,2027-05-08
SHOP_001,C0354,T18902,249.0,2027-05-08
SHOP_001,C0829,T18903,692.0,2027-05-08
SHOP_001,C0512,T18904,623.0,2027-05-08
SHOP_001,C0621,T18905,816.0,2027-05-08
SHOP_001,C0557,T18906,465.0,2027-05-08
SHOP_001,C0923,T18907,1165.0,2027-05-08
SHOP_001,C0396,T18908,630.0,2027-05-08
SHOP_001,C0784,T18909,530.0,2027-05-08
SHOP_001,C0693,T18910,674.0,2027-05-08
SHOP_001,C0723,T18911,358.0,2027-05-08
SHOP_001,C0768,T18912,911.0,2027-05-08
SHOP_001,C0691,T18913,328.0,2027-05-08
SHOP_001,C0288,T18914,550.0,2027-05-08
SHOP_001,C0182,T18915,286.0,2027-05-08
SHOP_001,C0989,T18916,813.0,2027-05-08
SHOP_001,C0747,T18917,994.0,2027-05-08
SHOP_001,C0276,T18918,698.0,2027-05-08
SHOP_001,C0777,T18919,445.0,2027-05-08
SHOP_001,C0761,T18920,456.0,2027-05-08
SHOP_001,C0505,T18921,764.0,2027-05-08
SHOP_001,C0028,T18922,749.0,2027-05-08
SHOP_001,C0732,T18923,816.0,2027-05-08
SHOP_001,C0097,T18924,922.0,2027-05-08
SHOP_001,C0671,T18925,1357.0,2027-05-08
SHOP_001,C0708,T18926,1164.0,2027-05-08
SHOP_001,C0768,T18927,931.0,2027-05-08
SHOP_001,C0080,T18928,718.0,2027-05-09
SHOP_001,C0024,T18929,292.0,2027-05-09
SHOP_001,C0254,T18930,446.0,2027-05-09
SHOP_001,C0927,T18931,582.0,2027-05-09
SHOP_001,C0396,T18932,597.0,2027-05-09
SHOP_001,C0530,T18933,636.0,2027-05-09
SHOP_001,C0737,T18934,505.0,2027-05-09
SHOP_001,C0399,T18935,278.0,2027-05-09
SHOP_001,C0961,T18936,698.0,2027-05-09
SHOP_001,C0490,T18937,558.0,2027-05-09
SHOP_001,C0707,T18938,812.0,2027-05-09
SHOP_001,C0264,T18939,496.0,2027-05-09
SHOP_001,C0990,T18940,529.0,2027-05-09
SHOP_001,C0215,T18941,610.0,2027-05-09
SHOP_001,C0928,T18942,475.0,2027-05-09
SHOP_001,C0019,T18943,544.0,2027-05-09
SHOP_001,C0123,T18944,534.0,2027-05-09
SHOP_001,C0771,T18945,769.0,2027-05-09
SHOP_001,C0666,T18946,773.0,2027-05-09
SHOP_001,C0025,T18947,572.0,2027-05-09
SHOP_001,C0233,T18948,594.0,2027-05-09
SHOP_001,C0628,T18949,802.0,2027-05-09
SHOP_001,C0254,T18950,396.0,2027-05-09
SHOP_001,C0292,T18951,878.0,2027-05-09
SHOP_001,C0636,T18952,1600.0,2027-05-09
SHOP_001,C0714,T18953,318.0,2027-05-09
SHOP_001,C0135,T18954,298.0,2027-05-09
SHOP_001,C0279,T18955,502.0,2027-05-09
SHOP_001,C0492,T18956,926.0,2027-05-09
SHOP_001,C0509,T18957,744.0,2027-05-09
SHOP_001,C0205,T18958,475.0,2027-05-09
SHOP_001,C0015,T18959,904.0,2027-05-09
SHOP_001,C0009,T18960,943.0,2027-05-09
SHOP_001,C0939,T18961,1074.0,2027-05-09
SHOP_001,C0760,T18962,960.0,2027-05-09
SHOP_001,C0791,T18963,548.0,2027-05-09
SHOP_001,C0716,T18964,588.0,2027-05-09
SHOP_001,C0153,T18965,888.0,2027-05-09
SHOP_001,C0426,T18966,362.0,2027-05-09
SHOP_001,C0881,T18967,515.0,2027-05-09
SHOP_001,C0879,T18968,770.0,2027-05-09
SHOP_001,C0084,T18969,880.0,2027-05-09
SHOP_001,C0699,T18970,457.0,2027-05-09
SHOP_001,C0872,T18971,1370.0,2027-05-09
SHOP_001,C0710,T18972,1103.0,2027-05-09
SHOP_001,C0838,T18973,869.0,2027-05-09
SHOP_001,C0378,T18974,451.0,2027-05-09
SHOP_001,C0855,T18975,327.0,2027-05-10
SHOP_001,C0877,T18976,579.0,2027-05-10
SHOP_001,C0924,T18977,327.0,2027-05-10
SHOP_001,C0966,T18978,652.0,2027-05-10
SHOP_001,C0999,T18979,313.0,2027-05-10
SHOP_001,C0456,T18980,426.0,2027-05-10
SHOP_001,C0355,T18981,497.0,2027-05-10
SHOP_001,C0525,T18982,505.0,2027-05-10
SHOP_001,C0410,T18983,837.0,2027-05-10
SHOP_001,C0181,T18984,468.0,2027-05-10
SHOP_001,C0150,T18985,560.0,2027-05-10
SHOP_001,C0064,T18986,926.0,2027-05-10
SHOP_001,C0931,T18987,625.0,2027-05-10
SHOP_001,C0739,T18988,528.0,2027-05-10
SHOP_001,C0686,T18989,319.0,2027-05-10
SHOP_001,C0594,T18990,557.0,2027-05-10
SHOP_001,C0097,T18991,581.0,2027-05-10
SHOP_001,C0570,T18992,1094.0,2027-05-10
SHOP_001,C0097,T18993,714.0,2027-05-10
SHOP_001,C0028,T18994,509.0,2027-05-10
SHOP_001,C0295,T18995,331.0,2027-05-10
SHOP_001,C0183,T18996,606.0,2027-05-10
SHOP_001,C0399,T18997,371.0,2027-05-10
SHOP_001,C0693,T18998,394.0,2027-05-10
SHOP_001,C0667,T18999,570.0,2027-05-11
SHOP_001,C0213,T19000,469.0,2027-05-11
SHOP_001,C0084,T19001,569.0,2027-05-11
SHOP_001,C0693,T19002,409.0,2027-05-11
SHOP_001,C0341,T19003,522.0,2027-05-11
SHOP_001,C0174,T19004,975.0,2027-05-11
SHOP_001,C0694,T19005,913.0,2027-05-11
SHOP_001,C0782,T19006,452.0,2027-05-11
SHOP_001,C0851,T19007,460.0,2027-05-11
SHOP_001,C0805,T19008,473.0,2027-05-11
SHOP_001,C0691,T19009,506.0,2027-05-11
SHOP_001,C0123,T19010,651.0,2027-05-11
SHOP_001,C0509,T19011,664.0,2027-05-11
SHOP_001,C0174,T19012,495.0,2027-05-11
SHOP_001,C0106,T19013,507.0,2027-05-11
SHOP_001,C0753,T19014,434.0,2027-05-11
SHOP_001,C0084,T19015,649.0,2027-05-11
SHOP_001,C0112,T19016,799.0,2027-05-11
SHOP_001,C0426,T19017,295.0,2027-05-11
SHOP_001,C0805,T19018,560.0,2027-05-11
SHOP_001,C0617,T19019,596.0,2027-05-11
SHOP_001,C0647,T19020,512.0,2027-05-11
SHOP_001,C0490,T19021,550.0,2027-05-11
SHOP_001,C0873,T19022,570.0,2027-05-11
SHOP_001,C0464,T19023,378.0,2027-05-12
SHOP_001,C0699,T19024,665.0,2027-05-12
SHOP_001,C0524,T19025,776.0,2027-05-12
SHOP_001,C0539,T19026,358.0,2027-05-12
SHOP_001,C0227,T19027,470.0,2027-05-12
SHOP_001,C0725,T19028,355.0,2027-05-12
SHOP_001,C0773,T19029,961.0,2027-05-12
SHOP_001,C0832,T19030,548.0,2027-05-12
SHOP_001,C0379,T19031,362.0,2027-05-12
SHOP_001,C0592,T19032,1605.0,2027-05-12
SHOP_001,C0882,T19033,329.0,2027-05-12
SHOP_001,C0234,T19034,703.0,2027-05-12
SHOP_001,C0349,T19035,459.0,2027-05-12
SHOP_001,C0441,T19036,590.0,2027-05-12
SHOP_001,C0686,T19037,363.0,2027-05-12
SHOP_001,C0872,T19038,988.0,2027-05-12
SHOP_001,C0266,T19039,203.0,2027-05-12
SHOP_001,C0493,T19040,537.0,2027-05-12
SHOP_001,C0679,T19041,343.0,2027-05-12
SHOP_001,C0144,T19042,690.0,2027-05-12
SHOP_001,C0355,T19043,535.0,2027-05-12
SHOP_001,C0224,T19044,643.0,2027-05-12
SHOP_001,C0008,T19045,629.0,2027-05-12
SHOP_001,C0373,T19046,486.0,2027-05-12
SHOP_001,C0408,T19047,529.0,2027-05-12
SHOP_001,C0664,T19048,503.0,2027-05-12
SHOP_001,C0881,T19049,599.0,2027-05-12
SHOP_001,C0349,T19050,576.0,2027-05-12
SHOP_001,C0209,T19051,944.0,2027-05-12
SHOP_001,C0183,T19052,1402.0,2027-05-12
SHOP_001,C0951,T19053,556.0,2027-05-13
SHOP_001,C0038,T19054,535.0,2027-05-13
SHOP_001,C0286,T19055,396.0,2027-05-13
SHOP_001,C0966,T19056,473.0,2027-05-13
SHOP_001,C0426,T19057,520.0,2027-05-13
SHOP_001,C0197,T19058,337.0,2027-05-13
SHOP_001,C0621,T19059,653.0,2027-05-13
SHOP_001,C0318,T19060,267.0,2027-05-13
SHOP_001,C0312,T19061,1299.0,2027-05-13
SHOP_001,C0763,T19062,403.0,2027-05-13
SHOP_001,C0070,T19063,520.0,2027-05-13
SHOP_001,C0047,T19064,342.0,2027-05-13
SHOP_001,C0939,T19065,686.0,2027-05-13
SHOP_001,C0518,T19066,554.0,2027-05-13
SHOP_001,C0908,T19067,335.0,2027-05-13
SHOP_001,C0493,T19068,511.0,2027-05-13
SHOP_001,C0455,T19069,374.0,2027-05-13
SHOP_001,C0345,T19070,795.0,2027-05-13
SHOP_001,C0929,T19071,623.0,2027-05-13
SHOP_001,C0122,T19072,815.0,2027-05-13
SHOP_001,C0509,T19073,636.0,2027-05-13
SHOP_001,C0790,T19074,1049.0,2027-05-13
SHOP_001,C0176,T19075,764.0,2027-05-13
SHOP_001,C0396,T19076,733.0,2027-05-13
SHOP_001,C0560,T19077,711.0,2027-05-14
SHOP_001,C0751,T19078,790.0,2027-05-14
SHOP_001,C0609,T19079,644.0,2027-05-14
SHOP_001,C0791,T19080,705.0,2027-05-14
SHOP_001,C0881,T19081,467.0,2027-05-14
SHOP_001,C0985,T19082,673.0,2027-05-14
SHOP_001,C0644,T19083,389.0,2027-05-14
SHOP_001,C0181,T19084,564.0,2027-05-14
SHOP_001,C0066,T19085,435.0,2027-05-14
SHOP_001,C0440,T19086,1046.0,2027-05-14
SHOP_001,C0322,T19087,607.0,2027-05-14
SHOP_001,C0473,T19088,620.0,2027-05-14
SHOP_001,C0516,T19089,731.0,2027-05-14
SHOP_001,C0525,T19090,1247.0,2027-05-14
SHOP_001,C0951,T19091,1399.0,2027-05-14
SHOP_001,C0408,T19092,636.0,2027-05-14
SHOP_001,C0089,T19093,472.0,2027-05-14
SHOP_001,C0108,T19094,879.0,2027-05-14
SHOP_001,C0213,T19095,853.0,2027-05-14
SHOP_001,C0437,T19096,459.0,2027-05-14
SHOP_001,C0847,T19097,323.0,2027-05-14
SHOP_001,C0648,T19098,437.0,2027-05-14
SHOP_001,C0129,T19099,557.0,2027-05-14
SHOP_001,C0353,T19100,653.0,2027-05-14
SHOP_001,C0270,T19101,790.0,2027-05-14
SHOP_001,C0648,T19102,462.0,2027-05-14
SHOP_001,C0933,T19103,595.0,2027-05-14
SHOP_001,C0097,T19104,899.0,2027-05-14
SHOP_001,C0123,T19105,458.0,2027-05-14
SHOP_001,C0557,T19106,363.0,2027-05-14
SHOP_001,C0967,T19107,415.0,2027-05-14
SHOP_001,C0201,T19108,684.0,2027-05-14
SHOP_001,C0939,T19109,504.0,2027-05-14
SHOP_001,C0667,T19110,443.0,2027-05-14
SHOP_001,C0758,T19111,762.0,2027-05-14
SHOP_001,C0526,T19112,846.0,2027-05-14
SHOP_001,C0647,T19113,669.0,2027-05-14
SHOP_001,C0469,T19114,344.0,2027-05-15
SHOP_001,C0678,T19115,572.0,2027-05-15
SHOP_001,C0271,T19116,714.0,2027-05-15
SHOP_001,C0661,T19117,1002.0,2027-05-15
SHOP_001,C0162,T19118,322.0,2027-05-15
SHOP_001,C0791,T19119,618.0,2027-05-15
SHOP_001,C0809,T19120,565.0,2027-05-15
SHOP_001,C0341,T19121,624.0,2027-05-15
SHOP_001,C0648,T19122,431.0,2027-05-15
SHOP_001,C0318,T19123,346.0,2027-05-15
SHOP_001,C0576,T19124,418.0,2027-05-15
SHOP_001,C0760,T19125,1133.0,2027-05-15
SHOP_001,C0908,T19126,370.0,2027-05-15
SHOP_001,C0808,T19127,622.0,2027-05-15
SHOP_001,C0645,T19128,664.0,2027-05-15
SHOP_001,C0787,T19129,459.0,2027-05-15
SHOP_001,C0105,T19130,836.0,2027-05-15
SHOP_001,C0718,T19131,757.0,2027-05-15
SHOP_001,C0862,T19132,536.0,2027-05-15
SHOP_001,C0377,T19133,928.0,2027-05-15
SHOP_001,C0312,T19134,926.0,2027-05-15
SHOP_001,C0846,T19135,637.0,2027-05-15
SHOP_001,C0064,T19136,579.0,2027-05-15
SHOP_001,C0183,T19137,780.0,2027-05-15
SHOP_001,C0784,T19138,881.0,2027-05-15
SHOP_001,C0325,T19139,664.0,2027-05-15
SHOP_001,C0427,T19140,1215.0,2027-05-15
SHOP_001,C0435,T19141,772.0,2027-05-15
SHOP_001,C0506,T19142,402.0,2027-05-15
SHOP_001,C0509,T19143,472.0,2027-05-16
SHOP_001,C0737,T19144,796.0,2027-05-16
SHOP_001,C0296,T19145,377.0,2027-05-16
SHOP_001,C0495,T19146,1009.0,2027-05-16
SHOP_001,C0254,T19147,524.0,2027-05-16
SHOP_001,C0409,T19148,977.0,2027-05-16
SHOP_001,C0657,T19149,835.0,2027-05-16
SHOP_001,C0532,T19150,1093.0,2027-05-16
SHOP_001,C0497,T19151,2060.0,2027-05-16
SHOP_001,C0510,T19152,410.0,2027-05-16
SHOP_001,C0832,T19153,745.0,2027-05-16
SHOP_001,C0030,T19154,531.0,2027-05-16
SHOP_001,C0655,T19155,319.0,2027-05-16
SHOP_001,C0943,T19156,799.0,2027-05-16
SHOP_001,C0699,T19157,1067.0,2027-05-16
SHOP_001,C0378,T19158,1141.0,2027-05-16
SHOP_001,C0080,T19159,941.0,2027-05-16
SHOP_001,C0681,T19160,291.0,2027-05-16
SHOP_001,C0438,T19161,375.0,2027-05-16
SHOP_001,C0294,T19162,390.0,2027-05-16
SHOP_001,C0699,T19163,428.0,2027-05-16
SHOP_001,C0628,T19164,1173.0,2027-05-16
SHOP_001,C0070,T19165,467.0,2027-05-16
SHOP_001,C0943,T19166,549.0,2027-05-16
SHOP_001,C0396,T19167,532.0,2027-05-16
SHOP_001,C0174,T19168,985.0,2027-05-16
SHOP_001,C0933,T19169,478.0,2027-05-16
SHOP_001,C0493,T19170,554.0,2027-05-16
SHOP_001,C0518,T19171,439.0,2027-05-16
SHOP_001,C0809,T19172,896.0,2027-05-16
SHOP_001,C0564,T19173,827.0,2027-05-16
SHOP_001,C0211,T19174,533.0,2027-05-16
SHOP_001,C0490,T19175,464.0,2027-05-16
SHOP_001,C0456,T19176,303.0,2027-05-16
SHOP_001,C0375,T19177,1292.0,2027-05-16
SHOP_001,C0503,T19178,567.0,2027-05-16
SHOP_001,C0459,T19179,634.0,2027-05-16
SHOP_001,C0560,T19180,705.0,2027-05-17
SHOP_001,C0809,T19181,670.0,2027-05-17
SHOP_001,C0556,T19182,309.0,2027-05-17
SHOP_001,C0763,T19183,402.0,2027-05-17
SHOP_001,C0901,T19184,329.0,2027-05-17
SHOP_001,C0771,T19185,753.0,2027-05-17
SHOP_001,C0005,T19186,528.0,2027-05-17
SHOP_001,C0080,T19187,793.0,2027-05-17
SHOP_001,C0370,T19188,330.0,2027-05-17
SHOP_001,C0644,T19189,288.0,2027-05-17
SHOP_001,C0591,T19190,680.0,2027-05-17
SHOP_001,C0901,T19191,350.0,2027-05-17
SHOP_001,C0562,T19192,685.0,2027-05-17
SHOP_001,C0716,T19193,655.0,2027-05-17
SHOP_001,C0704,T19194,487.0,2027-05-17
SHOP_001,C0218,T19195,973.0,2027-05-17
SHOP_001,C0242,T19196,840.0,2027-05-17
SHOP_001,C0092,T19197,888.0,2027-05-17
SHOP_001,C0723,T19198,356.0,2027-05-17
SHOP_001,C0908,T19199,387.0,2027-05-17
SHOP_001,C0058,T19200,898.0,2027-05-17
SHOP_001,C0901,T19201,444.0,2027-05-17
SHOP_001,C0300,T19202,902.0,2027-05-17
SHOP_001,C0313,T19203,1060.0,2027-05-17
SHOP_001,C0919,T19204,275.0,2027-05-17
SHOP_001,C0777,T19205,921.0,2027-05-17
SHOP_001,C0560,T19206,545.0,2027-05-17
SHOP_001,C0767,T19207,392.0,2027-05-17
SHOP_001,C0214,T19208,444.0,2027-05-17
SHOP_001,C0798,T19209,427.0,2027-05-17
SHOP_001,C0352,T19210,677.0,2027-05-17
SHOP_001,C0899,T19211,358.0,2027-05-17
SHOP_001,C0723,T19212,669.0,2027-05-17
SHOP_001,C0967,T19213,509.0,2027-05-18
SHOP_001,C0809,T19214,657.0,2027-05-18
SHOP_001,C0900,T19215,309.0,2027-05-18
SHOP_001,C0524,T19216,567.0,2027-05-18
SHOP_001,C0943,T19217,478.0,2027-05-18
SHOP_001,C0969,T19218,354.0,2027-05-18
SHOP_001,C0112,T19219,633.0,2027-05-18
SHOP_001,C0837,T19220,520.0,2027-05-18
SHOP_001,C0772,T19221,571.0,2027-05-18
SHOP_001,C0667,T19222,750.0,2027-05-18
SHOP_001,C0950,T19223,523.0,2027-05-18
SHOP_001,C0867,T19224,343.0,2027-05-18
SHOP_001,C0403,T19225,303.0,2027-05-18
SHOP_001,C0375,T19226,876.0,2027-05-18
SHOP_001,C0939,T19227,541.0,2027-05-18
SHOP_001,C0967,T19228,486.0,2027-05-18
SHOP_001,C0217,T19229,717.0,2027-05-18
SHOP_001,C0489,T19230,435.0,2027-05-18
SHOP_001,C0193,T19231,829.0,2027-05-18
SHOP_001,C0996,T19232,474.0,2027-05-18
SHOP_001,C0218,T19233,497.0,2027-05-18
SHOP_001,C0744,T19234,595.0,2027-05-18
SHOP_001,C0569,T19235,587.0,2027-05-18
SHOP_001,C0939,T19236,621.0,2027-05-19
SHOP_001,C0809,T19237,477.0,2027-05-19
SHOP_001,C0147,T19238,531.0,2027-05-19
SHOP_001,C0718,T19239,743.0,2027-05-19
SHOP_001,C0842,T19240,720.0,2027-05-19
SHOP_001,C0754,T19241,845.0,2027-05-19
SHOP_001,C0573,T19242,600.0,2027-05-19
SHOP_001,C0451,T19243,528.0,2027-05-19
SHOP_001,C0780,T19244,564.0,2027-05-19
SHOP_001,C0943,T19245,648.0,2027-05-19
SHOP_001,C0593,T19246,662.0,2027-05-19
SHOP_001,C0808,T19247,995.0,2027-05-19
SHOP_001,C0644,T19248,447.0,2027-05-19
SHOP_001,C0524,T19249,507.0,2027-05-19
SHOP_001,C0943,T19250,389.0,2027-05-19
SHOP_001,C0674,T19251,814.0,2027-05-19
SHOP_001,C0777,T19252,778.0,2027-05-19
SHOP_001,C0216,T19253,570.0,2027-05-19
SHOP_001,C0530,T19254,563.0,2027-05-19
SHOP_001,C0692,T19255,384.0,2027-05-19
SHOP_001,C0277,T19256,497.0,2027-05-20
SHOP_001,C0831,T19257,502.0,2027-05-20
SHOP_001,C0737,T19258,1149.0,2027-05-20
SHOP_001,C0197,T19259,743.0,2027-05-20
SHOP_001,C0131,T19260,356.0,2027-05-20
SHOP_001,C0973,T19261,514.0,2027-05-20
SHOP_001,C0264,T19262,587.0,2027-05-20
SHOP_001,C0708,T19263,662.0,2027-05-20
SHOP_001,C0686,T19264,292.0,2027-05-20
SHOP_001,C0982,T19265,971.0,2027-05-20
SHOP_001,C0399,T19266,922.0,2027-05-20
SHOP_001,C0869,T19267,367.0,2027-05-20
SHOP_001,C0723,T19268,487.0,2027-05-20
SHOP_001,C0873,T19269,783.0,2027-05-20
SHOP_001,C0228,T19270,1461.0,2027-05-20
SHOP_001,C0025,T19271,317.0,2027-05-20
SHOP_001,C0176,T19272,482.0,2027-05-20
SHOP_001,C0359,T19273,769.0,2027-05-20
SHOP_001,C0353,T19274,624.0,2027-05-20
SHOP_001,C0353,T19275,825.0,2027-05-20
SHOP_001,C0719,T19276,422.0,2027-05-20
SHOP_001,C0784,T19277,948.0,2027-05-20
SHOP_001,C0644,T19278,517.0,2027-05-20
SHOP_001,C0881,T19279,609.0,2027-05-20
SHOP_001,C0227,T19280,531.0,2027-05-20
SHOP_001,C0166,T19281,535.0,2027-05-20
SHOP_001,C0973,T19282,304.0,2027-05-20
SHOP_001,C0359,T19283,814.0,2027-05-20
SHOP_001,C0995,T19284,463.0,2027-05-20
SHOP_001,C0949,T19285,297.0,2027-05-20
SHOP_001,C0440,T19286,605.0,2027-05-20
SHOP_001,C0741,T19287,407.0,2027-05-20
SHOP_001,C0466,T19288,1174.0,2027-05-21
SHOP_001,C0084,T19289,968.0,2027-05-21
SHOP_001,C0529,T19290,934.0,2027-05-21
SHOP_001,C0912,T19291,366.0,2027-05-21
SHOP_001,C0219,T19292,1181.0,2027-05-21
SHOP_001,C0066,T19293,540.0,2027-05-21
SHOP_001,C0755,T19294,924.0,2027-05-21
SHOP_001,C0933,T19295,402.0,2027-05-21
SHOP_001,C0685,T19296,303.0,2027-05-21
SHOP_001,C0762,T19297,972.0,2027-05-21
SHOP_001,C0144,T19298,1416.0,2027-05-21
SHOP_001,C0519,T19299,732.0,2027-05-21
SHOP_001,C0752,T19300,735.0,2027-05-21
SHOP_001,C0694,T19301,642.0,2027-05-21
SHOP_001,C0860,T19302,444.0,2027-05-21
SHOP_001,C0308,T19303,1002.0,2027-05-21
SHOP_001,C0162,T19304,457.0,2027-05-21
SHOP_001,C0885,T19305,762.0,2027-05-21
SHOP_001,C0548,T19306,801.0,2027-05-21
SHOP_001,C0214,T19307,950.0,2027-05-21
SHOP_001,C0761,T19308,540.0,2027-05-21
SHOP_001,C0524,T19309,547.0,2027-05-21
SHOP_001,C0030,T19310,565.0,2027-05-21
SHOP_001,C0090,T19311,394.0,2027-05-21
SHOP_001,C0317,T19312,387.0,2027-05-21
SHOP_001,C0855,T19313,408.0,2027-05-21
SHOP_001,C0486,T19314,594.0,2027-05-21
SHOP_001,C0352,T19315,647.0,2027-05-21
SHOP_001,C0177,T19316,564.0,2027-05-21
SHOP_001,C0080,T19317,839.0,2027-05-21
SHOP_001,C0805,T19318,458.0,2027-05-22
SHOP_001,C0594,T19319,1128.0,2027-05-22
SHOP_001,C0466,T19320,514.0,2027-05-22
SHOP_001,C0818,T19321,625.0,2027-05-22
SHOP_001,C0289,T19322,523.0,2027-05-22
SHOP_001,C0754,T19323,833.0,2027-05-22
SHOP_001,C0064,T19324,1212.0,2027-05-22
SHOP_001,C0874,T19325,588.0,2027-05-22
SHOP_001,C0064,T19326,588.0,2027-05-22
SHOP_001,C0805,T19327,564.0,2027-05-22
SHOP_001,C0772,T19328,799.0,2027-05-22
SHOP_001,C0166,T19329,491.0,2027-05-22
SHOP_001,C0027,T19330,939.0,2027-05-22
SHOP_001,C0518,T19331,851.0,2027-05-22
SHOP_001,C0711,T19332,536.0,2027-05-22
SHOP_001,C0210,T19333,714.0,2027-05-22
SHOP_001,C0621,T19334,585.0,2027-05-22
SHOP_001,C0213,T19335,693.0,2027-05-22
SHOP_001,C0078,T19336,826.0,2027-05-22
SHOP_001,C0497,T19337,840.0,2027-05-22
SHOP_001,C0636,T19338,1116.0,2027-05-22
SHOP_001,C0140,T19339,319.0,2027-05-22
SHOP_001,C0498,T19340,1036.0,2027-05-22
SHOP_001,C0130,T19341,354.0,2027-05-22
SHOP_001,C0397,T19342,605.0,2027-05-22
SHOP_001,C0014,T19343,597.0,2027-05-22
SHOP_001,C0019,T19344,490.0,2027-05-22
SHOP_001,C0249,T19345,380.0,2027-05-22
SHOP_001,C0711,T19346,498.0,2027-05-22
SHOP_001,C0739,T19347,1015.0,2027-05-22
SHOP_001,C0900,T19348,382.0,2027-05-22
SHOP_001,C0744,T19349,516.0,2027-05-22
SHOP_001,C0805,T19350,520.0,2027-05-22
SHOP_001,C0754,T19351,745.0,2027-05-22
SHOP_001,C0524,T19352,505.0,2027-05-22
SHOP_001,C0839,T19353,1092.0,2027-05-22
SHOP_001,C0690,T19354,1198.0,2027-05-23
SHOP_001,C0578,T19355,519.0,2027-05-23
SHOP_001,C0606,T19356,352.0,2027-05-23
SHOP_001,C0109,T19357,1052.0,2027-05-23
SHOP_001,C0841,T19358,740.0,2027-05-23
SHOP_001,C0009,T19359,584.0,2027-05-23
SHOP_001,C0433,T19360,911.0,2027-05-23
SHOP_001,C0718,T19361,716.0,2027-05-23
SHOP_001,C0227,T19362,614.0,2027-05-23
SHOP_001,C0424,T19363,384.0,2027-05-23
SHOP_001,C0109,T19364,362.0,2027-05-23
SHOP_001,C0058,T19365,712.0,2027-05-23
SHOP_001,C0353,T19366,856.0,2027-05-23
SHOP_001,C0624,T19367,1024.0,2027-05-23
SHOP_001,C0685,T19368,256.0,2027-05-23
SHOP_001,C0677,T19369,620.0,2027-05-23
SHOP_001,C0396,T19370,574.0,2027-05-23
SHOP_001,C0677,T19371,414.0,2027-05-23
SHOP_001,C0181,T19372,396.0,2027-05-23
SHOP_001,C0186,T19373,276.0,2027-05-23
SHOP_001,C0457,T19374,265.0,2027-05-23
SHOP_001,C0808,T19375,243.0,2027-05-23
SHOP_001,C0844,T19376,757.0,2027-05-23
SHOP_001,C0451,T19377,311.0,2027-05-24
SHOP_001,C0457,T19378,398.0,2027-05-24
SHOP_001,C0352,T19379,698.0,2027-05-24
SHOP_001,C0665,T19380,475.0,2027-05-24
SHOP_001,C0228,T19381,654.0,2027-05-24
SHOP_001,C0472,T19382,375.0,2027-05-24
SHOP_001,C0636,T19383,1618.0,2027-05-24
SHOP_001,C0587,T19384,595.0,2027-05-24
SHOP_001,C0495,T19385,688.0,2027-05-24
SHOP_001,C0660,T19386,424.0,2027-05-24
SHOP_001,C0950,T19387,671.0,2027-05-24
SHOP_001,C0867,T19388,485.0,2027-05-24
SHOP_001,C0713,T19389,965.0,2027-05-24
SHOP_001,C0966,T19390,627.0,2027-05-24
SHOP_001,C0663,T19391,745.0,2027-05-24
SHOP_001,C0950,T19392,444.0,2027-05-24
SHOP_001,C0657,T19393,709.0,2027-05-24
SHOP_001,C0140,T19394,508.0,2027-05-24
SHOP_001,C0694,T19395,1008.0,2027-05-24
SHOP_001,C0186,T19396,477.0,2027-05-24
SHOP_001,C0352,T19397,785.0,2027-05-24
SHOP_001,C0355,T19398,635.0,2027-05-25
SHOP_001,C0518,T19399,518.0,2027-05-25
SHOP_001,C0343,T19400,459.0,2027-05-25
SHOP_001,C0724,T19401,551.0,2027-05-25
SHOP_001,C0997,T19402,755.0,2027-05-25
SHOP_001,C0495,T19403,817.0,2027-05-25
SHOP_001,C0227,T19404,469.0,2027-05-25
SHOP_001,C0965,T19405,827.0,2027-05-25
SHOP_001,C0560,T19406,679.0,2027-05-25
SHOP_001,C0211,T19407,581.0,2027-05-25
SHOP_001,C0601,T19408,316.0,2027-05-25
SHOP_001,C0409,T19409,559.0,2027-05-25
SHOP_001,C0763,T19410,467.0,2027-05-25
SHOP_001,C0176,T19411,587.0,2027-05-25
SHOP_001,C0464,T19412,329.0,2027-05-25
SHOP_001,C0644,T19413,802.0,2027-05-25
SHOP_001,C0714,T19414,798.0,2027-05-25
SHOP_001,C0135,T19415,572.0,2027-05-25
SHOP_001,C0924,T19416,569.0,2027-05-25
SHOP_001,C0464,T19417,568.0,2027-05-25
SHOP_001,C0999,T19418,569.0,2027-05-25
SHOP_001,C0657,T19419,1103.0,2027-05-25
SHOP_001,C0166,T19420,608.0,2027-05-25
SHOP_001,C0539,T19421,580.0,2027-05-25
SHOP_001,C0098,T19422,496.0,2027-05-25
SHOP_001,C0014,T19423,703.0,2027-05-25
SHOP_001,C0874,T19424,657.0,2027-05-25
SHOP_001,C0768,T19425,664.0,2027-05-26
SHOP_001,C0768,T19426,799.0,2027-05-26
SHOP_001,C0228,T19427,602.0,2027-05-26
SHOP_001,C0677,T19428,1128.0,2027-05-26
SHOP_001,C0228,T19429,543.0,2027-05-26
SHOP_001,C0440,T19430,855.0,2027-05-26
SHOP_001,C0667,T19431,543.0,2027-05-26
SHOP_001,C0495,T19432,275.0,2027-05-26
SHOP_001,C0877,T19433,476.0,2027-05-26
SHOP_001,C0736,T19434,677.0,2027-05-26
SHOP_001,C0517,T19435,308.0,2027-05-26
SHOP_001,C0877,T19436,359.0,2027-05-26
SHOP_001,C0459,T19437,1117.0,2027-05-26
SHOP_001,C0264,T19438,348.0,2027-05-26
SHOP_001,C0666,T19439,570.0,2027-05-26
SHOP_001,C0677,T19440,1074.0,2027-05-26
SHOP_001,C0763,T19441,582.0,2027-05-26
SHOP_001,C0435,T19442,660.0,2027-05-26
SHOP_001,C0939,T19443,282.0,2027-05-26
SHOP_001,C0710,T19444,540.0,2027-05-26
SHOP_001,C0826,T19445,470.0,2027-05-26
SHOP_001,C0394,T19446,514.0,2027-05-26
SHOP_001,C0399,T19447,394.0,2027-05-26
SHOP_001,C0396,T19448,242.0,2027-05-26
SHOP_001,C0399,T19449,328.0,2027-05-26
SHOP_001,C0296,T19450,353.0,2027-05-26
SHOP_001,C0785,T19451,309.0,2027-05-27
SHOP_001,C0848,T19452,732.0,2027-05-27
SHOP_001,C0619,T19453,449.0,2027-05-27
SHOP_001,C0718,T19454,560.0,2027-05-27
SHOP_001,C0214,T19455,809.0,2027-05-27
SHOP_001,C0625,T19456,332.0,2027-05-27
SHOP_001,C0666,T19457,595.0,2027-05-27
SHOP_001,C0397,T19458,505.0,2027-05-27
SHOP_001,C0622,T19459,459.0,2027-05-27
SHOP_001,C0968,T19460,352.0,2027-05-27
SHOP_001,C0224,T19461,780.0,2027-05-27
SHOP_001,C0359,T19462,1156.0,2027-05-27
SHOP_001,C0671,T19463,730.0,2027-05-27
SHOP_001,C0019,T19464,636.0,2027-05-27
SHOP_001,C0626,T19465,593.0,2027-05-27
SHOP_001,C0541,T19466,433.0,2027-05-27
SHOP_001,C0782,T19467,490.0,2027-05-27
SHOP_001,C0180,T19468,712.0,2027-05-27
SHOP_001,C0567,T19469,444.0,2027-05-27
SHOP_001,C0732,T19470,518.0,2027-05-27
SHOP_001,C0435,T19471,1561.0,2027-05-27
SHOP_001,C0777,T19472,403.0,2027-05-27
SHOP_001,C0862,T19473,624.0,2027-05-27
SHOP_001,C0666,T19474,396.0,2027-05-27
SHOP_001,C0295,T19475,294.0,2027-05-27
SHOP_001,C0768,T19476,716.0,2027-05-27
SHOP_001,C0810,T19477,510.0,2027-05-27
SHOP_001,C0279,T19478,542.0,2027-05-27
SHOP_001,C0493,T19479,590.0,2027-05-27
SHOP_001,C0556,T19480,719.0,2027-05-28
SHOP_001,C0229,T19481,684.0,2027-05-28
SHOP_001,C0066,T19482,529.0,2027-05-28
SHOP_001,C0940,T19483,686.0,2027-05-28
SHOP_001,C0078,T19484,484.0,2027-05-28
SHOP_001,C0732,T19485,784.0,2027-05-28
SHOP_001,C0681,T19486,296.0,2027-05-28
SHOP_001,C0477,T19487,866.0,2027-05-28
SHOP_001,C0793,T19488,779.0,2027-05-28
SHOP_001,C0285,T19489,736.0,2027-05-28
SHOP_001,C0590,T19490,514.0,2027-05-28
SHOP_001,C0719,T19491,625.0,2027-05-28
SHOP_001,C0607,T19492,891.0,2027-05-28
SHOP_001,C0066,T19493,357.0,2027-05-28
SHOP_001,C0476,T19494,210.0,2027-05-28
SHOP_001,C0671,T19495,1169.0,2027-05-28
SHOP_001,C0223,T19496,901.0,2027-05-28
SHOP_001,C0926,T19497,689.0,2027-05-28
SHOP_001,C0679,T19498,848.0,2027-05-28
SHOP_001,C0073,T19499,368.0,2027-05-28
SHOP_001,C0719,T19500,407.0,2027-05-28
SHOP_001,C0703,T19501,601.0,2027-05-28
SHOP_001,C0738,T19502,612.0,2027-05-28
SHOP_001,C0078,T19503,669.0,2027-05-28
SHOP_001,C0322,T19504,680.0,2027-05-28
SHOP_001,C0063,T19505,369.0,2027-05-28
SHOP_001,C0128,T19506,543.0,2027-05-28
SHOP_001,C0940,T19507,399.0,2027-05-28
SHOP_001,C0084,T19508,794.0,2027-05-28
SHOP_001,C0648,T19509,441.0,2027-05-28
SHOP_001,C0753,T19510,873.0,2027-05-28
SHOP_001,C0946,T19511,544.0,2027-05-28
SHOP_001,C0670,T19512,547.0,2027-05-28
SHOP_001,C0854,T19513,516.0,2027-05-28
SHOP_001,C0739,T19514,957.0,2027-05-28
SHOP_001,C0872,T19515,1176.0,2027-05-28
SHOP_001,C0586,T19516,752.0,2027-05-29
SHOP_001,C0106,T19517,609.0,2027-05-29
SHOP_001,C0325,T19518,566.0,2027-05-29
SHOP_001,C0583,T19519,219.0,2027-05-29
SHOP_001,C0119,T19520,889.0,2027-05-29
SHOP_001,C0768,T19521,915.0,2027-05-29
SHOP_001,C0490,T19522,456.0,2027-05-29
SHOP_001,C0809,T19523,463.0,2027-05-29
SHOP_001,C0809,T19524,650.0,2027-05-29
SHOP_001,C0809,T19525,579.0,2027-05-29
SHOP_001,C0109,T19526,675.0,2027-05-29
SHOP_001,C0153,T19527,1235.0,2027-05-29
SHOP_001,C0768,T19528,1041.0,2027-05-29
SHOP_001,C0636,T19529,792.0,2027-05-29
SHOP_001,C0780,T19530,613.0,2027-05-29
SHOP_001,C0496,T19531,809.0,2027-05-29
SHOP_001,C0879,T19532,1525.0,2027-05-29
SHOP_001,C0027,T19533,539.0,2027-05-29
SHOP_001,C0359,T19534,743.0,2027-05-29
SHOP_001,C0542,T19535,867.0,2027-05-29
SHOP_001,C0950,T19536,666.0,2027-05-29
SHOP_001,C0973,T19537,655.0,2027-05-29
SHOP_001,C0048,T19538,569.0,2027-05-29
SHOP_001,C0753,T19539,702.0,2027-05-29
SHOP_001,C0732,T19540,619.0,2027-05-29
SHOP_001,C0936,T19541,707.0,2027-05-29
SHOP_001,C0288,T19542,705.0,2027-05-29
SHOP_001,C0089,T19543,413.0,2027-05-29
SHOP_001,C0219,T19544,810.0,2027-05-29
SHOP_001,C0763,T19545,861.0,2027-05-29
SHOP_001,C0105,T19546,417.0,2027-05-29
SHOP_001,C0218,T19547,547.0,2027-05-29
SHOP_001,C0652,T19548,824.0,2027-05-29
SHOP_001,C0181,T19549,448.0,2027-05-29
SHOP_001,C0648,T19550,701.0,2027-05-29
SHOP_001,C0528,T19551,800.0,2027-05-29
SHOP_001,C0687,T19552,383.0,2027-05-30
SHOP_001,C0360,T19553,310.0,2027-05-30
SHOP_001,C0498,T19554,700.0,2027-05-30
SHOP_001,C0401,T19555,889.0,2027-05-30
SHOP_001,C0848,T19556,738.0,2027-05-30
SHOP_001,C0353,T19557,518.0,2027-05-30
SHOP_001,C0672,T19558,457.0,2027-05-30
SHOP_001,C0352,T19559,343.0,2027-05-30
SHOP_001,C0486,T19560,697.0,2027-05-30
SHOP_001,C0180,T19561,839.0,2027-05-30
SHOP_001,C0324,T19562,356.0,2027-05-30
SHOP_001,C0458,T19563,580.0,2027-05-30
SHOP_001,C0181,T19564,432.0,2027-05-30
SHOP_001,C0495,T19565,1279.0,2027-05-30
SHOP_001,C0308,T19566,664.0,2027-05-30
SHOP_001,C0939,T19567,432.0,2027-05-30
SHOP_001,C0028,T19568,455.0,2027-05-30
SHOP_001,C0768,T19569,763.0,2027-05-30
SHOP_001,C0590,T19570,1183.0,2027-05-30
SHOP_001,C0990,T19571,670.0,2027-05-30
SHOP_001,C0461,T19572,488.0,2027-05-30
SHOP_001,C0490,T19573,446.0,2027-05-30
SHOP_001,C0288,T19574,1323.0,2027-05-30
SHOP_001,C0344,T19575,319.0,2027-05-30
SHOP_001,C0805,T19576,514.0,2027-05-30
SHOP_001,C0762,T19577,487.0,2027-05-30
SHOP_001,C0927,T19578,682.0,2027-05-31
SHOP_001,C0793,T19579,560.0,2027-05-31
SHOP_001,C0352,T19580,773.0,2027-05-31
SHOP_001,C0019,T19581,592.0,2027-05-31
SHOP_001,C0468,T19582,1475.0,2027-05-31
SHOP_001,C0784,T19583,438.0,2027-05-31
SHOP_001,C0276,T19584,344.0,2027-05-31
SHOP_001,C0499,T19585,476.0,2027-05-31
SHOP_001,C0898,T19586,589.0,2027-05-31
SHOP_001,C0679,T19587,578.0,2027-05-31
SHOP_001,C0894,T19588,416.0,2027-05-31
SHOP_001,C0030,T19589,779.0,2027-05-31
SHOP_001,C0211,T19590,656.0,2027-05-31
SHOP_001,C0967,T19591,434.0,2027-05-31
SHOP_001,C0848,T19592,845.0,2027-05-31
SHOP_001,C0693,T19593,958.0,2027-05-31
SHOP_001,C0809,T19594,561.0,2027-05-31
SHOP_001,C0440,T19595,544.0,2027-05-31
SHOP_001,C0671,T19596,782.0,2027-06-01
SHOP_001,C0901,T19597,478.0,2027-06-01
SHOP_001,C0392,T19598,411.0,2027-06-01
SHOP_001,C0901,T19599,807.0,2027-06-01
SHOP_001,C0693,T19600,881.0,2027-06-01
SHOP_001,C0019,T19601,543.0,2027-06-01
SHOP_001,C0841,T19602,456.0,2027-06-01
SHOP_001,C0378,T19603,920.0,2027-06-01
SHOP_001,C0767,T19604,278.0,2027-06-01
SHOP_001,C0546,T19605,1004.0,2027-06-01
SHOP_001,C0943,T19606,792.0,2027-06-01
SHOP_001,C0427,T19607,336.0,2027-06-01
SHOP_001,C0294,T19608,450.0,2027-06-01
SHOP_001,C0745,T19609,645.0,2027-06-01
SHOP_001,C0707,T19610,1116.0,2027-06-01
SHOP_001,C0661,T19611,459.0,2027-06-01
SHOP_001,C0535,T19612,416.0,2027-06-01
SHOP_001,C0805,T19613,556.0,2027-06-01
SHOP_001,C0808,T19614,560.0,2027-06-01
SHOP_001,C0673,T19615,442.0,2027-06-01
SHOP_001,C0791,T19616,497.0,2027-06-01
SHOP_001,C0014,T19617,552.0,2027-06-01
SHOP_001,C0457,T19618,275.0,2027-06-01
SHOP_001,C0534,T19619,618.0,2027-06-01
SHOP_001,C0714,T19620,455.0,2027-06-01
SHOP_001,C0028,T19621,560.0,2027-06-01
SHOP_001,C0122,T19622,597.0,2027-06-02
SHOP_001,C0353,T19623,843.0,2027-06-02
SHOP_001,C0737,T19624,908.0,2027-06-02
SHOP_001,C0505,T19625,566.0,2027-06-02
SHOP_001,C0084,T19626,477.0,2027-06-02
SHOP_001,C0229,T19627,955.0,2027-06-02
SHOP_001,C0599,T19628,1071.0,2027-06-02
SHOP_001,C0648,T19629,392.0,2027-06-02
SHOP_001,C0201,T19630,1853.0,2027-06-02
SHOP_001,C0176,T19631,931.0,2027-06-02
SHOP_001,C0992,T19632,467.0,2027-06-02
SHOP_001,C0593,T19633,399.0,2027-06-02
SHOP_001,C0086,T19634,845.0,2027-06-02
SHOP_001,C0670,T19635,427.0,2027-06-02
SHOP_001,C0782,T19636,505.0,2027-06-02
SHOP_001,C0109,T19637,692.0,2027-06-02
SHOP_001,C0492,T19638,830.0,2027-06-02
SHOP_001,C0678,T19639,276.0,2027-06-02
SHOP_001,C0181,T19640,466.0,2027-06-02
SHOP_001,C0646,T19641,394.0,2027-06-02
SHOP_001,C0271,T19642,525.0,2027-06-02
SHOP_001,C0919,T19643,777.0,2027-06-02
SHOP_001,C0754,T19644,591.0,2027-06-02
SHOP_001,C0227,T19645,342.0,2027-06-02
SHOP_001,C0811,T19646,308.0,2027-06-02
SHOP_001,C0679,T19647,879.0,2027-06-02
SHOP_001,C0468,T19648,851.0,2027-06-02
SHOP_001,C0459,T19649,812.0,2027-06-02
SHOP_001,C0648,T19650,431.0,2027-06-02
SHOP_001,C0220,T19651,603.0,2027-06-02
SHOP_001,C0084,T19652,918.0,2027-06-02
SHOP_001,C0142,T19653,503.0,2027-06-03
SHOP_001,C0882,T19654,228.0,2027-06-03
SHOP_001,C0295,T19655,484.0,2027-06-03
SHOP_001,C0211,T19656,594.0,2027-06-03
SHOP_001,C0908,T19657,430.0,2027-06-03
SHOP_001,C0800,T19658,344.0,2027-06-03
SHOP_001,C0848,T19659,637.0,2027-06-03
SHOP_001,C0080,T19660,1428.0,2027-06-03
SHOP_001,C0301,T19661,423.0,2027-06-03
SHOP_001,C0460,T19662,310.0,2027-06-03
SHOP_001,C0505,T19663,478.0,2027-06-03
SHOP_001,C0509,T19664,528.0,2027-06-03
SHOP_001,C0308,T19665,793.0,2027-06-03
SHOP_001,C0870,T19666,332.0,2027-06-03
SHOP_001,C0528,T19667,299.0,2027-06-03
SHOP_001,C0531,T19668,854.0,2027-06-03
SHOP_001,C0433,T19669,418.0,2027-06-03
SHOP_001,C0366,T19670,522.0,2027-06-03
SHOP_001,C0089,T19671,369.0,2027-06-03
SHOP_001,C0805,T19672,590.0,2027-06-03
SHOP_001,C0258,T19673,390.0,2027-06-03
SHOP_001,C0407,T19674,803.0,2027-06-03
SHOP_001,C0008,T19675,931.0,2027-06-03
SHOP_001,C0881,T19676,494.0,2027-06-04
SHOP_001,C0435,T19677,1277.0,2027-06-04
SHOP_001,C0157,T19678,367.0,2027-06-04
SHOP_001,C0927,T19679,748.0,2027-06-04
SHOP_001,C0830,T19680,627.0,2027-06-04
SHOP_001,C0242,T19681,770.0,2027-06-04
SHOP_001,C0490,T19682,472.0,2027-06-04
SHOP_001,C0552,T19683,734.0,2027-06-04
SHOP_001,C0655,T19684,436.0,2027-06-04
SHOP_001,C0205,T19685,628.0,2027-06-04
SHOP_001,C0294,T19686,402.0,2027-06-04
SHOP_001,C0174,T19687,452.0,2027-06-04
SHOP_001,C0646,T19688,1221.0,2027-06-04
SHOP_001,C0498,T19689,613.0,2027-06-04
SHOP_001,C0808,T19690,591.0,2027-06-04
SHOP_001,C0763,T19691,534.0,2027-06-04
SHOP_001,C0891,T19692,1082.0,2027-06-04
SHOP_001,C0432,T19693,630.0,2027-06-04
SHOP_001,C0711,T19694,740.0,2027-06-04
SHOP_001,C0625,T19695,660.0,2027-06-04
SHOP_001,C0690,T19696,346.0,2027-06-04
SHOP_001,C0322,T19697,708.0,2027-06-04
SHOP_001,C0493,T19698,647.0,2027-06-04
SHOP_001,C0524,T19699,572.0,2027-06-04
SHOP_001,C0078,T19700,972.0,2027-06-04
SHOP_001,C0157,T19701,531.0,2027-06-04
SHOP_001,C0901,T19702,516.0,2027-06-04
SHOP_001,C0901,T19703,432.0,2027-06-04
SHOP_001,C0768,T19704,740.0,2027-06-04
SHOP_001,C0812,T19705,195.0,2027-06-05
SHOP_001,C0718,T19706,972.0,2027-06-05
SHOP_001,C0078,T19707,901.0,2027-06-05
SHOP_001,C0066,T19708,675.0,2027-06-05
SHOP_001,C0294,T19709,341.0,2027-06-05
SHOP_001,C0475,T19710,537.0,2027-06-05
SHOP_001,C0087,T19711,531.0,2027-06-05
SHOP_001,C0109,T19712,440.0,2027-06-05
SHOP_001,C0198,T19713,561.0,2027-06-05
SHOP_001,C0408,T19714,549.0,2027-06-05
SHOP_001,C0246,T19715,655.0,2027-06-05
SHOP_001,C0943,T19716,554.0,2027-06-05
SHOP_001,C0670,T19717,688.0,2027-06-05
SHOP_001,C0874,T19718,485.0,2027-06-05
SHOP_001,C0943,T19719,803.0,2027-06-05
SHOP_001,C0158,T19720,512.0,2027-06-05
SHOP_001,C0206,T19721,567.0,2027-06-05
SHOP_001,C0379,T19722,451.0,2027-06-05
SHOP_001,C0030,T19723,455.0,2027-06-05
SHOP_001,C0235,T19724,623.0,2027-06-05
SHOP_001,C0352,T19725,660.0,2027-06-05
SHOP_001,C0659,T19726,1203.0,2027-06-05
SHOP_001,C0535,T19727,506.0,2027-06-05
SHOP_001,C0562,T19728,670.0,2027-06-05
SHOP_001,C0900,T19729,563.0,2027-06-05
SHOP_001,C0123,T19730,363.0,2027-06-05
SHOP_001,C0447,T19731,349.0,2027-06-05
SHOP_001,C0943,T19732,317.0,2027-06-05
SHOP_001,C0169,T19733,793.0,2027-06-05
SHOP_001,C0967,T19734,478.0,2027-06-05
SHOP_001,C0067,T19735,874.0,2027-06-05
SHOP_001,C0956,T19736,919.0,2027-06-05
SHOP_001,C0211,T19737,284.0,2027-06-05
SHOP_001,C0078,T19738,417.0,2027-06-05
SHOP_001,C0611,T19739,694.0,2027-06-05
SHOP_001,C0174,T19740,804.0,2027-06-06
SHOP_001,C0850,T19741,903.0,2027-06-06
SHOP_001,C0670,T19742,323.0,2027-06-06
SHOP_001,C0248,T19743,909.0,2027-06-06
SHOP_001,C0071,T19744,917.0,2027-06-06
SHOP_001,C0512,T19745,545.0,2027-06-06
SHOP_001,C0598,T19746,349.0,2027-06-06
SHOP_001,C0487,T19747,633.0,2027-06-06
SHOP_001,C0732,T19748,548.0,2027-06-06
SHOP_001,C0518,T19749,646.0,2027-06-06
SHOP_001,C0708,T19750,644.0,2027-06-06
SHOP_001,C0123,T19751,499.0,2027-06-06
SHOP_001,C0359,T19752,588.0,2027-06-06
SHOP_001,C0557,T19753,335.0,2027-06-06
SHOP_001,C0211,T19754,567.0,2027-06-06
SHOP_001,C0142,T19755,288.0,2027-06-06
SHOP_001,C0112,T19756,712.0,2027-06-06
SHOP_001,C0557,T19757,392.0,2027-06-06
SHOP_001,C0707,T19758,670.0,2027-06-06
SHOP_001,C0174,T19759,666.0,2027-06-06
SHOP_001,C0343,T19760,321.0,2027-06-06
SHOP_001,C0985,T19761,940.0,2027-06-06
SHOP_001,C0835,T19762,400.0,2027-06-06
SHOP_001,C0280,T19763,532.0,2027-06-06
SHOP_001,C0294,T19764,544.0,2027-06-06
SHOP_001,C0042,T19765,779.0,2027-06-06
SHOP_001,C0699,T19766,632.0,2027-06-06
SHOP_001,C0966,T19767,638.0,2027-06-06
SHOP_001,C0123,T19768,1006.0,2027-06-06
SHOP_001,C0360,T19769,502.0,2027-06-06
SHOP_001,C0808,T19770,590.0,2027-06-06
SHOP_001,C0448,T19771,864.0,2027-06-06
SHOP_001,C0353,T19772,702.0,2027-06-06
SHOP_001,C0990,T19773,513.0,2027-06-06
SHOP_001,C0805,T19774,521.0,2027-06-06
SHOP_001,C0033,T19775,497.0,2027-06-06
SHOP_001,C0771,T19776,691.0,2027-06-06
SHOP_001,C0452,T19777,862.0,2027-06-06
SHOP_001,C0288,T19778,511.0,2027-06-06
SHOP_001,C0809,T19779,493.0,2027-06-06
SHOP_001,C0080,T19780,903.0,2027-06-06
SHOP_001,C0621,T19781,714.0,2027-06-06
SHOP_001,C0692,T19782,425.0,2027-06-07
SHOP_001,C0197,T19783,581.0,2027-06-07
SHOP_001,C0396,T19784,1036.0,2027-06-07
SHOP_001,C0318,T19785,205.0,2027-06-07
SHOP_001,C0150,T19786,618.0,2027-06-07
SHOP_001,C0988,T19787,495.0,2027-06-07
SHOP_001,C0685,T19788,333.0,2027-06-07
SHOP_001,C0263,T19789,637.0,2027-06-07
SHOP_001,C0809,T19790,857.0,2027-06-07
SHOP_001,C0590,T19791,784.0,2027-06-07
SHOP_001,C0084,T19792,424.0,2027-06-07
SHOP_001,C0469,T19793,787.0,2027-06-07
SHOP_001,C0014,T19794,671.0,2027-06-07
SHOP_001,C0584,T19795,511.0,2027-06-07
SHOP_001,C0354,T19796,256.0,2027-06-07
SHOP_001,C0433,T19797,246.0,2027-06-07
SHOP_001,C0985,T19798,496.0,2027-06-07
SHOP_001,C0611,T19799,854.0,2027-06-07
SHOP_001,C0924,T19800,510.0,2027-06-07
SHOP_001,C0477,T19801,444.0,2027-06-07
SHOP_001,C0670,T19802,534.0,2027-06-07
SHOP_001,C0426,T19803,302.0,2027-06-07
SHOP_001,C0782,T19804,443.0,2027-06-07
SHOP_001,C0329,T19805,536.0,2027-06-07
SHOP_001,C0451,T19806,428.0,2027-06-07
SHOP_001,C0005,T19807,689.0,2027-06-07
SHOP_001,C0289,T19808,554.0,2027-06-07
SHOP_001,C0724,T19809,522.0,2027-06-07
SHOP_001,C0943,T19810,532.0,2027-06-07
SHOP_001,C0325,T19811,406.0,2027-06-07
SHOP_001,C0966,T19812,467.0,2027-06-07
SHOP_001,C0174,T19813,653.0,2027-06-07
SHOP_001,C0030,T19814,641.0,2027-06-07
SHOP_001,C0665,T19815,265.0,2027-06-08
SHOP_001,C0322,T19816,412.0,2027-06-08
SHOP_001,C0933,T19817,564.0,2027-06-08
SHOP_001,C0584,T19818,430.0,2027-06-08
SHOP_001,C0286,T19819,383.0,2027-06-08
SHOP_001,C0648,T19820,325.0,2027-06-08
SHOP_001,C0181,T19821,555.0,2027-06-08
SHOP_001,C0129,T19822,352.0,2027-06-08
SHOP_001,C0706,T19823,607.0,2027-06-08
SHOP_001,C0266,T19824,374.0,2027-06-08
SHOP_001,C0360,T19825,405.0,2027-06-08
SHOP_001,C0847,T19826,397.0,2027-06-08
SHOP_001,C0295,T19827,727.0,2027-06-08
SHOP_001,C0105,T19828,538.0,2027-06-08
SHOP_001,C0290,T19829,426.0,2027-06-08
SHOP_001,C0527,T19830,648.0,2027-06-08
SHOP_001,C0469,T19831,519.0,2027-06-08
SHOP_001,C0142,T19832,659.0,2027-06-08
SHOP_001,C0716,T19833,714.0,2027-06-09
SHOP_001,C0362,T19834,1006.0,2027-06-09
SHOP_001,C0648,T19835,368.0,2027-06-09
SHOP_001,C0388,T19836,623.0,2027-06-09
SHOP_001,C0180,T19837,460.0,2027-06-09
SHOP_001,C0135,T19838,350.0,2027-06-09
SHOP_001,C0254,T19839,300.0,2027-06-09
SHOP_001,C0919,T19840,556.0,2027-06-09
SHOP_001,C0967,T19841,455.0,2027-06-09
SHOP_001,C0435,T19842,775.0,2027-06-09
SHOP_001,C0396,T19843,653.0,2027-06-09
SHOP_001,C0997,T19844,661.0,2027-06-09
SHOP_001,C0349,T19845,723.0,2027-06-09
SHOP_001,C0219,T19846,1205.0,2027-06-09
SHOP_001,C0162,T19847,490.0,2027-06-09
SHOP_001,C0266,T19848,333.0,2027-06-09
SHOP_001,C0129,T19849,433.0,2027-06-09
SHOP_001,C0305,T19850,685.0,2027-06-09
SHOP_001,C0873,T19851,1084.0,2027-06-09
SHOP_001,C0866,T19852,309.0,2027-06-09
SHOP_001,C0345,T19853,917.0,2027-06-09
SHOP_001,C0351,T19854,541.0,2027-06-10
SHOP_001,C0248,T19855,292.0,2027-06-10
SHOP_001,C0846,T19856,621.0,2027-06-10
SHOP_001,C0525,T19857,762.0,2027-06-10
SHOP_001,C0498,T19858,631.0,2027-06-10
SHOP_001,C0139,T19859,405.0,2027-06-10
SHOP_001,C0353,T19860,787.0,2027-06-10
SHOP_001,C0848,T19861,1217.0,2027-06-10
SHOP_001,C0264,T19862,485.0,2027-06-10
SHOP_001,C0322,T19863,425.0,2027-06-10
SHOP_001,C0308,T19864,676.0,2027-06-10
SHOP_001,C0142,T19865,593.0,2027-06-10
SHOP_001,C0142,T19866,568.0,2027-06-10
SHOP_001,C0197,T19867,386.0,2027-06-10
SHOP_001,C0790,T19868,734.0,2027-06-10
SHOP_001,C0692,T19869,395.0,2027-06-10
SHOP_001,C0610,T19870,963.0,2027-06-10
SHOP_001,C0370,T19871,339.0,2027-06-10
SHOP_001,C0768,T19872,607.0,2027-06-10
SHOP_001,C0610,T19873,905.0,2027-06-10
SHOP_001,C0670,T19874,687.0,2027-06-10
SHOP_001,C0800,T19875,455.0,2027-06-10
SHOP_001,C0781,T19876,533.0,2027-06-10
SHOP_001,C0091,T19877,488.0,2027-06-10
SHOP_001,C0568,T19878,386.0,2027-06-10
SHOP_001,C0128,T19879,410.0,2027-06-10
SHOP_001,C0626,T19880,597.0,2027-06-10
SHOP_001,C0510,T19881,548.0,2027-06-10
SHOP_001,C0981,T19882,304.0,2027-06-11
SHOP_001,C0433,T19883,559.0,2027-06-11
SHOP_001,C0188,T19884,360.0,2027-06-11
SHOP_001,C0993,T19885,1329.0,2027-06-11
SHOP_001,C0408,T19886,1174.0,2027-06-11
SHOP_001,C0768,T19887,894.0,2027-06-11
SHOP_001,C0530,T19888,423.0,2027-06-11
SHOP_001,C0353,T19889,900.0,2027-06-11
SHOP_001,C0294,T19890,470.0,2027-06-11
SHOP_001,C0598,T19891,419.0,2027-06-11
SHOP_001,C0005,T19892,675.0,2027-06-11
SHOP_001,C0997,T19893,891.0,2027-06-11
SHOP_001,C0761,T19894,608.0,2027-06-11
SHOP_001,C0276,T19895,543.0,2027-06-11
SHOP_001,C0848,T19896,1190.0,2027-06-11
SHOP_001,C0106,T19897,372.0,2027-06-11
SHOP_001,C0714,T19898,1102.0,2027-06-11
SHOP_001,C0808,T19899,605.0,2027-06-11
SHOP_001,C0894,T19900,416.0,2027-06-11
SHOP_001,C0767,T19901,567.0,2027-06-11
SHOP_001,C0734,T19902,437.0,2027-06-11
SHOP_001,C0862,T19903,537.0,2027-06-11
SHOP_001,C0791,T19904,542.0,2027-06-11
SHOP_001,C0967,T19905,787.0,2027-06-11
SHOP_001,C0129,T19906,691.0,2027-06-11
SHOP_001,C0807,T19907,643.0,2027-06-11
SHOP_001,C0793,T19908,534.0,2027-06-11
SHOP_001,C0205,T19909,939.0,2027-06-11
SHOP_001,C0671,T19910,966.0,2027-06-11
SHOP_001,C0352,T19911,593.0,2027-06-11
SHOP_001,C0644,T19912,324.0,2027-06-11
SHOP_001,C0408,T19913,816.0,2027-06-12
SHOP_001,C0918,T19914,371.0,2027-06-12
SHOP_001,C0017,T19915,635.0,2027-06-12
SHOP_001,C0838,T19916,1112.0,2027-06-12
SHOP_001,C0031,T19917,410.0,2027-06-12
SHOP_001,C0969,T19918,255.0,2027-06-12
SHOP_001,C0606,T19919,631.0,2027-06-12
SHOP_001,C0539,T19920,634.0,2027-06-12
SHOP_001,C0648,T19921,445.0,2027-06-12
SHOP_001,C0931,T19922,400.0,2027-06-12
SHOP_001,C0987,T19923,328.0,2027-06-12
SHOP_001,C0578,T19924,414.0,2027-06-12
SHOP_001,C0592,T19925,870.0,2027-06-12
SHOP_001,C0647,T19926,1555.0,2027-06-12
SHOP_001,C0618,T19927,577.0,2027-06-12
SHOP_001,C0950,T19928,712.0,2027-06-12
SHOP_001,C0320,T19929,425.0,2027-06-12
SHOP_001,C0940,T19930,263.0,2027-06-12
SHOP_001,C0254,T19931,662.0,2027-06-12
SHOP_001,C0780,T19932,943.0,2027-06-12
SHOP_001,C0456,T19933,501.0,2027-06-12
SHOP_001,C0468,T19934,721.0,2027-06-12
SHOP_001,C0169,T19935,725.0,2027-06-12
SHOP_001,C0158,T19936,639.0,2027-06-12
SHOP_001,C0809,T19937,762.0,2027-06-12
SHOP_001,C0997,T19938,779.0,2027-06-12
SHOP_001,C0872,T19939,1214.0,2027-06-12
SHOP_001,C0353,T19940,1074.0,2027-06-12
SHOP_001,C0927,T19941,589.0,2027-06-12
SHOP_001,C0744,T19942,620.0,2027-06-12
SHOP_001,C0609,T19943,1155.0,2027-06-12
SHOP_001,C0273,T19944,278.0,2027-06-12
SHOP_001,C0539,T19945,373.0,2027-06-12
SHOP_001,C0036,T19946,908.0,2027-06-12
SHOP_001,C0014,T19947,627.0,2027-06-12
SHOP_001,C0808,T19948,667.0,2027-06-12
SHOP_001,C0308,T19949,638.0,2027-06-13
SHOP_001,C0997,T19950,1022.0,2027-06-13
SHOP_001,C0935,T19951,450.0,2027-06-13
SHOP_001,C0027,T19952,766.0,2027-06-13
SHOP_001,C0490,T19953,524.0,2027-06-13
SHOP_001,C0288,T19954,518.0,2027-06-13
SHOP_001,C0211,T19955,242.0,2027-06-13
SHOP_001,C0679,T19956,674.0,2027-06-13
SHOP_001,C0353,T19957,844.0,2027-06-13
SHOP_001,C0254,T19958,329.0,2027-06-13
SHOP_001,C0354,T19959,275.0,2027-06-13
SHOP_001,C0459,T19960,593.0,2027-06-13
SHOP_001,C0294,T19961,414.0,2027-06-13
SHOP_001,C0295,T19962,514.0,2027-06-13
SHOP_001,C0286,T19963,477.0,2027-06-13
SHOP_001,C0227,T19964,898.0,2027-06-13
SHOP_001,C0677,T19965,974.0,2027-06-13
SHOP_001,C0512,T19966,519.0,2027-06-13
SHOP_001,C0901,T19967,499.0,2027-06-13
SHOP_001,C0089,T19968,726.0,2027-06-13
SHOP_001,C0174,T19969,869.0,2027-06-13
SHOP_001,C0374,T19970,1298.0,2027-06-13
SHOP_001,C0468,T19971,838.0,2027-06-13
SHOP_001,C0883,T19972,498.0,2027-06-13
SHOP_001,C0019,T19973,1197.0,2027-06-13
SHOP_001,C0925,T19974,900.0,2027-06-13
SHOP_001,C0493,T19975,878.0,2027-06-13
SHOP_001,C0116,T19976,900.0,2027-06-13
SHOP_001,C0459,T19977,661.0,2027-06-13
SHOP_001,C0901,T19978,391.0,2027-06-13
SHOP_001,C0738,T19979,473.0,2027-06-13
SHOP_001,C0973,T19980,905.0,2027-06-13
SHOP_001,C0106,T19981,560.0,2027-06-13
SHOP_001,C0604,T19982,734.0,2027-06-13
SHOP_001,C0427,T19983,511.0,2027-06-13
SHOP_001,C0609,T19984,686.0,2027-06-13
SHOP_001,C0477,T19985,573.0,2027-06-13
SHOP_001,C0307,T19986,1276.0,2027-06-13
SHOP_001,C0352,T19987,931.0,2027-06-13
SHOP_001,C0394,T19988,598.0,2027-06-13
SHOP_001,C0872,T19989,617.0,2027-06-13
SHOP_001,C0347,T19990,407.0,2027-06-13
SHOP_001,C0496,T19991,1057.0,2027-06-13
SHOP_001,C0389,T19992,427.0,2027-06-13
SHOP_001,C0791,T19993,781.0,2027-06-14
SHOP_001,C0663,T19994,509.0,2027-06-14
SHOP_001,C0098,T19995,508.0,2027-06-14
SHOP_001,C0498,T19996,776.0,2027-06-14
SHOP_001,C0066,T19997,772.0,2027-06-14
SHOP_001,C0945,T19998,438.0,2027-06-14
SHOP_001,C0227,T19999,542.0,2027-06-14
SHOP_001,C0763,T20000,644.0,2027-06-14
SHOP_001,C0153,T20001,331.0,2027-06-14
SHOP_001,C0435,T20002,572.0,2027-06-14
SHOP_001,C0518,T20003,444.0,2027-06-14
SHOP_001,C0744,T20004,950.0,2027-06-14
SHOP_001,C0042,T20005,416.0,2027-06-14
SHOP_001,C0925,T20006,947.0,2027-06-14
SHOP_001,C0555,T20007,500.0,2027-06-14
SHOP_001,C0769,T20008,313.0,2027-06-14
SHOP_001,C0426,T20009,354.0,2027-06-14
SHOP_001,C0987,T20010,804.0,2027-06-14
SHOP_001,C0855,T20011,350.0,2027-06-14
SHOP_001,C0509,T20012,599.0,2027-06-14
SHOP_001,C0544,T20013,395.0,2027-06-14
SHOP_001,C0724,T20014,366.0,2027-06-14
SHOP_001,C0609,T20015,668.0,2027-06-14
SHOP_001,C0030,T20016,307.0,2027-06-14
SHOP_001,C0839,T20017,1274.0,2027-06-14
SHOP_001,C0950,T20018,630.0,2027-06-14
SHOP_001,C0802,T20019,596.0,2027-06-14
SHOP_001,C0049,T20020,680.0,2027-06-14
SHOP_001,C0503,T20021,575.0,2027-06-14
SHOP_001,C0285,T20022,445.0,2027-06-15
SHOP_001,C0525,T20023,1046.0,2027-06-15
SHOP_001,C0131,T20024,729.0,2027-06-15
SHOP_001,C0294,T20025,630.0,2027-06-15
SHOP_001,C0741,T20026,444.0,2027-06-15
SHOP_001,C0528,T20027,453.0,2027-06-15
SHOP_001,C0648,T20028,456.0,2027-06-15
SHOP_001,C0158,T20029,429.0,2027-06-15
SHOP_001,C0205,T20030,614.0,2027-06-15
SHOP_001,C0353,T20031,762.0,2027-06-15
SHOP_001,C0903,T20032,338.0,2027-06-15
SHOP_001,C0231,T20033,979.0,2027-06-15
SHOP_001,C0377,T20034,681.0,2027-06-15
SHOP_001,C0649,T20035,440.0,2027-06-15
SHOP_001,C0466,T20036,1259.0,2027-06-15
SHOP_001,C0839,T20037,742.0,2027-06-15
SHOP_001,C0515,T20038,512.0,2027-06-15
SHOP_001,C0187,T20039,668.0,2027-06-15
SHOP_001,C0466,T20040,1152.0,2027-06-15
SHOP_001,C0723,T20041,476.0,2027-06-15
SHOP_001,C0848,T20042,692.0,2027-06-15
SHOP_001,C0150,T20043,592.0,2027-06-15
SHOP_001,C0691,T20044,589.0,2027-06-16
SHOP_001,C0028,T20045,649.0,2027-06-16
SHOP_001,C0456,T20046,474.0,2027-06-16
SHOP_001,C0498,T20047,910.0,2027-06-16
SHOP_001,C0838,T20048,576.0,2027-06-16
SHOP_001,C0097,T20049,759.0,2027-06-16
SHOP_001,C0433,T20050,373.0,2027-06-16
SHOP_001,C0084,T20051,521.0,2027-06-16
SHOP_001,C0754,T20052,540.0,2027-06-16
SHOP_001,C0123,T20053,508.0,2027-06-16
SHOP_001,C0129,T20054,481.0,2027-06-16
SHOP_001,C0796,T20055,400.0,2027-06-16
SHOP_001,C0307,T20056,664.0,2027-06-16
SHOP_001,C0774,T20057,383.0,2027-06-16
SHOP_001,C0398,T20058,606.0,2027-06-16
SHOP_001,C0824,T20059,638.0,2027-06-16
SHOP_001,C0197,T20060,356.0,2027-06-16
SHOP_001,C0821,T20061,569.0,2027-06-16
SHOP_001,C0753,T20062,1037.0,2027-06-16
SHOP_001,C0259,T20063,335.0,2027-06-16
SHOP_001,C0343,T20064,256.0,2027-06-16
SHOP_001,C0965,T20065,813.0,2027-06-16
SHOP_001,C0638,T20066,818.0,2027-06-16
SHOP_001,C0213,T20067,352.0,2027-06-16
SHOP_001,C0323,T20068,400.0,2027-06-16
SHOP_001,C0919,T20069,894.0,2027-06-17
SHOP_001,C0667,T20070,681.0,2027-06-17
SHOP_001,C0080,T20071,508.0,2027-06-17
SHOP_001,C0254,T20072,381.0,2027-06-17
SHOP_001,C0901,T20073,413.0,2027-06-17
SHOP_001,C0782,T20074,541.0,2027-06-17
SHOP_001,C0780,T20075,850.0,2027-06-17
SHOP_001,C0755,T20076,1058.0,2027-06-17
SHOP_001,C0934,T20077,355.0,2027-06-17
SHOP_001,C0967,T20078,300.0,2027-06-17
SHOP_001,C0027,T20079,562.0,2027-06-17
SHOP_001,C0968,T20080,476.0,2027-06-17
SHOP_001,C0753,T20081,509.0,2027-06-17
SHOP_001,C0240,T20082,467.0,2027-06-17
SHOP_001,C0251,T20083,510.0,2027-06-17
SHOP_001,C0373,T20084,409.0,2027-06-17
SHOP_001,C0027,T20085,613.0,2027-06-17
SHOP_001,C0718,T20086,1194.0,2027-06-17
SHOP_001,C0015,T20087,664.0,2027-06-18
SHOP_001,C0752,T20088,476.0,2027-06-18
SHOP_001,C0406,T20089,630.0,2027-06-18
SHOP_001,C0384,T20090,619.0,2027-06-18
SHOP_001,C0105,T20091,709.0,2027-06-18
SHOP_001,C0990,T20092,507.0,2027-06-18
SHOP_001,C0772,T20093,782.0,2027-06-18
SHOP_001,C0226,T20094,964.0,2027-06-18
SHOP_001,C0199,T20095,447.0,2027-06-18
SHOP_001,C0039,T20096,627.0,2027-06-18
SHOP_001,C0805,T20097,587.0,2027-06-18
SHOP_001,C0647,T20098,755.0,2027-06-18
SHOP_001,C0176,T20099,869.0,2027-06-18
SHOP_001,C0472,T20100,704.0,2027-06-18
SHOP_001,C0718,T20101,742.0,2027-06-18
SHOP_001,C0254,T20102,392.0,2027-06-18
SHOP_001,C0809,T20103,592.0,2027-06-18
SHOP_001,C0339,T20104,445.0,2027-06-18
SHOP_001,C0724,T20105,354.0,2027-06-18
SHOP_001,C0030,T20106,646.0,2027-06-18
SHOP_001,C0512,T20107,727.0,2027-06-18
SHOP_001,C0227,T20108,428.0,2027-06-18
SHOP_001,C0261,T20109,668.0,2027-06-18
SHOP_001,C0809,T20110,885.0,2027-06-18
SHOP_001,C0227,T20111,570.0,2027-06-18
SHOP_001,C0459,T20112,943.0,2027-06-18
SHOP_001,C0739,T20113,1616.0,2027-06-18
SHOP_001,C0771,T20114,764.0,2027-06-18
SHOP_001,C0698,T20115,619.0,2027-06-18
SHOP_001,C0338,T20116,915.0,2027-06-18
SHOP_001,C0328,T20117,352.0,2027-06-18
SHOP_001,C0277,T20118,466.0,2027-06-18
SHOP_001,C0524,T20119,553.0,2027-06-18
SHOP_001,C0216,T20120,357.0,2027-06-18
SHOP_001,C0599,T20121,275.0,2027-06-18
SHOP_001,C0648,T20122,260.0,2027-06-18
SHOP_001,C0808,T20123,872.0,2027-06-18
SHOP_001,C0277,T20124,430.0,2027-06-18
SHOP_001,C0864,T20125,702.0,2027-06-19
SHOP_001,C0805,T20126,369.0,2027-06-19
SHOP_001,C0503,T20127,873.0,2027-06-19
SHOP_001,C0227,T20128,631.0,2027-06-19
SHOP_001,C0036,T20129,915.0,2027-06-19
SHOP_001,C0039,T20130,688.0,2027-06-19
SHOP_001,C0459,T20131,1190.0,2027-06-19
SHOP_001,C0831,T20132,719.0,2027-06-19
SHOP_001,C0872,T20133,396.0,2027-06-19
SHOP_001,C0014,T20134,936.0,2027-06-19
SHOP_001,C0490,T20135,325.0,2027-06-19
SHOP_001,C0818,T20136,410.0,2027-06-19
SHOP_001,C0490,T20137,591.0,2027-06-19
SHOP_001,C0768,T20138,592.0,2027-06-19
SHOP_001,C0012,T20139,1115.0,2027-06-19
SHOP_001,C0508,T20140,506.0,2027-06-19
SHOP_001,C0763,T20141,1184.0,2027-06-19
SHOP_001,C0242,T20142,1167.0,2027-06-19
SHOP_001,C0276,T20143,973.0,2027-06-19
SHOP_001,C0180,T20144,593.0,2027-06-19
SHOP_001,C0228,T20145,732.0,2027-06-19
SHOP_001,C0791,T20146,511.0,2027-06-19
SHOP_001,C0024,T20147,376.0,2027-06-19
SHOP_001,C0227,T20148,757.0,2027-06-19
SHOP_001,C0557,T20149,295.0,2027-06-19
SHOP_001,C0404,T20150,642.0,2027-06-19
SHOP_001,C0709,T20151,441.0,2027-06-19
SHOP_001,C0486,T20152,591.0,2027-06-19
SHOP_001,C0166,T20153,927.0,2027-06-19
SHOP_001,C0740,T20154,421.0,2027-06-19
SHOP_001,C0835,T20155,291.0,2027-06-19
SHOP_001,C0014,T20156,1079.0,2027-06-19
SHOP_001,C0353,T20157,964.0,2027-06-19
SHOP_001,C0181,T20158,436.0,2027-06-20
SHOP_001,C0539,T20159,840.0,2027-06-20
SHOP_001,C0435,T20160,1074.0,2027-06-20
SHOP_001,C0349,T20161,573.0,2027-06-20
SHOP_001,C0539,T20162,578.0,2027-06-20
SHOP_001,C0939,T20163,927.0,2027-06-20
SHOP_001,C0787,T20164,377.0,2027-06-20
SHOP_001,C0872,T20165,505.0,2027-06-20
SHOP_001,C0228,T20166,870.0,2027-06-20
SHOP_001,C0352,T20167,511.0,2027-06-20
SHOP_001,C0180,T20168,1038.0,2027-06-20
SHOP_001,C0671,T20169,703.0,2027-06-20
SHOP_001,C0741,T20170,412.0,2027-06-20
SHOP_001,C0525,T20171,1116.0,2027-06-20
SHOP_001,C0158,T20172,479.0,2027-06-20
SHOP_001,C0846,T20173,357.0,2027-06-20
SHOP_001,C0435,T20174,1167.0,2027-06-20
SHOP_001,C0940,T20175,453.0,2027-06-20
SHOP_001,C0174,T20176,617.0,2027-06-20
SHOP_001,C0763,T20177,754.0,2027-06-20
SHOP_001,C0140,T20178,566.0,2027-06-20
SHOP_001,C0122,T20179,509.0,2027-06-20
SHOP_001,C0014,T20180,882.0,2027-06-20
SHOP_001,C0478,T20181,889.0,2027-06-20
SHOP_001,C0855,T20182,581.0,2027-06-20
SHOP_001,C0401,T20183,906.0,2027-06-20
SHOP_001,C0285,T20184,279.0,2027-06-20
SHOP_001,C0713,T20185,1100.0,2027-06-20
SHOP_001,C0745,T20186,408.0,2027-06-20
SHOP_001,C0924,T20187,519.0,2027-06-20
SHOP_001,C0989,T20188,508.0,2027-06-20
SHOP_001,C0205,T20189,361.0,2027-06-20
SHOP_001,C0312,T20190,1033.0,2027-06-20
SHOP_001,C0610,T20191,1648.0,2027-06-20
SHOP_001,C0771,T20192,798.0,2027-06-20
SHOP_001,C0208,T20193,757.0,2027-06-20
SHOP_001,C0336,T20194,380.0,2027-06-20
SHOP_001,C0080,T20195,1130.0,2027-06-20
SHOP_001,C0705,T20196,610.0,2027-06-20
SHOP_001,C0198,T20197,756.0,2027-06-20
SHOP_001,C0990,T20198,504.0,2027-06-21
SHOP_001,C0513,T20199,642.0,2027-06-21
SHOP_001,C0997,T20200,685.0,2027-06-21
SHOP_001,C0097,T20201,714.0,2027-06-21
SHOP_001,C0031,T20202,278.0,2027-06-21
SHOP_001,C0515,T20203,718.0,2027-06-21
SHOP_001,C0693,T20204,565.0,2027-06-21
SHOP_001,C0273,T20205,657.0,2027-06-21
SHOP_001,C0493,T20206,432.0,2027-06-21
SHOP_001,C0227,T20207,417.0,2027-06-21
SHOP_001,C0651,T20208,471.0,2027-06-21
SHOP_001,C0227,T20209,672.0,2027-06-21
SHOP_001,C0694,T20210,1068.0,2027-06-21
SHOP_001,C0073,T20211,468.0,2027-06-21
SHOP_001,C0692,T20212,764.0,2027-06-21
SHOP_001,C0473,T20213,752.0,2027-06-21
SHOP_001,C0490,T20214,516.0,2027-06-21
SHOP_001,C0681,T20215,238.0,2027-06-21
SHOP_001,C0426,T20216,444.0,2027-06-21
SHOP_001,C0261,T20217,749.0,2027-06-21
SHOP_001,C0979,T20218,664.0,2027-06-21
SHOP_001,C0622,T20219,854.0,2027-06-21
SHOP_001,C0578,T20220,661.0,2027-06-21
SHOP_001,C0774,T20221,562.0,2027-06-22
SHOP_001,C0720,T20222,485.0,2027-06-22
SHOP_001,C0426,T20223,280.0,2027-06-22
SHOP_001,C0966,T20224,844.0,2027-06-22
SHOP_001,C0089,T20225,727.0,2027-06-22
SHOP_001,C0355,T20226,720.0,2027-06-22
SHOP_001,C0091,T20227,479.0,2027-06-22
SHOP_001,C0704,T20228,676.0,2027-06-22
SHOP_001,C0403,T20229,714.0,2027-06-22
SHOP_001,C0092,T20230,719.0,2027-06-22
SHOP_001,C0557,T20231,477.0,2027-06-22
SHOP_001,C0370,T20232,521.0,2027-06-22
SHOP_001,C0718,T20233,805.0,2027-06-22
SHOP_001,C0874,T20234,715.0,2027-06-22
SHOP_001,C0506,T20235,516.0,2027-06-22
SHOP_001,C0353,T20236,565.0,2027-06-22
SHOP_001,C0492,T20237,1040.0,2027-06-23
SHOP_001,C0919,T20238,685.0,2027-06-23
SHOP_001,C0618,T20239,401.0,2027-06-23
SHOP_001,C0568,T20240,419.0,2027-06-23
SHOP_001,C0183,T20241,1337.0,2027-06-23
SHOP_001,C0019,T20242,507.0,2027-06-23
SHOP_001,C0791,T20243,1046.0,2027-06-23
SHOP_001,C0768,T20244,852.0,2027-06-23
SHOP_001,C0144,T20245,633.0,2027-06-23
SHOP_001,C0636,T20246,1108.0,2027-06-23
SHOP_001,C0661,T20247,833.0,2027-06-23
SHOP_001,C0014,T20248,774.0,2027-06-23
SHOP_001,C0707,T20249,1218.0,2027-06-23
SHOP_001,C0220,T20250,396.0,2027-06-23
SHOP_001,C0308,T20251,783.0,2027-06-23
SHOP_001,C0718,T20252,946.0,2027-06-23
SHOP_001,C0901,T20253,375.0,2027-06-23
SHOP_001,C0990,T20254,500.0,2027-06-23
SHOP_001,C0294,T20255,773.0,2027-06-24
SHOP_001,C0305,T20256,647.0,2027-06-24
SHOP_001,C0683,T20257,438.0,2027-06-24
SHOP_001,C0036,T20258,548.0,2027-06-24
SHOP_001,C0180,T20259,470.0,2027-06-24
SHOP_001,C0143,T20260,358.0,2027-06-24
SHOP_001,C0785,T20261,380.0,2027-06-24
SHOP_001,C0084,T20262,929.0,2027-06-24
SHOP_001,C0197,T20263,408.0,2027-06-24
SHOP_001,C0409,T20264,361.0,2027-06-24
SHOP_001,C0873,T20265,941.0,2027-06-24
SHOP_001,C0458,T20266,374.0,2027-06-24
SHOP_001,C0213,T20267,488.0,2027-06-24
SHOP_001,C0241,T20268,546.0,2027-06-24
SHOP_001,C0919,T20269,593.0,2027-06-24
SHOP_001,C0948,T20270,571.0,2027-06-24
SHOP_001,C0492,T20271,843.0,2027-06-24
SHOP_001,C0201,T20272,581.0,2027-06-24
SHOP_001,C0208,T20273,502.0,2027-06-24
SHOP_001,C0681,T20274,204.0,2027-06-24
SHOP_001,C0248,T20275,484.0,2027-06-24
SHOP_001,C0338,T20276,353.0,2027-06-24
SHOP_001,C0344,T20277,365.0,2027-06-24
SHOP_001,C0158,T20278,313.0,2027-06-24
SHOP_001,C0426,T20279,303.0,2027-06-24
SHOP_001,C0579,T20280,511.0,2027-06-24
SHOP_001,C0509,T20281,743.0,2027-06-24
SHOP_001,C0190,T20282,614.0,2027-06-24
SHOP_001,C0768,T20283,799.0,2027-06-24
SHOP_001,C0031,T20284,383.0,2027-06-24
SHOP_001,C0249,T20285,357.0,2027-06-24
SHOP_001,C0693,T20286,506.0,2027-06-24
SHOP_001,C0762,T20287,723.0,2027-06-24
SHOP_001,C0140,T20288,457.0,2027-06-24
SHOP_001,C0530,T20289,427.0,2027-06-25
SHOP_001,C0809,T20290,362.0,2027-06-25
SHOP_001,C0556,T20291,749.0,2027-06-25
SHOP_001,C0809,T20292,497.0,2027-06-25
SHOP_001,C0423,T20293,295.0,2027-06-25
SHOP_001,C0648,T20294,283.0,2027-06-25
SHOP_001,C0809,T20295,812.0,2027-06-25
SHOP_001,C0029,T20296,1101.0,2027-06-25
SHOP_001,C0567,T20297,698.0,2027-06-25
SHOP_001,C0352,T20298,1126.0,2027-06-25
SHOP_001,C0105,T20299,678.0,2027-06-25
SHOP_001,C0396,T20300,512.0,2027-06-25
SHOP_001,C0591,T20301,709.0,2027-06-25
SHOP_001,C0076,T20302,665.0,2027-06-25
SHOP_001,C0679,T20303,679.0,2027-06-25
SHOP_001,C0084,T20304,1122.0,2027-06-25
SHOP_001,C0847,T20305,441.0,2027-06-25
SHOP_001,C0242,T20306,1244.0,2027-06-25
SHOP_001,C0656,T20307,969.0,2027-06-25
SHOP_001,C0746,T20308,588.0,2027-06-25
SHOP_001,C0341,T20309,1375.0,2027-06-26
SHOP_001,C0498,T20310,846.0,2027-06-26
SHOP_001,C0831,T20311,1042.0,2027-06-26
SHOP_001,C0036,T20312,726.0,2027-06-26
SHOP_001,C0498,T20313,641.0,2027-06-26
SHOP_001,C0831,T20314,951.0,2027-06-26
SHOP_001,C0035,T20315,416.0,2027-06-26
SHOP_001,C0202,T20316,510.0,2027-06-26
SHOP_001,C0049,T20317,494.0,2027-06-26
SHOP_001,C0172,T20318,632.0,2027-06-26
SHOP_001,C0183,T20319,900.0,2027-06-26
SHOP_001,C0948,T20320,633.0,2027-06-26
SHOP_001,C0426,T20321,603.0,2027-06-26
SHOP_001,C0882,T20322,317.0,2027-06-26
SHOP_001,C0784,T20323,932.0,2027-06-26
SHOP_001,C0352,T20324,484.0,2027-06-26
SHOP_001,C0409,T20325,546.0,2027-06-26
SHOP_001,C0578,T20326,627.0,2027-06-26
SHOP_001,C0768,T20327,753.0,2027-06-26
SHOP_001,C0473,T20328,334.0,2027-06-26
SHOP_001,C0993,T20329,856.0,2027-06-26
SHOP_001,C0236,T20330,774.0,2027-06-26
SHOP_001,C0158,T20331,1058.0,2027-06-26
SHOP_001,C0693,T20332,674.0,2027-06-26
SHOP_001,C0505,T20333,522.0,2027-06-26
SHOP_001,C0456,T20334,298.0,2027-06-26
SHOP_001,C0078,T20335,361.0,2027-06-26
SHOP_001,C0900,T20336,633.0,2027-06-26
SHOP_001,C0157,T20337,444.0,2027-06-26
SHOP_001,C0248,T20338,764.0,2027-06-26
SHOP_001,C0716,T20339,779.0,2027-06-26
SHOP_001,C0782,T20340,484.0,2027-06-26
SHOP_001,C0087,T20341,966.0,2027-06-26
SHOP_001,C0142,T20342,526.0,2027-06-26
SHOP_001,C0126,T20343,497.0,2027-06-26
SHOP_001,C0468,T20344,1479.0,2027-06-26
SHOP_001,C0848,T20345,632.0,2027-06-26
SHOP_001,C0087,T20346,503.0,2027-06-26
SHOP_001,C0478,T20347,645.0,2027-06-26
SHOP_001,C0727,T20348,834.0,2027-06-26
SHOP_001,C0966,T20349,496.0,2027-06-26
SHOP_001,C0757,T20350,587.0,2027-06-26
SHOP_001,C0805,T20351,422.0,2027-06-27
SHOP_001,C0367,T20352,658.0,2027-06-27
SHOP_001,C0426,T20353,382.0,2027-06-27
SHOP_001,C0701,T20354,804.0,2027-06-27
SHOP_001,C0878,T20355,621.0,2027-06-27
SHOP_001,C0143,T20356,227.0,2027-06-27
SHOP_001,C0620,T20357,365.0,2027-06-27
SHOP_001,C0276,T20358,554.0,2027-06-27
SHOP_001,C0144,T20359,814.0,2027-06-27
SHOP_001,C0784,T20360,589.0,2027-06-27
SHOP_001,C0371,T20361,512.0,2027-06-27
SHOP_001,C0188,T20362,641.0,2027-06-27
SHOP_001,C0374,T20363,614.0,2027-06-27
SHOP_001,C0466,T20364,1150.0,2027-06-27
SHOP_001,C0957,T20365,593.0,2027-06-27
SHOP_001,C0601,T20366,295.0,2027-06-27
SHOP_001,C0594,T20367,702.0,2027-06-27
SHOP_001,C0030,T20368,618.0,2027-06-27
SHOP_001,C0569,T20369,436.0,2027-06-27
SHOP_001,C0562,T20370,1314.0,2027-06-27
SHOP_001,C0713,T20371,1290.0,2027-06-27
SHOP_001,C0977,T20372,738.0,2027-06-27
SHOP_001,C0586,T20373,622.0,2027-06-27
SHOP_001,C0087,T20374,559.0,2027-06-27
SHOP_001,C0838,T20375,1116.0,2027-06-27
SHOP_001,C0030,T20376,412.0,2027-06-27
SHOP_001,C0707,T20377,616.0,2027-06-27
SHOP_001,C0084,T20378,1140.0,2027-06-27
SHOP_001,C0723,T20379,749.0,2027-06-27
SHOP_001,C0490,T20380,651.0,2027-06-27
SHOP_001,C0438,T20381,442.0,2027-06-27
SHOP_001,C0966,T20382,994.0,2027-06-27
SHOP_001,C0876,T20383,605.0,2027-06-27
SHOP_001,C0552,T20384,631.0,2027-06-27
SHOP_001,C0248,T20385,584.0,2027-06-27
SHOP_001,C0548,T20386,874.0,2027-06-27
SHOP_001,C0188,T20387,436.0,2027-06-27
SHOP_001,C0097,T20388,660.0,2027-06-27
SHOP_001,C0924,T20389,454.0,2027-06-27
SHOP_001,C0901,T20390,310.0,2027-06-27
SHOP_001,C0690,T20391,869.0,2027-06-27
SHOP_001,C0408,T20392,757.0,2027-06-27
SHOP_001,C0728,T20393,767.0,2027-06-27
SHOP_001,C0987,T20394,826.0,2027-06-27
SHOP_001,C0066,T20395,579.0,2027-06-28
SHOP_001,C0681,T20396,259.0,2027-06-28
SHOP_001,C0213,T20397,375.0,2027-06-28
SHOP_001,C0218,T20398,699.0,2027-06-28
SHOP_001,C0716,T20399,462.0,2027-06-28
SHOP_001,C0923,T20400,1242.0,2027-06-28
SHOP_001,C0263,T20401,807.0,2027-06-28
SHOP_001,C0997,T20402,571.0,2027-06-28
SHOP_001,C0374,T20403,543.0,2027-06-28
SHOP_001,C0456,T20404,362.0,2027-06-28
SHOP_001,C0544,T20405,269.0,2027-06-28
SHOP_001,C0307,T20406,966.0,2027-06-28
SHOP_001,C0427,T20407,1038.0,2027-06-28
SHOP_001,C0150,T20408,415.0,2027-06-28
SHOP_001,C0030,T20409,418.0,2027-06-28
SHOP_001,C0466,T20410,1005.0,2027-06-28
SHOP_001,C0205,T20411,862.0,2027-06-28
SHOP_001,C0346,T20412,651.0,2027-06-28
SHOP_001,C0535,T20413,679.0,2027-06-28
SHOP_001,C0031,T20414,465.0,2027-06-28
SHOP_001,C0255,T20415,507.0,2027-06-28
SHOP_001,C0221,T20416,596.0,2027-06-28
SHOP_001,C0862,T20417,496.0,2027-06-28
SHOP_001,C0724,T20418,507.0,2027-06-28
SHOP_001,C0399,T20419,642.0,2027-06-28
SHOP_001,C0066,T20420,690.0,2027-06-29
SHOP_001,C0032,T20421,407.0,2027-06-29
SHOP_001,C0392,T20422,603.0,2027-06-29
SHOP_001,C0847,T20423,461.0,2027-06-29
SHOP_001,C0066,T20424,691.0,2027-06-29
SHOP_001,C0686,T20425,481.0,2027-06-29
SHOP_001,C0897,T20426,626.0,2027-06-29
SHOP_001,C0659,T20427,575.0,2027-06-29
SHOP_001,C0295,T20428,451.0,2027-06-29
SHOP_001,C0498,T20429,760.0,2027-06-29
SHOP_001,C0539,T20430,482.0,2027-06-29
SHOP_001,C0839,T20431,540.0,2027-06-29
SHOP_001,C0681,T20432,443.0,2027-06-29
SHOP_001,C0073,T20433,599.0,2027-06-29
SHOP_001,C0224,T20434,901.0,2027-06-29
SHOP_001,C0967,T20435,466.0,2027-06-29
SHOP_001,C0220,T20436,745.0,2027-06-29
SHOP_001,C0997,T20437,532.0,2027-06-30
SHOP_001,C0610,T20438,783.0,2027-06-30
SHOP_001,C0805,T20439,537.0,2027-06-30
SHOP_001,C0803,T20440,289.0,2027-06-30
SHOP_001,C0084,T20441,769.0,2027-06-30
SHOP_001,C0317,T20442,524.0,2027-06-30
SHOP_001,C0066,T20443,736.0,2027-06-30
SHOP_001,C0777,T20444,320.0,2027-06-30
SHOP_001,C0509,T20445,565.0,2027-06-30
SHOP_001,C0254,T20446,328.0,2027-06-30
SHOP_001,C0835,T20447,441.0,2027-06-30
SHOP_001,C0490,T20448,439.0,2027-06-30
SHOP_001,C0277,T20449,409.0,2027-06-30
SHOP_001,C0613,T20450,453.0,2027-06-30
SHOP_001,C0322,T20451,502.0,2027-06-30
SHOP_001,C0854,T20452,490.0,2027-06-30
SHOP_001,C0277,T20453,688.0,2027-06-30
SHOP_001,C0197,T20454,636.0,2027-06-30
SHOP_001,C0105,T20455,1014.0,2027-06-30
SHOP_001,C0295,T20456,563.0,2027-06-30
SHOP_001,C0787,T20457,433.0,2027-06-30
SHOP_001,C0670,T20458,721.0,2027-06-30
SHOP_001,C0235,T20459,562.0,2027-06-30
SHOP_001,C0741,T20460,384.0,2027-06-30
SHOP_001,C0945,T20461,385.0,2027-06-30
SHOP_001,C0741,T20462,421.0,2027-06-30
SHOP_001,C0549,T20463,962.0,2027-06-30
SHOP_001,C0831,T20464,797.0,2027-06-30
SHOP_001,C0901,T20465,479.0,2027-06-30
SHOP_001,C0580,T20466,591.0,2027-06-30
SHOP_001,C0386,T20467,953.0,2027-06-30
SHOP_001,C0375,T20468,603.0,2027-06-30
SHOP_001,C0849,T20469,1044.0,2027-06-30
SHOP_001,C0139,T20470,427.0,2027-06-30
SHOP_001,C0181,T20471,520.0,2027-06-30
SHOP_001,C0687,T20472,517.0,2027-06-30
SHOP_001,C0019,T20473,660.0,2027-07-01
SHOP_001,C0466,T20474,976.0,2027-07-01
SHOP_001,C0979,T20475,657.0,2027-07-01
SHOP_001,C0296,T20476,620.0,2027-07-01
SHOP_001,C0492,T20477,624.0,2027-07-01
SHOP_001,C0343,T20478,184.0,2027-07-01
SHOP_001,C0080,T20479,500.0,2027-07-01
SHOP_001,C0087,T20480,568.0,2027-07-01
SHOP_001,C0657,T20481,907.0,2027-07-01
SHOP_001,C0729,T20482,515.0,2027-07-01
SHOP_001,C0768,T20483,612.0,2027-07-01
SHOP_001,C0621,T20484,457.0,2027-07-01
SHOP_001,C0427,T20485,700.0,2027-07-01
SHOP_001,C0135,T20486,440.0,2027-07-01
SHOP_001,C0891,T20487,879.0,2027-07-01
SHOP_001,C0311,T20488,317.0,2027-07-01
SHOP_001,C0793,T20489,158.0,2027-07-01
SHOP_001,C0541,T20490,392.0,2027-07-01
SHOP_001,C0681,T20491,598.0,2027-07-01
SHOP_001,C0568,T20492,416.0,2027-07-01
SHOP_001,C0202,T20493,346.0,2027-07-01
SHOP_001,C0241,T20494,481.0,2027-07-01
SHOP_001,C0372,T20495,642.0,2027-07-01
SHOP_001,C0831,T20496,618.0,2027-07-01
SHOP_001,C0485,T20497,526.0,2027-07-01
SHOP_001,C0793,T20498,423.0,2027-07-01
SHOP_001,C0809,T20499,601.0,2027-07-01
SHOP_001,C0439,T20500,677.0,2027-07-01
SHOP_001,C0771,T20501,570.0,2027-07-02
SHOP_001,C0216,T20502,455.0,2027-07-02
SHOP_001,C0493,T20503,697.0,2027-07-02
SHOP_001,C0097,T20504,717.0,2027-07-02
SHOP_001,C0486,T20505,674.0,2027-07-02
SHOP_001,C0557,T20506,623.0,2027-07-02
SHOP_001,C0872,T20507,719.0,2027-07-02
SHOP_001,C0943,T20508,337.0,2027-07-02
SHOP_001,C0629,T20509,427.0,2027-07-02
SHOP_001,C0731,T20510,681.0,2027-07-02
SHOP_001,C0498,T20511,1250.0,2027-07-02
SHOP_001,C0330,T20512,232.0,2027-07-02
SHOP_001,C0996,T20513,959.0,2027-07-02
SHOP_001,C0874,T20514,422.0,2027-07-02
SHOP_001,C0694,T20515,1064.0,2027-07-02
SHOP_001,C0908,T20516,527.0,2027-07-02
SHOP_001,C0524,T20517,360.0,2027-07-02
SHOP_001,C0686,T20518,590.0,2027-07-02
SHOP_001,C0341,T20519,955.0,2027-07-02
SHOP_001,C0150,T20520,531.0,2027-07-02
SHOP_001,C0768,T20521,1397.0,2027-07-02
SHOP_001,C0202,T20522,801.0,2027-07-02
SHOP_001,C0949,T20523,536.0,2027-07-02
SHOP_001,C0019,T20524,902.0,2027-07-02
SHOP_001,C0476,T20525,353.0,2027-07-02
SHOP_001,C0224,T20526,802.0,2027-07-02
SHOP_001,C0636,T20527,487.0,2027-07-02
SHOP_001,C0322,T20528,1107.0,2027-07-02
SHOP_001,C0468,T20529,615.0,2027-07-03
SHOP_001,C0681,T20530,518.0,2027-07-03
SHOP_001,C0109,T20531,563.0,2027-07-03
SHOP_001,C0353,T20532,478.0,2027-07-03
SHOP_001,C0494,T20533,758.0,2027-07-03
SHOP_001,C0754,T20534,689.0,2027-07-03
SHOP_001,C0250,T20535,290.0,2027-07-03
SHOP_001,C0246,T20536,538.0,2027-07-03
SHOP_001,C0935,T20537,241.0,2027-07-03
SHOP_001,C0139,T20538,247.0,2027-07-03
SHOP_001,C0960,T20539,684.0,2027-07-03
SHOP_001,C0780,T20540,1033.0,2027-07-03
SHOP_001,C0153,T20541,1021.0,2027-07-03
SHOP_001,C0738,T20542,760.0,2027-07-03
SHOP_001,C0475,T20543,835.0,2027-07-03
SHOP_001,C0090,T20544,630.0,2027-07-03
SHOP_001,C0548,T20545,857.0,2027-07-03
SHOP_001,C0084,T20546,851.0,2027-07-03
SHOP_001,C0714,T20547,272.0,2027-07-03
SHOP_001,C0676,T20548,318.0,2027-07-03
SHOP_001,C0456,T20549,504.0,2027-07-03
SHOP_001,C0304,T20550,467.0,2027-07-03
SHOP_001,C0242,T20551,874.0,2027-07-03
SHOP_001,C0651,T20552,567.0,2027-07-03
SHOP_001,C0873,T20553,694.0,2027-07-03
SHOP_001,C0767,T20554,462.0,2027-07-03
SHOP_001,C0019,T20555,687.0,2027-07-03
SHOP_001,C0848,T20556,913.0,2027-07-03
SHOP_001,C0036,T20557,787.0,2027-07-03
SHOP_001,C0102,T20558,1424.0,2027-07-03
SHOP_001,C0703,T20559,551.0,2027-07-03
SHOP_001,C0174,T20560,745.0,2027-07-03
SHOP_001,C0724,T20561,544.0,2027-07-03
SHOP_001,C0677,T20562,902.0,2027-07-03
SHOP_001,C0220,T20563,691.0,2027-07-03
SHOP_001,C0557,T20564,436.0,2027-07-03
SHOP_001,C0725,T20565,573.0,2027-07-03
SHOP_001,C0144,T20566,621.0,2027-07-04
SHOP_001,C0855,T20567,349.0,2027-07-04
SHOP_001,C0593,T20568,633.0,2027-07-04
SHOP_001,C0512,T20569,1059.0,2027-07-04
SHOP_001,C0610,T20570,942.0,2027-07-04
SHOP_001,C0174,T20571,948.0,2027-07-04
SHOP_001,C0634,T20572,1200.0,2027-07-04
SHOP_001,C0613,T20573,387.0,2027-07-04
SHOP_001,C0791,T20574,689.0,2027-07-04
SHOP_001,C0202,T20575,684.0,2027-07-04
SHOP_001,C0242,T20576,700.0,2027-07-04
SHOP_001,C0509,T20577,453.0,2027-07-04
SHOP_001,C0396,T20578,536.0,2027-07-04
SHOP_001,C0586,T20579,819.0,2027-07-04
SHOP_001,C0042,T20580,404.0,2027-07-04
SHOP_001,C0097,T20581,1173.0,2027-07-04
SHOP_001,C0881,T20582,383.0,2027-07-04
SHOP_001,C0901,T20583,642.0,2027-07-04
SHOP_001,C0821,T20584,403.0,2027-07-04
SHOP_001,C0898,T20585,561.0,2027-07-04
SHOP_001,C0464,T20586,679.0,2027-07-04
SHOP_001,C0493,T20587,908.0,2027-07-04
SHOP_001,C0486,T20588,1017.0,2027-07-04
SHOP_001,C0435,T20589,899.0,2027-07-04
SHOP_001,C0305,T20590,1069.0,2027-07-04
SHOP_001,C0142,T20591,501.0,2027-07-04
SHOP_001,C0754,T20592,690.0,2027-07-04
SHOP_001,C0854,T20593,540.0,2027-07-04
SHOP_001,C0466,T20594,942.0,2027-07-04
SHOP_001,C0071,T20595,556.0,2027-07-04
SHOP_001,C0247,T20596,541.0,2027-07-04
